Var1,sriskv2_mean,srisk_mean,srisk_not_floored_mean
03-Jan-2019,0,0,0
04-Jan-2019,0,0,0
07-Jan-2019,0,0,0
08-Jan-2019,0,0,0
09-Jan-2019,0,0,0
10-Jan-2019,0,0,0
11-Jan-2019,0,0,0
14-Jan-2019,0,0,0
15-Jan-2019,0,0,0
16-Jan-2019,0,0,0
17-Jan-2019,0,0,0
18-Jan-2019,0,0,0
21-Jan-2019,0,0,0
22-Jan-2019,0,0,0
23-Jan-2019,0,0,0
24-Jan-2019,0,0,0
25-Jan-2019,0,0,0
28-Jan-2019,0,0,0
29-Jan-2019,0,0,0
30-Jan-2019,0,0,0
11-Feb-2019,0,0,0
12-Feb-2019,0,0,0
13-Feb-2019,0,0,0
14-Feb-2019,0,0,0
15-Feb-2019,0,0,0
18-Feb-2019,0,0,0
19-Feb-2019,0,0,0
20-Feb-2019,0,0,0
21-Feb-2019,0,0,0
22-Feb-2019,0,0,0
25-Feb-2019,1899.69331052271,1741.84185777746,NaN
26-Feb-2019,2086.03494734486,1848.88533337767,NaN
27-Feb-2019,2114.55383069682,2019.34236920105,NaN
04-Mar-2019,1812.83346200551,1650.66687719479,NaN
05-Mar-2019,2015.21263036825,1749.70749273628,NaN
06-Mar-2019,2165.4263071442,2009.54962247805,NaN
07-Mar-2019,2335.47940129783,2247.18829407441,NaN
08-Mar-2019,2565.22141213582,2328.9383486745,NaN
11-Mar-2019,2644.89274173868,2462.77136236234,NaN
12-Mar-2019,2301.56961969627,2068.96301248277,NaN
13-Mar-2019,2788.48581540772,2673.63522392944,NaN
14-Mar-2019,2720.80817146269,2617.05108858296,NaN
15-Mar-2019,2692.94083504486,2553.8672305588,NaN
18-Mar-2019,2557.25873624364,2442.1528115327,NaN
19-Mar-2019,2738.81829100328,2700.00633302056,NaN
20-Mar-2019,2725.73434418173,2696.672454015,NaN
21-Mar-2019,2863.74564339552,2843.24829928041,NaN
22-Mar-2019,2810.46815620007,2773.11763246109,NaN
25-Mar-2019,3181.32687763704,3134.73304608121,NaN
26-Mar-2019,3293.36195436706,3292.59914018217,NaN
27-Mar-2019,3132.41532558959,3124.75905036674,NaN
28-Mar-2019,3277.63208591858,3256.9812122924,NaN
29-Mar-2019,3133.45397351909,3094.95777457898,NaN
01-Apr-2019,3263.64215840257,3243.12761098726,20.6196720081304
02-Apr-2019,2938.25964285706,2930.7748894788,-329.355787879
03-Apr-2019,3281.64061654118,3275.46134865568,38.3760368522193
08-Apr-2019,2757.8092817705,2736.70290875422,-574.366913864723
09-Apr-2019,2620.57979096219,2608.08288677554,-703.201518182279
10-Apr-2019,3010.62589027207,3002.9213361524,-258.537413801151
11-Apr-2019,3184.67725729074,3168.5220026198,-48.0453978361671
12-Apr-2019,2937.20944839354,2931.96432722599,-336.213405308658
15-Apr-2019,2930.90237956999,2926.73958499454,-312.965091985881
16-Apr-2019,2194.82757185166,2077.99977035736,-1203.20280140867
17-Apr-2019,2501.72390326393,2469.32308922879,-801.202394308813
18-Apr-2019,2499.67834507739,2434.66105147988,-839.583272453229
19-Apr-2019,2479.86126848826,2330.03966340588,-950.66014079964
22-Apr-2019,2727.10666744054,2702.61979468871,-515.649046009292
23-Apr-2019,2886.46115268248,2829.40275243142,-380.006540958209
24-Apr-2019,2671.05792238474,2568.85643256144,-699.44418474669
25-Apr-2019,2907.62889646294,2899.4943208604,-337.055202243188
26-Apr-2019,3176.95922494869,3168.2515551145,-7.24356484770418
29-Apr-2019,3012.63972802145,2977.83469749614,-228.781342381316
30-Apr-2019,2905.55549956162,2880.13865630676,-307.205858263719
06-May-2019,3209.15420346701,3186.42716385475,37.0259510421671
07-May-2019,3167.64977819258,3162.33265473452,-13.4096295344129
08-May-2019,3458.31625768612,3452.04251277152,346.613344817273
09-May-2019,3497.51818131568,3492.2693581259,387.975524660831
10-May-2019,3602.70426007398,3589.46936490369,513.419485636485
13-May-2019,3552.14854298069,3549.33898016435,436.061020575388
14-May-2019,3740.81802081449,3735.3958543006,669.025778656498
15-May-2019,3730.75479898661,3726.75806821242,610.679812107446
16-May-2019,3652.30506049792,3651.28101197148,537.550998981894
17-May-2019,3621.46086307826,3619.02313451241,517.992946694966
20-May-2019,3615.23950628102,3606.53392975752,496.781788569578
21-May-2019,3514.87792246571,3512.66924557738,380.918846308109
22-May-2019,3653.20787048085,3643.80283619989,558.410591547179
23-May-2019,3681.44167683046,3671.44415590543,598.918941982723
24-May-2019,3754.71593274675,3751.84973789122,664.686264077211
27-May-2019,3712.5663150404,3707.97793804532,618.824411088719
28-May-2019,3639.14046783799,3630.16913253896,489.35662487842
29-May-2019,3763.32290863854,3760.95496171005,642.39820944485
30-May-2019,3872.73377350961,3867.53068876038,811.271122026302
31-May-2019,3782.28878963805,3777.27651130089,655.540604771993
03-Jun-2019,3609.45549694183,3592.87943529136,465.16946562316
04-Jun-2019,3586.01438287674,3580.16342574975,465.201197290871
05-Jun-2019,3904.64756419902,3902.33707806945,838.80165961211
06-Jun-2019,3834.93362823031,3832.98806111394,776.829116638424
10-Jun-2019,3589.95818299104,3586.83579676346,431.711853377762
11-Jun-2019,3530.07678360218,3528.49551955942,382.108855516977
12-Jun-2019,3645.35093057994,3643.46398500863,524.528143230773
13-Jun-2019,3770.1935264389,3763.34506885562,671.323710346024
14-Jun-2019,3444.04977668709,3432.04287003158,287.273291431169
17-Jun-2019,3514.35797822969,3512.31487947467,371.301236096622
18-Jun-2019,3601.57208511267,3597.56003718068,460.533873558916
19-Jun-2019,3576.04207669671,3575.27127405066,408.087613852645
20-Jun-2019,3381.17289670618,3378.937371782,132.365368999263
21-Jun-2019,3590.37672403241,3588.71959921457,414.189877768711
24-Jun-2019,3338.4426514015,3328.65765657766,116.270644365177
25-Jun-2019,3568.55669882235,3567.26416729053,412.865845300304
26-Jun-2019,3526.37010549995,3508.92970192734,365.662009809985
27-Jun-2019,3419.82609234044,3405.65500319882,222.134132249304
28-Jun-2019,3463.13600231963,3462.73032003204,295.54627535498
01-Jul-2019,3071.37956538325,2998.46684248053,-149.457848492607
02-Jul-2019,3210.80273500513,3206.76902231349,88.223635776093
03-Jul-2019,3236.37436938813,3215.54525239535,97.1523780728641
04-Jul-2019,3298.56048316878,3293.58831984507,182.292309876873
05-Jul-2019,3316.33515596341,3310.10753032977,179.245132784701
08-Jul-2019,3593.09417359434,3592.07123161781,541.548838490956
09-Jul-2019,3647.51339414561,3646.17197076701,583.493666150887
10-Jul-2019,3725.77400124094,3723.96066601282,700.52072108943
11-Jul-2019,3674.42457363712,3650.41960589684,613.302418107026
12-Jul-2019,3522.88742806829,3521.2574660847,453.637258554728
15-Jul-2019,3514.40251464195,3512.29984347572,439.208935517769
16-Jul-2019,3544.51787378202,3544.07550051592,458.690867276277
17-Jul-2019,3611.41228124985,3610.74381978304,509.711861393191
18-Jul-2019,3398.46186150391,3389.54005369845,282.151302182487
19-Jul-2019,3347.70025214701,3307.4273552605,176.569489995862
22-Jul-2019,3718.90149584102,3716.40807488304,623.740075530378
23-Jul-2019,3604.82645993476,3603.16639540409,528.288724520604
24-Jul-2019,3602.31529154745,3600.15137570199,508.893898466075
25-Jul-2019,3553.05293457679,3552.27276434211,459.772190666439
26-Jul-2019,3658.43294884618,3656.75346422559,572.980342184816
29-Jul-2019,3519.5335570399,3515.78890056286,422.842063499856
30-Jul-2019,3479.0190523112,3476.68724860635,364.063710123635
31-Jul-2019,3617.1503352708,3609.84176726037,523.181644467991
01-Aug-2019,3631.03531362606,3629.59942049757,541.097828950738
02-Aug-2019,3864.48885495739,3861.39483012828,858.075905338453
05-Aug-2019,4209.32401246807,4205.10874353915,1258.79526275058
06-Aug-2019,4175.4596042797,4171.16652241228,1219.52111861121
07-Aug-2019,4077.37805874953,4074.77427896539,1099.91390066472
08-Aug-2019,4150.63105490815,4147.8817410276,1165.66351911729
12-Aug-2019,4114.77614150407,4111.67986599027,1137.41877023463
13-Aug-2019,4233.90103979421,4227.65820102719,1281.26913950363
14-Aug-2019,4149.31032496905,4146.00473970131,1175.99398330777
15-Aug-2019,4069.38626614584,4066.44797193086,1064.20392928447
16-Aug-2019,4082.26767715348,4078.52280211301,1066.81418520241
19-Aug-2019,4183.12838303734,4180.50259864299,1197.8951523145
20-Aug-2019,4178.56983309064,4175.4916565782,1190.40574550828
21-Aug-2019,4234.42642372975,4231.6332214007,1259.34498651954
22-Aug-2019,4127.91434971311,4124.17420760117,1111.31441481493
23-Aug-2019,4228.47531122872,4224.33848771235,1230.12033445604
26-Aug-2019,4414.31242282418,4410.52552247872,1491.37120102623
27-Aug-2019,4359.22272711624,4354.53448087622,1415.38824612698
28-Aug-2019,4259.52316119392,4256.27163266942,1278.89871341759
29-Aug-2019,4455.32245004311,4453.32619296044,1560.01412689362
30-Aug-2019,4236.82242901496,4232.62351862884,1270.02698335281
02-Sep-2019,4340.44552844497,4337.01952295666,1415.13487433829
03-Sep-2019,4375.35852571854,4372.61947270536,1440.88574582101
04-Sep-2019,4059.30498936672,4058.11649979666,1066.70189764547
05-Sep-2019,4092.20852171336,4089.04106930818,1078.6574966995
06-Sep-2019,3985.95735090961,3984.32418827718,956.219671563263
09-Sep-2019,4038.08794649935,4035.90570161263,1007.63308209793
10-Sep-2019,4120.768002209,4118.82299626565,1132.96607175989
11-Sep-2019,3863.17079898569,3861.06901576835,847.896428243966
12-Sep-2019,3967.19161555465,3965.35238077225,956.893994647169
16-Sep-2019,3849.64239964439,3847.53647991089,814.277266542995
17-Sep-2019,3958.77310517786,3956.27968804491,961.894127912337
18-Sep-2019,3993.2339036504,3991.32768230236,1010.59541503262
19-Sep-2019,4007.77545992433,4005.33455995163,1011.76349112355
20-Sep-2019,4038.371287589,4036.38717646305,1057.4516545106
23-Sep-2019,4076.55737792703,4073.7185345803,1118.26590503354
24-Sep-2019,4093.8842288036,4091.31852641319,1149.70920545377
25-Sep-2019,4026.17670771126,4023.73587831096,1059.10717971743
26-Sep-2019,3995.86971863988,3993.9882744183,980.70724096694
27-Sep-2019,4110.05787598932,4105.73070284109,1136.34353562737
08-Oct-2019,4562.42337681549,4560.27892576378,1494.73921975244
09-Oct-2019,4420.09055832973,4406.62529876396,1307.67277031234
14-Oct-2019,4089.97358931222,4088.47107820419,905.407728758341
15-Oct-2019,4078.66397248857,4066.56229277228,904.918083349924
16-Oct-2019,4085.83085545916,4082.31329624445,904.82153393824
17-Oct-2019,4192.52835535117,4190.580135367,1037.37108479001
18-Oct-2019,4237.66698849796,4233.14701721081,1103.95823504978
21-Oct-2019,4159.94494107405,4157.30700027383,1015.34767114026
22-Oct-2019,4074.28821548827,4070.34474111159,920.62859938857
23-Oct-2019,3952.6956243636,3925.16820572815,765.943344127556
24-Oct-2019,3998.63012858223,3996.27505692227,803.38572169981
25-Oct-2019,3909.43812223825,3899.41739359556,707.365922564605
28-Oct-2019,3903.0468410959,3899.39554176229,694.255682390314
29-Oct-2019,4193.08418259328,4191.8999152388,1105.66194596472
30-Oct-2019,4012.897098106,4006.7089641283,911.162900373133
31-Oct-2019,4016.90833529619,4011.52026724276,932.05093913509
01-Nov-2019,3978.68571630807,3972.29735402441,836.241327154194
04-Nov-2019,3876.40901412938,3873.35717482307,725.136750846707
05-Nov-2019,3826.37377296562,3822.73227031864,650.355626744911
06-Nov-2019,3965.36516829151,3963.16847906465,814.703995765949
07-Nov-2019,3984.01153057676,3979.83692061776,850.878939770809
08-Nov-2019,3850.60640337944,3839.51706107914,681.096850024969
11-Nov-2019,4113.51614868427,4112.56521036713,954.949385305319
12-Nov-2019,4135.23163009201,4131.50136361909,1029.5606748627
13-Nov-2019,4265.81387805816,4262.2447363965,1172.12648186126
14-Nov-2019,4230.76841900584,4227.22361721611,1145.43859491109
15-Nov-2019,4307.03535683806,4302.43547780025,1224.23933641306
18-Nov-2019,4191.61940238306,4188.24639817091,1053.93906403866
19-Nov-2019,4124.3396833474,4121.87085583084,997.883263130922
20-Nov-2019,4170.95241230846,4168.493947207,1070.55561566128
21-Nov-2019,4168.1364006413,4165.14353057786,1057.3694510263
22-Nov-2019,4057.29802972721,4044.60454433842,950.498981321134
25-Nov-2019,4049.61699488451,4046.30281966402,918.633828095381
26-Nov-2019,4255.4565304626,4252.86749260422,1303.34690893149
27-Nov-2019,4191.65507281972,4184.69099213236,1231.45119021141
28-Nov-2019,4209.38961639644,4208.04184064199,1232.47187567461
29-Nov-2019,4406.65226830052,4403.04982741051,1466.11314097256
02-Dec-2019,4284.34611522035,4282.86219120669,1323.45425784951
03-Dec-2019,4362.02035919553,4359.89296364886,1407.04862368874
04-Dec-2019,4367.89491897573,4367.04094211909,1398.01827726437
05-Dec-2019,4341.60580372883,4339.0486129509,1375.80347138961
06-Dec-2019,4233.77429884079,4232.16049572103,1231.41778231506
09-Dec-2019,4302.01863451189,4299.87792016103,1332.62124041171
10-Dec-2019,4720.85838418951,4718.21650848897,2427.94468050682
11-Dec-2019,4637.10009668575,4634.21860280839,2344.03771803395
12-Dec-2019,4519.3152368864,4517.44249491887,2173.68316413628
13-Dec-2019,4414.86561675608,4413.12228357814,2058.67336197326
16-Dec-2019,4356.0738633073,4352.96222114013,1971.51717195382
17-Dec-2019,4249.6417787712,4248.02638350902,1856.64920196438
18-Dec-2019,4261.72239594808,4259.81320468208,1855.80523688826
19-Dec-2019,4199.72054711362,4198.29575149685,1775.848571473
20-Dec-2019,4233.21241823882,4229.99399261102,1821.99474614306
23-Dec-2019,4266.02586693908,4260.19501749159,1851.24928197285
24-Dec-2019,4248.42603720106,4247.85764459089,1838.51569139928
25-Dec-2019,4147.33296424024,4140.68493879976,1712.15029082273
26-Dec-2019,4277.14010047769,4276.23927805558,1886.64396802881
27-Dec-2019,4131.45738095833,4129.56634312843,1705.50800112036
30-Dec-2019,4311.48908720414,4309.43417977863,1914.92456591702
31-Dec-2019,4228.763883605,4228.42592166769,1821.5864410437
02-Jan-2020,4623.8230720933,4620.72335364121,2117.73358374297
03-Jan-2020,4637.28103976958,4634.10186806318,2107.92293375291
06-Jan-2020,4701.2289217501,4698.53904571756,2196.27850350812
07-Jan-2020,4738.31052218874,4735.08224110491,2238.11582237183
08-Jan-2020,4869.7310001662,4866.70639962222,2407.21540841158
09-Jan-2020,4559.85093918669,4557.93343346956,2027.8285443994
10-Jan-2020,4751.96019644421,4747.11696512305,2277.67825977641
13-Jan-2020,4559.26341870495,4556.07538409591,2027.68874728041
14-Jan-2020,4644.80438128328,4642.07979612093,2131.68767695662
15-Jan-2020,4734.51534860215,4732.14159031514,2255.1013412723
16-Jan-2020,4751.1637020676,4749.29025635036,2254.97547447414
17-Jan-2020,4770.05514361185,4768.13842428585,2293.82654890631
20-Jan-2020,4770.37262750211,4767.9363956826,2268.3230706732
03-Feb-2020,5476.54894010066,5473.77021911081,3145.81003473975
04-Feb-2020,5381.30353030314,5378.29294561824,3011.01639447638
05-Feb-2020,5327.40496074565,5322.9319878053,2958.04544207499
06-Feb-2020,5411.3591244914,5409.12617679472,3077.11351549758
07-Feb-2020,5514.0495646681,5510.12483884054,3193.65282945398
10-Feb-2020,5497.41906176319,5494.74654594355,3165.06069483049
11-Feb-2020,5283.690949102,5281.7831735202,2893.20158768537
12-Feb-2020,5310.27269744108,5307.80808942877,2959.88014728435
13-Feb-2020,5226.65997622506,5199.4998541395,2827.41364490811
14-Feb-2020,5325.95641809066,5323.93003576136,2947.0963041609
17-Feb-2020,5092.09152484595,5090.2011121529,2648.49977414597
18-Feb-2020,5283.27010227153,5281.43581288983,2898.10333373053
19-Feb-2020,5165.32791199917,5163.8297432622,2753.43123790714
20-Feb-2020,5264.98860665237,5260.98293052817,2864.91885879874
21-Feb-2020,5283.00210792279,5280.32992959669,2905.80685229441
24-Feb-2020,5399.48102669788,5394.8685710231,3060.43613190144
25-Feb-2020,5321.59445659367,5320.31733099221,2933.17976202022
26-Feb-2020,5483.91356269317,5482.73047026317,3148.6095676906
27-Feb-2020,5360.80085302513,5358.4310525582,3006.54942659515
02-Mar-2020,5428.12591680366,5427.40085850746,3073.23449843957
03-Mar-2020,5230.15843654988,5227.37027345686,2822.28860857733
04-Mar-2020,5332.93782650826,5330.01548351955,2946.16422365487
05-Mar-2020,5378.17446025703,5375.86083187137,3007.37526669015
06-Mar-2020,5429.30994758777,5427.95936395795,3057.61495799526
09-Mar-2020,5597.49030822097,5595.81740804558,3289.29938320717
10-Mar-2020,5433.36548485297,5431.41550659552,3073.82638479847
11-Mar-2020,5475.97009246763,5474.29785135081,3127.48806973183
12-Mar-2020,5648.50956201723,5646.14309084879,3357.95292133715
13-Mar-2020,5763.20209181009,5760.47240182013,3526.56975612026
16-Mar-2020,5896.77731062861,5892.17210356572,3746.98756707398
17-Mar-2020,5877.47687748025,5870.88873319851,3776.95274024125
18-Mar-2020,6070.37574563072,6064.92307223334,4004.75791548072
19-Mar-2020,6155.88866342556,6150.45744282303,4176.63039434063
20-Mar-2020,6100.78233629864,6088.23026054568,4094.07863635222
23-Mar-2020,6275.37505468196,6267.58332115035,4348.25645281057
24-Mar-2020,6130.08111192346,6121.67131677838,4131.11338055319
25-Mar-2020,6192.21488904832,6173.28035591085,4195.90233542586
26-Mar-2020,5977.71647696105,5968.33391217631,3882.96983220986
27-Mar-2020,5989.90012443443,5981.19300930625,3909.39894583157
30-Mar-2020,6027.85808253564,6021.64815487221,3981.6710894185
31-Mar-2020,6020.65304221518,6007.5014446087,3956.64080784379
01-Apr-2020,6365.43479232521,6360.06559699956,4313.65261537567
07-Apr-2020,6311.41447163411,6303.64069388708,4215.13706511232
08-Apr-2020,6205.39271446504,6200.60139984358,4116.07680202603
09-Apr-2020,6366.57388126713,6355.35642397932,4350.60389976751
14-Apr-2020,6398.1897557748,6391.90429741567,4359.33939074564
15-Apr-2020,6336.13267555154,6328.80703188819,4232.59894261867
16-Apr-2020,6299.7583962516,6292.21315803641,4203.46916092741
17-Apr-2020,6410.4564393343,6404.19130759968,4315.37787134427
20-Apr-2020,6313.80691883669,6306.90122816228,4142.75280486935
21-Apr-2020,6522.52495756921,6515.31730383339,4421.72971774868
22-Apr-2020,6425.46480825375,6419.56927791345,4321.61154750005
23-Apr-2020,6697.59004680617,6688.58994339572,4722.36205443073
24-Apr-2020,6629.74011785827,6622.83608482726,4587.24669022557
27-Apr-2020,6320.91069629907,6315.89278393599,4158.00905538055
28-Apr-2020,6439.9235910234,6423.52788109834,4311.49796063065
29-Apr-2020,6231.47638541835,6227.81123335377,3995.57159896137
30-Apr-2020,6306.67535527389,6300.77700888429,4120.05094874943
06-May-2020,6347.89333105495,6343.88003416397,4143.07771188037
07-May-2020,6474.24116703926,6447.88441317267,4327.22424221133
08-May-2020,6484.03057015753,6476.66706631461,4332.0855642741
11-May-2020,6222.92560737718,6218.96948514938,3981.20975580467
12-May-2020,6407.12220570644,6402.9994386544,4268.89555951351
13-May-2020,6427.32106435703,6421.6687741617,4268.0968256566
14-May-2020,6390.58298686033,6386.47317144688,4254.77215316167
15-May-2020,6481.50964750436,6475.97365935989,4403.98079757386
18-May-2020,6357.56464530261,6354.4983552823,4184.33697438307
19-May-2020,6305.49922129155,6302.23799759606,4142.56086085395
20-May-2020,6473.77679608419,6469.02015162123,4362.66241673536
21-May-2020,6330.3998219876,6327.58590482818,4139.76879881867
22-May-2020,6601.08140916117,6594.97038076931,4533.09989315727
25-May-2020,6415.84442184727,6410.28919911458,4325.99678573952
26-May-2020,6518.7920933982,6512.81236637169,4469.17696282168
27-May-2020,6396.06593432612,6392.25042504973,4288.94763391124
28-May-2020,6459.25847426172,6455.26146624123,4395.19259665649
29-May-2020,6455.07051263178,6452.17816777852,4392.31654071796
01-Jun-2020,6352.91894901657,6348.90771266648,4208.41876985877
02-Jun-2020,6324.59070266584,6321.78593093761,4103.03013749452
03-Jun-2020,6385.67752538074,6382.52234712957,4458.38667950888
04-Jun-2020,6229.31266337367,6224.8570214894,4210.47495123381
05-Jun-2020,6359.78460726449,6357.23762601607,4396.16777337185
08-Jun-2020,6278.65703202738,6274.87676194005,4276.38179444606
09-Jun-2020,6351.11299636828,6347.8903915877,4406.37321569506
10-Jun-2020,6112.33774920458,6107.46490004225,4055.71072906245
11-Jun-2020,6362.4700933088,6357.6973796224,4391.28582950514
12-Jun-2020,6390.90031504572,6385.1160133175,4438.05787382439
15-Jun-2020,6755.95176221704,6750.05380838008,4983.60705386551
16-Jun-2020,6463.29640071243,6459.47693045172,4571.21085638078
17-Jun-2020,6439.72004841371,6436.06357586981,4522.87111101477
18-Jun-2020,6417.17862701341,6412.72894767389,4473.09017339295
19-Jun-2020,6331.89150484511,6329.76631598771,4390.98168027234
22-Jun-2020,6509.84446118321,6506.18908599224,4645.44206511654
23-Jun-2020,6397.41082283952,6392.19703947764,4471.77909116946
24-Jun-2020,6454.10315705929,6449.51623557705,4495.96765902017
29-Jun-2020,6422.16843465866,6416.8771038248,4510.71013461815
30-Jun-2020,6428.68197890165,6425.21724689248,4489.45767949506
01-Jul-2020,7208.33376586874,7203.50067927741,5221.79436407437
02-Jul-2020,7092.85381126935,7085.57652042594,5049.07302501596
03-Jul-2020,6933.4588782856,6923.3861719876,4837.27003698235
06-Jul-2020,6308.44285607178,6298.49025910548,3983.9050651235
07-Jul-2020,6804.3991649174,6782.82705807954,4624.30114313029
08-Jul-2020,6416.4143226228,6402.51025879612,4066.27156783013
09-Jul-2020,6704.4109849159,6668.52885790749,4404.29885880273
10-Jul-2020,6832.72435211936,6824.74974156053,4574.19350129625
13-Jul-2020,6711.3810440969,6704.79496024904,4398.31398859162
14-Jul-2020,6973.97247234026,6962.45379228044,4790.21781575156
15-Jul-2020,7147.32239721909,7135.56940785992,4988.2596845025
16-Jul-2020,7130.66349101276,7110.49092766931,5034.10790665225
17-Jul-2020,7172.85294082975,7163.60474588048,5049.67843101073
20-Jul-2020,6982.76388696871,6975.16109591104,4740.32181187072
21-Jul-2020,7135.87086849474,7125.95277182844,4986.39267132418
22-Jul-2020,7198.84706092571,7191.71985772067,5086.9509123126
23-Jul-2020,7321.63489837704,7312.3902461341,5276.88094545661
24-Jul-2020,7319.5057437088,7310.56030312511,5248.60988532286
27-Jul-2020,7454.1431831484,7445.14737889644,5416.52208946771
28-Jul-2020,7399.18289689866,7391.06816184166,5374.08115591192
29-Jul-2020,7237.76819451324,7224.41146484249,5123.23458791254
30-Jul-2020,7442.76534104037,7432.00178420809,5427.86087521066
31-Jul-2020,7411.25114403727,7402.07165956661,5384.29922889635
03-Aug-2020,7406.14118107743,7398.1882069729,5320.85609927685
04-Aug-2020,7350.31527394693,7342.10933802345,5253.49677146654
05-Aug-2020,7359.91312217979,7351.42092368299,5315.9757436144
06-Aug-2020,7345.53877948714,7337.11561454874,5236.32808923698
07-Aug-2020,7498.87007681489,7492.60723072649,5498.11163792459
10-Aug-2020,7378.63550317477,7371.08264037765,5238.78628860847
11-Aug-2020,7273.12064261892,7267.47503528666,5100.12607089985
12-Aug-2020,7364.70468411358,7356.11270298596,5262.72634942531
13-Aug-2020,7413.75624810502,7407.90258109053,5353.348744012
14-Aug-2020,7446.33772614747,7437.39462123755,5322.79886018746
17-Aug-2020,7200.15247845302,7192.70862092031,4985.59433749352
18-Aug-2020,7188.15863866523,7174.17546741594,4969.14221769197
19-Aug-2020,7166.85309254393,7160.73055006141,4960.05525461282
20-Aug-2020,7436.69905550484,7421.55882579243,5303.81065991813
21-Aug-2020,7376.74992618525,7365.36127052968,5252.05172331263
24-Aug-2020,7358.29624399151,7345.74540583891,5186.20815257141
25-Aug-2020,7503.44999944273,7494.65792885888,5396.79976715444
26-Aug-2020,7417.43831930414,7406.77862032507,5276.30717661392
27-Aug-2020,7358.41994490889,7352.46383791215,5216.15316135914
28-Aug-2020,7264.91140799059,7253.56729130713,5060.30859222906
31-Aug-2020,7435.65704247541,7423.2040676699,5266.44736942736
01-Sep-2020,7580.02006899799,7570.77105013616,5517.47026828103
02-Sep-2020,7597.56794956839,7589.56909135349,5421.37381768926
03-Sep-2020,7455.59078917315,7444.49449123608,5172.60412247178
04-Sep-2020,7524.15077451738,7511.68940089267,5307.7387517953
07-Sep-2020,7525.29363455099,7518.34873188227,5381.30426817066
08-Sep-2020,7443.56810881501,7436.44901243726,5209.95713812256
09-Sep-2020,7329.1085117297,7313.3066284825,5028.14686637104
10-Sep-2020,7425.95432934318,7410.66311974938,5146.65235985253
11-Sep-2020,7465.73244253433,7455.3145771086,5198.43623936293
14-Sep-2020,7364.65514150245,7349.22176338197,5059.82489636946
15-Sep-2020,7472.69804663248,7461.41471615006,5143.13676141702
16-Sep-2020,7447.315102081,7432.93169737957,5118.63618596259
17-Sep-2020,7420.54466664474,7414.32521646797,5081.89634511895
18-Sep-2020,7366.85421745811,7355.27091390411,4937.11682031298
21-Sep-2020,7352.48362065557,7340.77555450005,4947.79733584029
22-Sep-2020,7472.65311049253,7455.13038036385,5123.01906692519
23-Sep-2020,7668.25741750097,7661.0381819006,5407.08150324135
24-Sep-2020,7841.54829481443,7838.31946927992,5635.33960282814
25-Sep-2020,7800.3459799575,7794.03266202519,5563.84571956596
28-Sep-2020,7639.03789279359,7629.71620526081,5386.62813307117
29-Sep-2020,7825.01299630066,7813.88194705147,5710.74392662011
30-Sep-2020,7746.26185050455,7741.00780070289,5602.79248773201
09-Oct-2020,8218.24366038912,8214.67692275583,6037.88115880641
12-Oct-2020,7971.47083637334,7967.14986844194,5648.73409121174
13-Oct-2020,8069.43111345572,8063.94846697293,5759.18155899492
14-Oct-2020,8173.83316607172,8167.08297102897,5901.3479816527
15-Oct-2020,7990.83331810563,7978.43148394329,5613.17736893375
16-Oct-2020,7832.61290772798,7822.93499712844,5428.54273431979
19-Oct-2020,7930.29936301607,7915.88425499293,5582.12129064724
20-Oct-2020,7901.64349319455,7888.80976254125,5525.78294546625
21-Oct-2020,7806.93768148516,7788.71698088355,5386.57044973627
22-Oct-2020,7790.87807740098,7775.97382436649,5429.92032321908
23-Oct-2020,7855.60280317887,7846.20370156641,5521.62463279376
26-Oct-2020,7725.07559002237,7707.00124633434,5317.42895157186
27-Oct-2020,7918.38720100508,7904.50310202464,5621.93692350895
28-Oct-2020,7772.01854061372,7753.25873744467,5344.67119189864
29-Oct-2020,7903.79712094136,7887.17229547992,5605.51239990149
30-Oct-2020,8128.50653604725,8116.49759003562,5953.16986268953
02-Nov-2020,8061.94428128032,8054.06520383534,5908.62206832135
03-Nov-2020,7829.09367230754,7817.39637557598,5571.59458310488
04-Nov-2020,7984.20814163528,7968.24797352936,5674.48725110162
05-Nov-2020,7719.36735787923,7698.7456953236,5295.92549647948
06-Nov-2020,7752.75950137772,7732.45173146811,5392.42948567838
09-Nov-2020,7747.63035506902,7732.81938104688,5392.79048322754
10-Nov-2020,7699.25146292206,7679.75625453014,5279.27794683619
11-Nov-2020,7428.50584176705,7413.62012103226,4885.00682222671
12-Nov-2020,7489.02010820962,7475.28329126799,4985.19474697636
13-Nov-2020,7718.88860020896,7704.08831015911,5328.30621594448
16-Nov-2020,7537.22773620397,7521.8213837665,5048.65411795804
17-Nov-2020,7470.36026176074,7453.96060010582,4914.20088732943
18-Nov-2020,7337.1798336324,7323.67707779143,4691.77001269639
19-Nov-2020,7474.4949455901,7459.26740359185,4860.27713511712
20-Nov-2020,7580.87583988006,7566.96010556095,5066.27281783673
23-Nov-2020,7242.81726318324,7231.84888913606,4563.35280330523
24-Nov-2020,7409.07860143489,7396.24312897681,4836.64458874428
25-Nov-2020,7315.86521395718,7302.39141816652,4680.49936235156
26-Nov-2020,7357.4447261399,7342.18676491187,4791.35249948343
27-Nov-2020,7005.00047079097,6991.82757428711,4286.39215550626
30-Nov-2020,7241.84493417469,7230.02966884433,4639.75334945577
01-Dec-2020,7080.61820503139,7073.0511850156,4419.10992654208
02-Dec-2020,7255.73416123372,7243.48337212856,4639.29478419815
03-Dec-2020,7192.80957393901,7180.41470871862,4543.17768560246
04-Dec-2020,7339.23106398069,7325.57654248163,4745.67819459279
07-Dec-2020,7300.23512737595,7281.7131782289,4704.83606179181
08-Dec-2020,7469.34800080593,7453.94457833938,4956.46756851612
09-Dec-2020,7440.53951968895,7423.55667233637,4861.39200294898
10-Dec-2020,7595.96775179299,7578.98097910218,5056.68194311933
11-Dec-2020,7520.9543333241,7503.49100796176,5039.92659591663
14-Dec-2020,7376.15265772852,7364.27487271344,4747.62419607658
15-Dec-2020,7462.29791656216,7449.21970750389,4844.3415290444
16-Dec-2020,7479.88253064202,7470.11348533474,4880.6587043487
17-Dec-2020,7410.30264536936,7400.47040566265,4772.36432317391
18-Dec-2020,7580.36587913405,7559.52179129001,5069.37858716673
21-Dec-2020,7664.82940902554,7651.9037055494,5193.01950472249
22-Dec-2020,7512.48389317666,7494.26594009543,4942.03305968093
23-Dec-2020,7635.4477943662,7612.19744002741,5170.04390999493
24-Dec-2020,7590.24897442735,7575.11752107772,5078.21936070363
25-Dec-2020,7621.58772933679,7603.50593382249,5130.97894471195
28-Dec-2020,7581.48381378634,7567.83399543404,5080.96879949323
29-Dec-2020,7470.70252646495,7463.52361654095,4917.93972599843
30-Dec-2020,7323.63842177327,7316.9938228493,4743.40342401724
31-Dec-2020,7406.47131652252,7395.76359578876,4812.51676903432
04-Jan-2021,8092.62672585585,8072.25449725633,5603.63973928441
05-Jan-2021,7982.96982872396,7968.45585935416,5509.15084065042
06-Jan-2021,7976.92622538624,7962.81064349261,5406.52825223312
07-Jan-2021,7742.20200965055,7729.76497868063,5020.85013062224
08-Jan-2021,7706.16028587687,7697.96690201342,4953.45489048581
11-Jan-2021,7763.66931787564,7752.3316024764,5030.1608222814
12-Jan-2021,7597.34640380467,7582.80102151464,4732.65496981769
13-Jan-2021,7830.37891822168,7819.26243587466,5117.24510562686
14-Jan-2021,7702.75085753668,7692.5872520249,4938.13645413499
15-Jan-2021,7567.55780465309,7548.98377566316,4742.93146164046
18-Jan-2021,7460.66102220567,7449.19262717795,4516.17573855445
19-Jan-2021,7585.00146638759,7574.99091904364,4784.43021174142
20-Jan-2021,7428.19741646097,7419.98791241995,4475.10964649065
21-Jan-2021,7306.76996651151,7292.05023815675,4373.43819706471
22-Jan-2021,7517.70662050788,7510.91918305743,4634.15696074935
25-Jan-2021,7606.33010576359,7594.7335241518,4782.59561979099
26-Jan-2021,7621.98323552699,7611.80341636203,4832.88850106757
27-Jan-2021,7552.80630711292,7541.37009286255,4714.57687720332
28-Jan-2021,7580.10806744895,7573.54395834773,4780.34610623881
29-Jan-2021,7645.59588754589,7597.61333876155,4860.56969702052
01-Feb-2021,7455.52165048774,7449.69693692872,4651.32664670596
02-Feb-2021,7582.18617416692,7553.99137338187,4784.15823867141
03-Feb-2021,7475.33789481936,7464.16033357892,4678.16858393819
04-Feb-2021,7440.65796628676,7432.42605115789,4544.39970511537
05-Feb-2021,7470.7322008226,7412.05668986417,4657.33117352983
08-Feb-2021,7414.17814885791,7372.00336465702,4584.167326099
09-Feb-2021,7284.78465738752,7240.97691875834,4327.0319843126
10-Feb-2021,7256.91831224274,7251.70157740037,4515.70888595378
18-Feb-2021,0,0,-18755.3492101153
19-Feb-2021,0.120304526646404,0,-18757.1062453677
22-Feb-2021,0,0,-18755.8507083787
23-Feb-2021,0,0,-18755.4645228693
24-Feb-2021,0,0,-18755.9452051311
25-Feb-2021,0.0715058718403904,0,-18754.6409319088
26-Feb-2021,0,0,-18754.3649531689
01-Mar-2021,0,0,-18754.2200696375
02-Mar-2021,0.165587076660234,0,-18754.29170632
03-Mar-2021,0,0,-18753.4690019125
04-Mar-2021,0.0430372190999818,0,-18754.8003357244
05-Mar-2021,0.131038639095791,0,-18754.7449471441
08-Mar-2021,0,0,-18754.5554823549
09-Mar-2021,0,0,-18754.5752591549
10-Mar-2021,0,0,-18754.501194124
11-Mar-2021,0.236298107547823,0,-18752.7892955405
12-Mar-2021,0.0273328091438009,0,-18755.4083964397
15-Mar-2021,0,0,-18754.4081824588
16-Mar-2021,0.0587811174463056,0,-18754.0969682968
17-Mar-2021,0,0,-18754.419229638
18-Mar-2021,0,0,-18754.01012673
19-Mar-2021,0,0,-18753.568381368
22-Mar-2021,0.0402431132890907,0,-18754.3036655045
23-Mar-2021,0.147266994682289,0,-18753.6459745126
24-Mar-2021,0,0,-18755.151837483
25-Mar-2021,0.00473474687424937,0,-18753.8444705638
26-Mar-2021,0,0,-18755.9218064085
29-Mar-2021,0,0,-18755.0013473193
30-Mar-2021,0,0,-18755.1797324984
31-Mar-2021,0.103987298400376,0,-18752.4767913966
01-Apr-2021,0,0,-19384.8576648729
06-Apr-2021,0.21275873516655,0,-19385.8796264155
07-Apr-2021,0.0592408367703643,0,-19386.5706718418
08-Apr-2021,0,0,-19387.7441362273
09-Apr-2021,0.239710714814868,0,-19386.6512558209
12-Apr-2021,0.0323778796277537,0,-19386.0257467887
13-Apr-2021,0.331032812920477,0,-19384.6977247126
14-Apr-2021,0.134654765947998,0,-19385.5587655019
15-Apr-2021,0,0,-19386.278088074
16-Apr-2021,0,0,-19386.3067622135
19-Apr-2021,0.0503405336230005,0,-19387.1502849484
20-Apr-2021,0,0,-19389.1690171048
21-Apr-2021,0.0879207595464021,0,-19386.7640960696
22-Apr-2021,0,0,-19388.8857958007
23-Apr-2021,0,0,-19387.1678078741
26-Apr-2021,0,0,-19386.4523922352
27-Apr-2021,0.328320736704334,0,-19385.0461396673
28-Apr-2021,0.123073153675951,0,-19385.8829463204
29-Apr-2021,0,0,-19388.6955429459
30-Apr-2021,0,0,-19386.5506756157
06-May-2021,0.106760294064742,0,-19385.7275240168
07-May-2021,0,0,-19386.1676214021
10-May-2021,0,0,-19386.1464792238
11-May-2021,0.0452543131499313,0,-19385.5258214443
12-May-2021,0,0,-19386.1807185445
13-May-2021,0.439579924533492,0,-19384.3778441436
14-May-2021,0,0,-19389.1555333738
17-May-2021,0,0,-19387.9501020788
18-May-2021,0.0546959863851887,0,-19387.0896901345
19-May-2021,0.0129576796408999,0,-19387.3308797217
20-May-2021,0.062039273805637,0,-19387.4051036138
21-May-2021,0,0,-19388.1914272972
24-May-2021,0.0858325573227282,0,-19387.3312395948
25-May-2021,0,0,-19388.8970121419
26-May-2021,0,0,-19389.6741848594
27-May-2021,0,0,-19389.8297800865
28-May-2021,0,0,-19389.3724636992
01-Jun-2021,0.027836708766392,0,-19389.8459246704
02-Jun-2021,0.0324636998457038,0,-19388.3856915226
03-Jun-2021,0.426988991158723,0,-19389.0596822316
04-Jun-2021,0,0,-19390.1134346433
07-Jun-2021,0,0,-19389.8307156381
08-Jun-2021,0,0,-19389.293271272
09-Jun-2021,0,0,-19389.5131667598
10-Jun-2021,0.0169864031229583,0,-19390.5341831682
11-Jun-2021,0,0,-19390.3705823928
15-Jun-2021,0,0,-19387.8301380456
16-Jun-2021,0,0,-19389.1600447186
17-Jun-2021,0,0,-19387.6139603731
18-Jun-2021,0,0,-19387.5890846775
21-Jun-2021,0.327497629712888,0,-19386.1654682186
22-Jun-2021,0.110165778043448,0,-19385.3549648774
23-Jun-2021,0.0826640788665573,0,-19385.2207245986
24-Jun-2021,0.264299469917502,0,-19386.0588135528
25-Jun-2021,0,0,-19388.5235583854
28-Jun-2021,0.0734218061774028,0,-19386.3346792158
29-Jun-2021,0.148761443818135,0,-19386.3139576356
30-Jun-2021,0,0,-19392.7456598263
01-Jul-2021,0,0,-19589.099918939
02-Jul-2021,0,0,-19588.9516664838
06-Jul-2021,0,0,-19586.6935187167
07-Jul-2021,0.0256320443295929,0,-19589.0682373279
08-Jul-2021,0,0,-19588.3346563795
09-Jul-2021,0,0,-19589.5340477366
12-Jul-2021,0,0,-19590.3715455139
13-Jul-2021,0,0,-19588.6723983158
14-Jul-2021,0,0,-19589.5750202348
15-Jul-2021,0,0,-19589.9773650047
16-Jul-2021,0,0,-19589.5368463094
19-Jul-2021,0,0,-19589.3744128142
20-Jul-2021,0,0,-19588.9594534707
21-Jul-2021,0,0,-19587.8680317354
22-Jul-2021,0,0,-19587.7946656835
23-Jul-2021,0,0,-19589.17292643
26-Jul-2021,0,0,-19588.3318777982
27-Jul-2021,0.00668021880711283,0,-19586.1445950831
28-Jul-2021,0,0,-19587.0636782698
29-Jul-2021,0.150658811545746,0,-19585.4153907732
30-Jul-2021,0,0,-19584.7696540757
02-Aug-2021,0,0,-19584.8987467692
03-Aug-2021,0.055121425716335,0,-19585.1444968496
04-Aug-2021,0,0,-19587.0044817595
05-Aug-2021,7.0704123057215e-05,0,-19585.162641463
06-Aug-2021,0,0,-19588.090807466
09-Aug-2021,0,0,-19586.8033666576
10-Aug-2021,0,0,-19588.0923427477
11-Aug-2021,0,0,-19587.8638122914
12-Aug-2021,0,0,-19587.3280541734
13-Aug-2021,0,0,-19589.0556344357
16-Aug-2021,0,0,-19588.6463279869
17-Aug-2021,0.117495546721408,0,-19588.3957699458
18-Aug-2021,0,0,-19590.824036402
19-Aug-2021,0,0,-19591.1775019343
20-Aug-2021,0,0,-19589.9319427673
23-Aug-2021,0,0,-19590.3317460594
24-Aug-2021,0,0,-19590.983312379
25-Aug-2021,0,0,-19590.3719294298
26-Aug-2021,0,0,-19590.4906475822
27-Aug-2021,0,0,-19590.2530076767
30-Aug-2021,0,0,-19590.0288301172
31-Aug-2021,0,0,-19590.8897843419
01-Sep-2021,0,0,-19592.0463834351
02-Sep-2021,0,0,-19591.7628294698
03-Sep-2021,0,0,-19591.9203824077
07-Sep-2021,0,0,-19592.0234950343
08-Sep-2021,0,0,-19592.18730506
09-Sep-2021,0,0,-19590.6314532208
10-Sep-2021,0,0,-19590.3998394159
13-Sep-2021,0,0,-19592.2614004026
14-Sep-2021,0,0,-19591.7501232697
15-Sep-2021,0.0308820060407521,0,-19591.0493577887
16-Sep-2021,0,0,-19590.6990366294
17-Sep-2021,0.00313767538999807,0,-19590.8246427253
22-Sep-2021,0,0,-19591.1913343426
23-Sep-2021,0.00546483203123291,0,-19591.6438870024
24-Sep-2021,0,0,-19591.0410744627
27-Sep-2021,0.0595335699453079,0,-19589.2433835448
28-Sep-2021,0,0,-19590.5569029381
29-Sep-2021,0,0,-19590.9786541587
30-Sep-2021,0,0,-19588.279738044
08-Oct-2021,0,0,-20021.4262262256
11-Oct-2021,0,0,-20021.9833958177
12-Oct-2021,0,0,-20020.6628542743
13-Oct-2021,0,0,-20021.4388922832
14-Oct-2021,0,0,-20021.6357519854
15-Oct-2021,0,0,-20020.6260626589
18-Oct-2021,0,0,-20020.8409825604
19-Oct-2021,0,0,-20021.552756833
20-Oct-2021,0,0,-20020.7863225994
21-Oct-2021,0,0,-20020.8063766266
22-Oct-2021,0,0,-20020.9377528553
25-Oct-2021,0,0,-20021.9259615323
26-Oct-2021,0,0,-20020.1505762458
27-Oct-2021,0,0,-20018.8646964439
28-Oct-2021,0,0,-20018.9963726311
29-Oct-2021,0.254146239405687,0,-20016.2806738477
01-Nov-2021,0,0,-20020.260020924
02-Nov-2021,0,0,-20018.3600857568
03-Nov-2021,0,0,-20018.7653018514
04-Nov-2021,0.260766289907747,0,-20016.2388809244
05-Nov-2021,0,0,-20018.6330971267
08-Nov-2021,0,0,-20017.6060156097
09-Nov-2021,0,0,-20019.66429204
10-Nov-2021,0,0,-20019.3042593877
11-Nov-2021,0,0,-20020.0156735731
12-Nov-2021,0,0,-20020.3662994795
15-Nov-2021,0,0,-20018.0566394531
16-Nov-2021,0.0773994213525925,0,-20017.3471892892
17-Nov-2021,0,0,-20017.7375613659
18-Nov-2021,0,0,-20017.0888052612
19-Nov-2021,0,0,-20020.3072782161
22-Nov-2021,0,0,-20019.5399150818
23-Nov-2021,0,0,-20020.1486819902
24-Nov-2021,0.135276661852861,0,-20017.5744457434
26-Nov-2021,0,0,-20018.1270222036
29-Nov-2021,0,0,-20017.8559042628
30-Nov-2021,0,0,-20016.5452041094
01-Dec-2021,0,0,-20017.0958739392
02-Dec-2021,0,0,-20017.8001640605
03-Dec-2021,0,0,-20019.0862721805
06-Dec-2021,0,0,-20017.5865023516
07-Dec-2021,0,0,-20017.8584949993
08-Dec-2021,0.0225356421991112,0,-20015.6863038358
09-Dec-2021,0,0,-20018.9000302015
10-Dec-2021,0,0,-20019.6095798112
13-Dec-2021,0,0,-20018.9805867923
14-Dec-2021,0.0899527063068628,0,-20018.2477039599
15-Dec-2021,0,0,-20016.5074331571
16-Dec-2021,0,0,-20019.3197952292
17-Dec-2021,0,0,-20017.9266543905
20-Dec-2021,0.0792246078294066,0,-20018.1125358026
21-Dec-2021,0,0,-20018.1908332153
22-Dec-2021,0.0546354210427305,0,-20018.5352614561
23-Dec-2021,0,0,-20018.5298798676
27-Dec-2021,0.0278982711031901,0,-20017.7928762961
28-Dec-2021,0.0768809136843465,0,-20016.846118966
29-Dec-2021,0,0,-20017.4371386599
30-Dec-2021,0,0,-20017.6843013404
31-Dec-2021,0.264072180015605,0,-20011.2507742598
04-Jan-2022,0.778241146082334,0,NaN
05-Jan-2022,0.963673899354521,0,NaN
06-Jan-2022,0.945065273639571,0,NaN
07-Jan-2022,0.70747621742754,0,NaN
10-Jan-2022,0.890208662283842,0.0756501372528465,NaN
11-Jan-2022,0.812718829513218,0,NaN
12-Jan-2022,0.329823126192787,0,NaN
13-Jan-2022,0.461743309845342,0,NaN
14-Jan-2022,0.918054357087614,0.50572780629825,NaN
18-Jan-2022,0.777859995929656,0,NaN
19-Jan-2022,1.76118008948464,0.969265396606282,NaN
20-Jan-2022,0.517365304522089,0,NaN
21-Jan-2022,0.934725952438863,0,NaN
24-Jan-2022,2.05530112435589,1.68731002829318,NaN
25-Jan-2022,2.76982342807209,2.54934524492361,NaN
26-Jan-2022,1.70839626412989,1.4529828248251,NaN
27-Jan-2022,3.25786783206317,3.09257163253423,NaN
28-Jan-2022,2.99873597297111,2.96734343037606,NaN
07-Feb-2022,3.37509658812787,3.12388195429483,NaN
08-Feb-2022,1.83805386922558,1.43412611401158,NaN
09-Feb-2022,1.02542463386039,0.254226934058538,NaN
10-Feb-2022,1.5817310588397,1.07808538229989,NaN
11-Feb-2022,6.38385203665857,0.277910783424618,NaN
14-Feb-2022,2.36013322421522,2.02565487169522,NaN
15-Feb-2022,2.23970949309553,1.84500058038466,NaN
16-Feb-2022,1.95132461523144,1.86224071822395,NaN
17-Feb-2022,2.0151565060316,1.30270290994694,NaN
18-Feb-2022,2.50996617115963,2.39356329016829,NaN
22-Feb-2022,2.33104371459904,2.06939756426184,NaN
23-Feb-2022,2.78218103831307,2.72880626496386,NaN
24-Feb-2022,3.6590134718476,3.6590134718476,NaN
25-Feb-2022,3.09505835352471,3.09505835352471,NaN
28-Feb-2022,3.85643174288054,3.85643174288054,NaN
01-Mar-2022,3.31759110605594,3.12963102470433,NaN
02-Mar-2022,3.66127118640854,3.56257882070907,NaN
03-Mar-2022,3.44535915131883,3.44535915131883,NaN
04-Mar-2022,3.2304577755203,3.19334863680118,NaN
07-Mar-2022,4.45573005291201,4.45573005291201,NaN
08-Mar-2022,5.17264184975811,5.17264184975811,NaN
09-Mar-2022,6.23086372587221,6.23086372587221,NaN
10-Mar-2022,5.92579207018572,5.92579207018572,NaN
11-Mar-2022,4.47301110880877,4.47301110880877,NaN
14-Mar-2022,5.68668653152446,5.68668653152446,NaN
15-Mar-2022,15.3707402815279,6.92953263540378,NaN
16-Mar-2022,5.03220812512511,5.03220812512511,NaN
17-Mar-2022,4.76067297205368,4.76067297205368,NaN
18-Mar-2022,5.06362218505451,5.06362218505451,NaN
21-Mar-2022,5.32057937945499,5.32057937945499,NaN
22-Mar-2022,5.44944931316066,5.44944931316066,NaN
23-Mar-2022,5.02479413845886,5.02479413845886,NaN
24-Mar-2022,6.07188715817821,6.07188715817821,NaN
25-Mar-2022,6.20747019436172,6.20747019436172,NaN
28-Mar-2022,6.3352449266776,6.3352449266776,NaN
29-Mar-2022,6.7019299377805,6.7019299377805,NaN
30-Mar-2022,5.73945429869932,5.73945429869932,NaN
31-Mar-2022,104.415097794712,103.268691931456,NaN
01-Apr-2022,101.188164090777,101.156320793998,NaN
06-Apr-2022,108.340154717043,108.340154717043,NaN
07-Apr-2022,112.040725996463,112.040725996463,NaN
08-Apr-2022,110.46147226118,110.46147226118,NaN
11-Apr-2022,124.536010735995,124.536010735995,NaN
12-Apr-2022,119.541489741984,119.541489741984,NaN
13-Apr-2022,124.234976264457,124.234976264457,NaN
14-Apr-2022,119.740793712194,119.740793712194,NaN
18-Apr-2022,14.3441673228531,14.3441673228531,NaN
19-Apr-2022,135.143137886,135.143137886,NaN
20-Apr-2022,135.326834749973,135.326834749973,NaN
21-Apr-2022,136.615739743029,136.615739743029,NaN
22-Apr-2022,125.67004371884,125.67004371884,NaN
25-Apr-2022,139.0719366302,139.0719366302,NaN
26-Apr-2022,149.502122701062,143.094471831137,NaN
27-Apr-2022,144.663955745499,144.663955745499,NaN
28-Apr-2022,135.882148807914,135.882148807914,NaN
29-Apr-2022,127.79863778583,127.79863778583,NaN
05-May-2022,128.035815058363,128.035815058363,NaN
06-May-2022,140.644366568228,140.64411275616,NaN
09-May-2022,18.3056166471547,18.3056166471547,NaN
10-May-2022,143.392218707933,143.392218707933,NaN
11-May-2022,138.557362088146,138.557362088146,NaN
12-May-2022,137.642381994737,137.642381994737,NaN
13-May-2022,136.474703021953,136.474703021953,NaN
16-May-2022,137.314879566,136.98717516947,NaN
17-May-2022,126.691485215724,126.691485215724,NaN
18-May-2022,125.231741827771,125.231741827771,NaN
19-May-2022,133.751314016935,133.751314016935,NaN
20-May-2022,134.354638835162,134.354638835162,NaN
23-May-2022,136.404746494397,136.404746494397,NaN
24-May-2022,140.085571285625,140.085571285625,NaN
25-May-2022,141.293848988305,141.293848988305,NaN
26-May-2022,135.730114568425,135.730114568425,NaN
27-May-2022,137.057615757503,137.057615757503,NaN
31-May-2022,130.685049556159,130.685049556159,NaN
01-Jun-2022,125.254163376147,125.254163376147,NaN
02-Jun-2022,127.677213212632,127.677213212632,NaN
06-Jun-2022,123.584936975364,123.584936975364,NaN
07-Jun-2022,119.599857294749,119.599857294749,NaN
08-Jun-2022,108.306586820538,108.306586820538,NaN
09-Jun-2022,115.310265368857,115.310265368857,NaN
10-Jun-2022,112.626968189874,112.626968189874,NaN
13-Jun-2022,123.924622038437,123.924622038437,NaN
14-Jun-2022,121.072997337706,121.072997337706,NaN
15-Jun-2022,113.817152968707,113.817152968707,NaN
16-Jun-2022,116.717046680935,116.717046680935,NaN
17-Jun-2022,109.559318952581,109.559318952581,NaN
21-Jun-2022,108.963340631954,108.963340631954,NaN
22-Jun-2022,108.334297356975,108.334297356975,NaN
23-Jun-2022,106.941238682791,106.941238682791,NaN
24-Jun-2022,98.4455544377103,98.4455544377103,NaN
27-Jun-2022,77.2416649902395,77.2416649902395,NaN
28-Jun-2022,78.89473454583,78.89473454583,NaN
29-Jun-2022,89.4484077710421,89.4484077710421,NaN
30-Jun-2022,26.6834222899629,26.6266047079939,NaN
01-Jul-2022,19.5823162766934,19.5771597183215,NaN
05-Jul-2022,34.5505348093243,34.5505348093243,NaN
06-Jul-2022,36.7400037216857,36.7400037216857,NaN
07-Jul-2022,34.3355149038175,34.3355149038175,NaN
08-Jul-2022,30.2465036033367,30.2465036033367,NaN
11-Jul-2022,37.6946290782384,37.6750559467673,NaN
12-Jul-2022,40.2034065009784,40.2034065009784,NaN
13-Jul-2022,42.3622508116671,42.3622508116671,NaN
14-Jul-2022,41.3138259630529,41.3138259630529,NaN
15-Jul-2022,50.1509686834076,50.1509686834076,NaN
18-Jul-2022,46.4094448711497,46.4094448711497,NaN
19-Jul-2022,49.5967901845626,49.5967901845626,NaN
20-Jul-2022,42.654581026354,42.654581026354,NaN
21-Jul-2022,48.2845475906025,48.2845475906025,NaN
22-Jul-2022,48.931345988806,48.931345988806,NaN
25-Jul-2022,46.3054359321692,46.3054359321692,NaN
26-Jul-2022,36.2045807567752,36.2045807567752,NaN
27-Jul-2022,36.9742067059138,36.9742067059138,NaN
28-Jul-2022,36.6945151218983,36.6945151218983,NaN
29-Jul-2022,43.8297179723436,43.8297179723436,NaN
01-Aug-2022,41.3747836612667,41.3747836612667,NaN
02-Aug-2022,51.4651601750658,51.4651601750658,NaN
03-Aug-2022,53.1106846299743,53.0999264868314,NaN
04-Aug-2022,46.7163825041351,46.7163825041351,NaN
05-Aug-2022,45.394707699672,45.394707699672,NaN
08-Aug-2022,46.9284868904983,46.928401626699,NaN
09-Aug-2022,49.7547569170877,49.7547569170877,NaN
10-Aug-2022,55.9368791170042,55.9368791170042,NaN
11-Aug-2022,52.4926755950069,52.4926755950069,NaN
12-Aug-2022,51.573283310338,51.573283310338,NaN
15-Aug-2022,52.9759953844186,52.9759953844186,NaN
16-Aug-2022,52.5787218738024,52.5787218738024,NaN
17-Aug-2022,57.3339165218279,57.3339165218279,NaN
18-Aug-2022,62.8328969473911,62.8328969473911,NaN
19-Aug-2022,63.150330298772,63.150330298772,NaN
22-Aug-2022,66.412873574759,66.412873574759,NaN
23-Aug-2022,67.9714429666406,67.9714429666406,NaN
24-Aug-2022,74.7961957620386,74.7961957620386,NaN
25-Aug-2022,65.6945576620584,65.6945576620584,NaN
26-Aug-2022,66.6741601153381,66.6741601153381,NaN
29-Aug-2022,71.2230029014562,71.2230029014562,NaN
30-Aug-2022,76.0376383086097,76.0376383086097,NaN
31-Aug-2022,75.4172449760915,75.4172449760915,NaN
01-Sep-2022,80.0234757994449,80.0234757994449,NaN
02-Sep-2022,78.8630375361303,78.8630375361303,NaN
06-Sep-2022,82.054620491339,82.054620491339,NaN
07-Sep-2022,84.9816230475442,84.9816230475442,NaN
08-Sep-2022,90.5920690849478,90.5920690849478,NaN
09-Sep-2022,81.5247083235588,81.5247083235588,NaN
13-Sep-2022,82.8054224931794,82.8054224931794,NaN
14-Sep-2022,89.3986917089305,89.3986917089305,NaN
15-Sep-2022,87.3861339253396,87.3861339253396,NaN
16-Sep-2022,97.613547044737,97.613547044737,NaN
19-Sep-2022,97.6563892547187,97.6563892547187,NaN
20-Sep-2022,97.6871964247437,97.6871964247437,NaN
21-Sep-2022,100.089492081481,100.089492081481,NaN
22-Sep-2022,107.127357653882,107.127357653882,NaN
23-Sep-2022,108.040045771804,108.040045771804,NaN
26-Sep-2022,107.765700097668,107.765700097668,NaN
27-Sep-2022,104.649656594829,104.649656594829,NaN
28-Sep-2022,111.910647885008,111.905635766264,NaN
29-Sep-2022,116.746770818789,116.746770818789,NaN
30-Sep-2022,47.9596246607727,47.9596246607727,NaN
10-Oct-2022,45.4453264295638,45.4453264295638,NaN
11-Oct-2022,48.3068803307084,48.3068803307084,NaN
12-Oct-2022,46.5101521197624,46.5101521197624,NaN
13-Oct-2022,55.6791320066763,55.6791320066763,NaN
14-Oct-2022,64.2583176186862,64.2583176186862,NaN
17-Oct-2022,59.8704255056903,59.8704255056903,NaN
18-Oct-2022,56.0453521716529,56.0453521716529,NaN
19-Oct-2022,60.5471909778605,60.5471909778605,NaN
20-Oct-2022,57.7350876341426,57.7350876341426,NaN
21-Oct-2022,61.7720124529327,61.7720124529327,NaN
24-Oct-2022,78.8150372194444,78.8150372194444,NaN
25-Oct-2022,79.6710741006371,79.6710741006371,NaN
26-Oct-2022,71.1094346272363,71.1094346272363,NaN
27-Oct-2022,77.1622900495399,77.1622900495399,NaN
28-Oct-2022,82.9472941135571,82.9472941135571,NaN
31-Oct-2022,89.6317245074346,89.3371671812686,NaN
01-Nov-2022,80.8408726680441,80.8408726680441,NaN
02-Nov-2022,72.8301005904099,72.8301005904099,NaN
03-Nov-2022,75.9734144915367,75.9694202752953,NaN
04-Nov-2022,61.9729723831284,61.9729723831284,NaN
07-Nov-2022,52.7848863588667,52.7848863588667,NaN
08-Nov-2022,51.807713100022,51.807713100022,NaN
09-Nov-2022,53.5759635334604,53.5759635334604,NaN
10-Nov-2022,57.8014323644517,57.8014323644517,NaN
11-Nov-2022,34.8018558287065,34.8018558287065,NaN
14-Nov-2022,29.3629813769669,29.3629813769669,NaN
15-Nov-2022,16.8235486217611,16.4127329969125,NaN
16-Nov-2022,19.753596804825,19.3789593248042,NaN
17-Nov-2022,19.709566645883,19.709566645883,NaN
18-Nov-2022,23.4971479642013,23.4971479642013,NaN
21-Nov-2022,29.4071528592909,29.4071528592909,NaN
22-Nov-2022,34.7092034062225,34.7092034062225,NaN
23-Nov-2022,31.3855592511414,31.3855592511414,NaN
25-Nov-2022,31.5451865886692,31.5451865886692,NaN
28-Nov-2022,38.8474329783389,38.8451318163546,NaN
29-Nov-2022,22.1194876740274,22.1194876740274,NaN
30-Nov-2022,17.832545287359,17.832545287359,NaN
01-Dec-2022,14.6271517173007,13.0159975755345,NaN
02-Dec-2022,13.6246042599488,13.0504139963411,NaN
05-Dec-2022,9.78651388231194,9.78651388231194,NaN
06-Dec-2022,11.0807924868983,11.0807924868983,NaN
07-Dec-2022,11.4405947958389,11.4405947958389,NaN
08-Dec-2022,11.1765793744269,11.1765793744269,NaN
09-Dec-2022,11.5267542217646,11.5267542217646,NaN
12-Dec-2022,12.4119306614417,12.4119306614417,NaN
13-Dec-2022,12.4890812563501,12.4890812563501,NaN
14-Dec-2022,11.5763967690593,11.5763967690593,NaN
15-Dec-2022,11.6990196347894,11.6990196347894,NaN
16-Dec-2022,11.5818311678871,11.5818311678871,NaN
19-Dec-2022,12.739134305274,12.739134305274,NaN
20-Dec-2022,12.949058021745,12.949058021745,NaN
21-Dec-2022,13.0883742424451,13.0883742424451,NaN
22-Dec-2022,13.3095756679657,13.3049674267186,NaN
23-Dec-2022,13.45616225625,13.45616225625,NaN
27-Dec-2022,13.7576780099406,13.7576780099406,NaN
28-Dec-2022,14.3386089947782,14.3386089947782,NaN
29-Dec-2022,13.8102972141361,13.8102972141361,NaN
30-Dec-2022,13.1945159430242,13.1945159430242,NaN
