Datetime,btc,eth,usdt,xrp,ltc,bch,ada,dot,bnb,link,xlm,usdc,wbtc,bsv,xmr,eos,trx,cel,xem,xtz,snx,okb,theta,neo,vet,cro,dai,aave,atom,leo,dash,busd,mkr,uni,ceth,doge,miota,fil,cdai,ht,zec,yfi,cusdc,etc,sol,ftt,zil,comp,dcr,hbtc,ksm,waves,egld,AVAX,pax,sushi,uma,renbtc,stx,ont,omg,lrc,near,luna,nano,icx,dgb,bat,rsr,alink,grt,esd,algo,zrx,tusd,ren,nexo,bcha,qtum,rune,hbar,husd,nxm,chsb,zen,ampl,btt,aeth,ewt,btg,knc,xvg,qnt,ust,sc,SNT,lsk,band,iost,bal
2020-11-01,254763991877.13,43845556068.31,16637969466.61,10813168803.06,3617673991.63,4848131442.67,2912865537.62,3844917441.87,4172503445.79,4366177875.57,1610953895.07,2934239620.53,1614396142.78,3052102561.09,2220124528.13,2370956219.69,1841243601.96,506046956.00,876441912.54,1466566335.56,370477538.36,1238915421.68,605153724.66,1037282885.91,651891007.73,1793008973.26,941065488.95,329410038.29,1123884940.25,1233929973.76,680920248.17,709426596.22,479586945.28,479933274.31,434774178.96,326352750.43,695448942.07,798343369.49,1361334947.84,975147696.04,599259013.97,310033058.64,223295119.18,604439159.11,70678039.41,338596455.74,200257830.01,354800278.47,149675699.82,,272567361.61,322235798.06,106248067.90,89114860.09,434055073.40,60304723.48,373554595.81,298475222.11,138300226.97,343647422.51,432718711.52,173294318.99,0.00,137589443.77,98566147.42,185548335.90,273465814.84,275306685.88,108278418.38,323020938.87,,71007006.29,199634556.74,235145908.33,256403618.60,241785978.22,97776198.60,,202150771.79,85259212.02,173074295.85,277793823.87,157987224.00,45909996.19,57087931.77,133441234.79,197736280.49,209608553.07,194074838.37,124898865.08,154431386.11,66962216.97,175084155.61,0.00,113610551.29,82868004.60,145596797.11,97510485.28,82709485.85,79330858.06
2020-11-02,251440755919.43,43814878555.18,16661193869.91,10712176252.84,3580112678.38,4816563486.22,2975382868.27,3782768615.03,4220099484.92,4384959743.43,1609908108.20,2932693926.19,1600218595.79,3006649229.49,2145465686.72,2344082919.22,1800884614.31,503645457.24,894500972.70,1448960934.64,355408091.69,1220502616.58,607820047.65,1078758045.94,661697564.35,1765686191.35,948231764.59,344940177.78,1113572875.98,1231917032.80,653578877.02,704226811.67,486138123.87,488350225.30,423848935.05,322116004.98,695685365.93,791123380.28,1375103360.66,931454624.20,585754365.71,315061637.59,229253018.82,590923967.73,69028220.05,329814818.17,200319562.54,361948297.07,148365541.89,,273228555.02,318907769.03,108307550.78,90255295.96,433725209.02,59506331.86,380837130.19,296267371.64,137161846.98,346957720.38,425740773.94,169647202.18,0.00,135733436.78,96542984.91,186817332.03,275747747.42,276452100.35,110126440.96,330885423.85,,70904733.39,201681689.64,246212152.98,253713259.30,234789276.31,98698599.46,,204184215.35,85464575.78,175752294.49,278990462.09,156937591.66,46318676.42,56922268.83,148827849.37,193682575.44,210209636.97,189978257.58,123354919.09,154199715.37,66724305.79,168822152.09,0.00,111160786.86,81712694.97,144382006.42,98225715.33,80414835.46,77183153.32
2020-11-03,251283623991.32,43216387596.24,16697778451.92,10706696277.08,3485303125.53,4479582400.06,2863124702.64,3682843810.70,3958893625.23,4047469147.57,1555615580.38,2944798291.49,1600081451.79,2815644919.97,2107161316.57,2214944604.33,1727076329.22,500995013.44,887056225.20,1399632436.71,329299417.70,1163289631.86,578353014.30,1033566675.21,634338576.57,1655462144.72,958657063.87,319252892.48,1061335570.40,1222877768.64,627569900.08,696212725.65,472619056.38,455116183.14,404923248.88,318413657.99,666937250.54,775735921.91,1395928274.79,841042550.91,548005555.73,288871731.54,233327686.15,560777318.38,66267526.50,318612592.20,193199882.70,334665707.04,143637776.01,,262651873.78,312862527.71,105956962.81,83511643.32,427773687.39,52365547.17,362251515.13,293758072.47,131317530.29,327410214.98,405045911.08,164151794.21,0.00,129062366.07,95767743.60,181406476.90,266644806.62,268427897.87,98805584.08,330885423.85,,70851561.84,186936961.06,234596386.76,254104870.02,221899652.09,92319053.54,,189467203.41,79193323.41,172600130.61,275563138.17,139741587.77,46317394.50,56170087.83,146945097.71,183811580.31,210209636.97,178504851.93,120550078.20,146371230.62,64322129.09,160469795.21,0.00,108262745.45,74852718.16,138783574.73,91626910.79,74953204.45,72530467.44
2020-11-04,256853815486.78,43493898237.02,16749158589.78,10739144847.67,3521076613.33,4434807976.27,2928502487.97,3708363991.37,3926088862.02,4002986150.18,1556444162.98,2914554123.03,1687820955.37,2808492974.62,2109006862.31,2217912547.34,1729337560.69,523607262.66,882922438.55,1386713210.67,329710247.53,1145705604.71,575983554.63,1004618330.40,598356678.48,1638699940.13,958551719.66,313477191.19,1046111764.11,1221635430.67,626629400.11,686264137.76,466526519.07,444144566.34,418370674.97,319794737.71,660735229.33,794850833.63,1388949488.61,823299745.64,548969097.95,266347211.85,264057886.39,558591303.64,62619345.92,314176054.45,195157268.91,336941592.92,151473355.35,,257721083.38,312484637.14,103663511.73,78266439.05,428980779.42,50584949.25,360586106.50,284210609.22,134079457.99,324902126.76,399563623.63,150640738.41,0.00,130125103.19,93974867.63,177817542.84,263619702.86,267438968.77,96130811.67,330885423.85,,62971956.07,186880175.92,227661514.28,260332174.69,223007296.51,97115213.60,,187756562.23,78104373.59,170967253.28,278896785.55,136532231.19,63236264.18,55473695.31,162448429.82,182079919.12,210209636.97,190076002.76,121688705.19,142441470.88,62637203.93,160195355.74,0.00,107810558.29,75594021.22,142622576.75,91270029.95,72661260.82,71730533.08
2020-11-05,269847186167.88,45788665458.60,16803210969.06,10843524951.61,3666124757.60,4543848535.60,2968102260.55,3811701463.57,4051119927.35,4107044299.12,1558840320.39,2886767800.76,1778159084.76,2856163220.65,2057194881.81,2263731025.73,1745825386.83,590223753.20,891945681.28,1402735455.70,356737497.99,1191517478.73,589574510.66,1007039322.67,621048073.30,1645588104.58,952120005.73,313102098.24,1054833987.35,1224804208.37,634845218.06,678149854.57,480285635.66,413036802.05,456926770.11,326677952.31,658247053.78,817595957.85,1375171571.83,836578950.30,562626118.25,255570659.73,288909654.07,569524050.87,64363977.78,317379735.67,201453134.97,344611108.54,159486288.95,67367394.94,263189898.25,325836332.41,104071053.62,78084214.10,429494250.66,49748180.84,366519836.11,297110150.90,135866966.02,327737940.68,394474401.52,148194308.00,0.00,131217984.42,94363090.61,179038583.90,266515952.90,276700966.15,97147725.30,330885423.85,,60275184.65,196143923.93,232202496.83,262233443.42,220130813.09,98438996.75,,189815896.09,86648221.42,172575136.31,282132714.95,137842623.75,65132475.50,53767072.10,169562896.23,183616571.43,210209636.97,198321903.53,123139448.07,141655741.20,64278192.43,168302016.94,0.00,107995582.45,79249287.67,143487028.06,91578383.28,73481335.26,72721908.94
2020-11-06,287306335873.18,49603978671.75,16991470071.47,11525966385.05,4031161082.25,4728015346.51,3274099741.09,4128826844.35,4254091689.61,4485590425.23,1739480781.42,2874136504.31,1912388046.39,3026999691.92,2134884198.29,2362762128.51,1834655484.16,640370625.47,1018043626.35,1516416609.79,438480446.72,1267740623.78,655748373.71,1084655359.52,683251563.52,1658989282.79,955254489.25,409795229.66,1137460829.81,1227297800.78,677729584.86,660182348.91,484371671.50,538082997.57,500294256.51,344069217.49,713898182.47,879088179.30,1388625473.07,868702810.27,602966516.06,293456001.71,289359119.23,606520657.47,77077940.04,329954755.54,217538979.82,372276808.63,175286586.81,,288853699.59,349689285.52,113525834.84,85391048.49,433520441.08,56119912.16,393729097.63,311370012.83,147887597.54,354986578.57,431899984.31,158649799.08,0.00,138583840.96,102346064.64,194760704.17,282453099.83,293490986.03,121724178.73,330885423.85,,59001190.51,208927869.50,261972653.42,266876351.33,256460327.18,99160429.45,,206140675.47,103641888.71,184212837.31,286381611.13,145698440.93,75614787.11,56136577.52,187494484.04,192464619.06,210209636.97,215995010.27,129796525.83,157683573.25,70833863.52,179977256.91,0.00,116263827.13,89760437.10,153649832.75,104869701.23,81427691.11,78857443.84
2020-11-07,287279817070.41,51940847157.98,17125040268.56,11868338818.05,4154600585.49,4948685744.94,3427105552.83,4293671554.46,4296644090.00,5014903510.29,1771679144.28,2897250905.04,1911107987.08,3149166427.70,2157477490.15,2435452377.62,1891077139.14,672563315.46,1129886927.12,1588460612.71,493655236.39,1301336409.11,691355058.42,1120590781.55,732961319.59,1668256611.67,958670718.17,470494907.07,1188738886.87,1247566538.76,692279557.90,639929905.40,493489293.51,589903824.33,530984684.42,354246320.83,744381132.15,949781146.01,1396306184.27,892570909.57,634487573.17,438411028.51,290829223.36,630673220.25,99611345.24,331592952.09,228518706.63,403043017.46,182451534.29,,298186833.90,362093244.42,120016052.33,90267645.14,432914770.75,86059153.37,410148313.20,301946936.31,153830447.86,371879785.02,464866853.28,173744746.05,0.00,141844701.28,103421780.52,204284896.01,294036032.92,301863333.34,136168389.55,330885423.85,,60562483.01,225336680.31,277489329.54,271421688.25,284466429.13,96892217.29,,216427704.33,110521749.93,187271513.03,286683723.89,157542135.48,79215658.09,60085906.29,191347449.45,197954307.88,210209636.97,258977889.68,132830845.32,166420744.03,71604841.23,177961818.59,0.00,118139061.65,92074478.72,160135986.28,129078919.17,84954321.40,84929625.80
2020-11-08,280262690955.71,50158339475.47,17204628722.89,11424577225.24,3937210041.23,4795143409.43,3283588864.72,3996895657.58,4169223325.07,4789477283.61,1696797548.70,2894861410.31,1861526575.19,3023325399.65,2031380757.70,2387217043.01,1811358425.68,662353244.50,1101127840.97,1567098623.82,534711392.73,1282754340.32,654860501.16,1075449532.82,709527600.52,1562035082.72,960819999.79,545373024.61,1128698810.23,1250037548.21,663995336.88,635106631.98,477400650.76,571096151.39,516029012.82,344031981.23,728670260.37,922744460.18,1407453792.39,876230204.07,606744309.61,434583545.17,292771668.84,599470717.99,96120540.25,322460920.43,215053742.92,375920368.14,203066273.18,,287344593.60,348598930.27,114765633.90,85362108.95,435149679.91,83190458.23,388194142.94,290166570.06,162804237.85,353593366.76,440589035.11,179411373.15,0.00,139329851.28,100213347.15,195584353.18,287596011.69,289850910.69,125153724.62,330885423.85,,62150973.40,210436509.47,256856708.67,272928547.92,264894498.94,95566924.13,,206842072.68,112669060.90,181872134.34,286819160.48,154068912.85,74944757.20,62706761.26,186320124.03,191860294.99,210209636.97,242537920.49,129566900.99,159113572.63,68284161.87,173740389.74,0.00,118418449.54,87102904.56,157182320.63,123274729.95,79958971.69,82082097.20
2020-11-09,285429476566.83,51073851284.25,17257547745.36,11386290742.83,3953391981.01,4950524493.73,3267673234.99,4068032922.04,4179392971.40,4900614119.36,1687247818.00,2873619705.84,1897150609.74,3031987326.97,2087095555.64,2382196901.45,1808842890.07,683515963.46,1129627830.29,1562399800.76,558174334.32,1278659417.29,637945258.71,1076825841.31,711376291.44,1555824111.50,961169187.29,616497545.19,1146227376.31,1250923249.31,665126819.84,617952553.67,481619164.84,578969221.51,517019866.56,344719052.77,702366380.77,956461481.73,1489082115.16,876991661.55,617912116.26,444535204.95,328859397.04,595755894.09,94841112.75,326556225.54,216877975.45,378104626.39,199801486.17,67367394.94,298814584.87,352015354.04,118108183.22,83511726.98,434783662.86,82311074.03,393850458.61,295141514.80,175566583.88,363240484.74,441735646.78,189669291.91,0.00,139457151.15,101558520.03,194765087.64,290150240.33,287588156.36,134848931.57,330885423.85,,62160396.10,212566302.86,254605590.84,272285937.66,273479016.10,93562351.44,,205531482.61,128563869.61,182838671.93,286723531.04,156303534.79,77132631.60,63282761.80,190357986.14,194269311.54,210209636.97,252744248.60,130766935.62,161207232.40,70229567.92,173508279.25,0.00,117500252.69,93426889.63,156839808.02,130655383.64,83014971.63,83873372.08
2020-11-10,283638695885.61,50742301251.12,17345226000.83,11498630455.81,3851992738.46,4821568663.61,3295889354.12,4078474648.48,4154772657.60,5021922645.78,1684120816.85,2848875799.11,1886392015.35,2958441872.49,2061174592.85,2366068253.99,1788325944.51,675586798.11,1129604215.61,1598774911.19,594192636.28,1279770754.06,640580340.39,1091263419.63,744437081.19,1491893416.01,966709295.54,699200669.17,1212376360.96,1252991241.37,673460864.69,603378721.73,485649818.80,614644225.75,504573639.48,349495579.48,704559373.39,972946878.90,1517079086.32,866843060.39,635444772.39,522759406.42,332038625.46,594098448.76,99352101.17,335817282.34,227851048.54,392188342.42,196109753.54,67367394.94,298917536.99,379930923.44,119439333.22,85999378.33,434433165.08,83575576.50,399645561.44,292442277.81,177571392.27,369626339.43,444934268.63,193570618.31,0.00,141880638.07,100208298.59,198875200.12,282836353.27,298788903.80,144372676.98,330885423.85,,63268226.17,218927309.76,269462599.25,273457572.55,293730062.85,93867044.26,,205743927.19,138058312.02,190155490.60,287816986.84,156992274.52,86163307.20,64864777.97,189017218.74,192844560.76,210209636.97,240867235.34,128122675.84,167566100.33,72342923.67,173268581.76,0.00,119297260.98,105095065.46,161019515.18,140218848.36,85402155.17,92341637.76
2020-11-11,287065814641.96,52371456765.89,17452931183.13,11625894255.14,3917945644.11,4785062488.63,3340027258.72,4170177482.68,4155912642.86,5132988713.53,1692486630.04,2842461221.37,1913028136.57,2942628887.25,2060921645.83,2375861436.19,1802134245.52,699563650.28,1193167622.43,1610236005.13,598426199.99,1305007022.30,636452017.14,1103691594.80,752036691.30,1493568616.73,998303671.19,688056376.49,1220302775.33,1264744684.78,685564569.69,621986610.36,501551140.86,665934466.54,531198415.25,355938992.01,707610241.56,987369730.38,1609226775.33,858195895.09,623451771.29,533618663.17,334511343.12,595484852.53,98413294.67,341075680.30,231301096.64,423221189.84,186357242.70,,323528900.53,377163036.62,117126787.59,88519706.20,434681102.35,87745063.47,466185710.26,296376125.28,190945534.26,377931265.25,477779366.32,238374704.91,0.00,151407711.13,101018059.99,203867764.49,277014490.69,300854376.82,161112817.75,330885423.85,,65891289.14,228853339.54,268726223.40,275370739.24,290689091.29,100983200.24,,209381622.61,140909787.57,196961412.15,287789354.06,170642935.29,87581094.82,66997421.36,195614239.16,193428469.26,210209636.97,245630007.94,128957821.38,181986202.13,75177975.92,178007173.14,0.00,122826247.46,101888525.42,159976399.04,139144559.47,86890355.68,114482485.85
2020-11-12,293518646092.55,52078391335.85,17550082961.94,11563478320.42,3861793196.11,4783769403.20,3276089284.58,4071122090.81,4116410324.03,4962002276.34,1677589018.24,2828485459.90,1949404635.69,2921233854.27,1994864861.49,2349380857.12,1795048762.33,684641507.76,1182494474.86,1575199603.30,528523484.99,1324298685.97,611413357.29,1093639076.23,738232528.22,1519785016.85,1000526798.08,651415304.61,1220209888.92,1265301680.78,739165290.13,627069817.18,490189836.03,640494115.09,527908279.99,352383040.16,697414546.85,987792243.63,1640508097.30,847646496.94,643125106.79,494536205.39,329043948.83,585829826.05,90668535.32,338566367.44,226420130.67,407400573.34,194968006.04,67367394.94,334092490.03,381769950.59,112158147.01,84771195.60,433545730.23,82847637.36,437857269.06,304772974.04,228218420.42,371513769.93,498837631.53,215610199.57,0.00,147406623.40,104779476.65,207794088.87,268222058.93,297464936.42,160737282.64,330885423.85,,66261077.16,216689903.47,262761939.27,280017093.36,276160687.65,104141575.62,,211902816.88,134988090.14,192985116.58,283805407.46,168249433.36,86207875.38,63416931.33,191913556.04,191730974.75,210209636.97,244826969.06,131827267.98,172627795.03,72088177.97,180571752.20,0.00,120776649.36,98942076.04,156372509.97,129520254.11,85872464.12,109636357.02
2020-11-13,301291098431.43,52726130938.74,17698051129.68,11652923526.57,4170868385.48,4776922106.46,3301812729.50,4133639852.04,4136857631.68,4975246615.14,1697367535.27,2811869763.07,2003368975.83,2936326796.18,2010437452.19,2356390368.96,1797970950.30,685970604.21,1182831604.02,1585165214.40,554990042.05,1341165682.94,608288439.93,1109718630.32,751409227.14,1505757047.02,1001920180.58,718168465.26,1230860777.33,1256422591.68,757688463.66,636869031.65,494381774.07,702807219.54,548581393.08,356967939.01,697075734.22,990996653.81,1638560246.03,851120932.14,659993790.79,521659129.41,352276658.77,588758763.92,91075349.78,342632467.75,226969242.17,419909962.20,221288821.42,67367394.94,343962068.37,401393193.62,111325843.10,85298710.43,431949963.32,94510794.72,440693994.20,312681153.73,238886473.41,372303766.75,496259971.09,219508459.95,0.00,148792701.97,101598309.93,210965856.26,267934568.91,298856192.09,160623422.92,330885423.85,,66430731.75,219188002.75,267878792.30,279417594.61,275016648.98,107658257.60,,210411441.29,138922862.38,193569019.49,284742910.49,168557100.30,89920219.04,64454811.56,185733588.25,191733495.88,210209636.97,245980732.95,133490627.58,179079932.48,73963551.67,185359500.34,0.00,121215233.82,100576113.35,158132106.72,132613209.46,85479284.92,114527306.59
2020-11-14,296768283297.44,52284504485.22,17832987892.14,12099397384.71,4165627381.38,4781031641.83,3224034563.84,4167516923.84,4107103691.05,4927289996.29,1711849128.65,2813545777.45,1982779344.29,2933446772.49,2039631960.70,2403617292.88,1804540033.36,735638873.70,1215802080.11,1569701316.60,544786177.30,1302694970.85,609064633.84,1108520845.54,729312249.37,1454672168.31,1005892969.56,720215909.99,1214228465.47,1253137408.07,754515242.57,641054124.69,486971178.92,797484523.91,557094871.79,352113925.46,701071534.13,992342677.47,1636679628.98,844369948.04,662036254.39,512956132.41,352092101.19,585567415.47,89160441.43,336423706.09,227243563.24,448231682.90,225929984.31,67367394.94,330991217.11,426849449.98,107989627.27,85847592.90,447525963.27,112605474.35,441303952.84,303949979.70,230278595.96,371368446.71,480794635.03,213032346.11,0.00,145200618.27,100974736.53,204873470.66,264768528.75,291857561.87,151351580.09,330885423.85,,74888699.45,215314463.75,267777982.29,279765953.29,269981585.06,113629230.81,,209861504.98,152484618.14,193780118.47,284010354.98,165344478.59,92597692.88,64061244.80,190143656.57,191599078.10,,233565750.46,131587660.96,178246000.48,73352841.27,183605311.94,0.00,120360937.78,101473100.07,156791738.84,128819101.33,81842333.66,120087361.39
2020-11-15,296784298224.22,52004949300.09,17878237584.05,12321863602.28,4143822693.49,4694806212.36,3212431025.91,4135856593.83,4127318015.63,4897215941.67,1702433951.01,2831752742.43,1978681886.10,2898950886.64,2068908223.95,2391231874.37,1810490445.05,725704215.66,1221266976.66,1549287661.39,567994939.39,1286543271.58,613115323.15,1106379794.90,729587749.21,1433381715.91,1016829507.23,792843253.22,1201032487.57,1236839215.04,740782911.23,656801312.05,477227663.01,869107714.26,550703810.47,352379131.10,700897995.75,994974623.16,1639245857.31,845614766.41,655937413.86,528755174.76,344671859.01,581585394.78,94278331.75,335992216.17,231070521.61,483090716.75,237055453.06,67367394.94,325769392.81,431493928.06,108968654.36,86336210.08,446557510.20,141309100.58,459117155.51,304573396.24,227541541.60,368520738.13,476721510.34,217208527.28,0.00,143010816.84,99963030.29,203192384.89,261603796.82,292400491.67,152084913.16,330885423.85,,85373274.48,214756545.89,267745545.99,282900559.24,270450181.70,114799186.76,0.00,209405238.62,184009753.87,188640544.75,282391099.31,169315057.79,91493390.45,65133469.29,181408599.07,192774280.63,210209636.97,227451822.02,133325782.20,181501703.07,72363571.45,186789225.59,0.00,119890975.99,100586170.44,155578331.29,129205497.90,81545085.14,124714925.58
2020-11-16,301604617751.38,51621660464.99,17876339371.64,12372340240.99,4447987174.54,4606534765.80,3188066195.47,4117259875.19,4107964096.90,4843022733.47,1695272174.29,2827375058.44,2016297821.64,2907840542.31,2093355848.94,2395856914.20,1821532789.06,703066153.99,1221037877.93,1531508788.39,570246445.94,1288151346.35,616100471.73,1099340841.68,725579785.32,1419709196.26,1014308348.29,795238577.47,1214024025.49,1234605082.20,773957496.84,661490601.79,472363261.31,817434598.69,538198581.65,353961274.51,705498337.07,978453520.51,1630706413.46,843649803.30,665554103.83,542374005.90,347048300.71,591733209.65,102979272.29,335244631.86,239517130.37,473824226.97,228849172.77,98424763.42,324725331.49,488134961.12,112106109.63,89943900.92,446736358.80,157609711.67,453948219.46,305977335.32,231700130.83,365428850.70,479896792.89,217366945.05,0.00,144250647.76,97964172.80,199584752.63,262676482.52,291145430.53,152711497.02,330885423.85,,105290737.21,210966679.59,261730784.72,276105320.77,271514110.30,112891781.03,0.00,207457742.32,202256692.65,190007163.12,274155656.82,180646667.49,92926936.39,65537532.21,173023802.79,192672201.65,210209636.97,225668514.94,131489051.79,183111701.69,72572928.60,189721117.92,0.00,120029920.49,100238222.38,153408539.26,127537405.99,81543129.05,121218011.62
2020-11-17,310700045670.79,52882713768.27,17952372540.44,13533125208.97,4859130777.94,4688977646.31,3392513733.58,4452258960.81,4208178734.07,5037306273.99,1774098504.40,2831552405.75,2082709921.11,3005719400.42,2121530469.51,2532150689.58,1876767778.34,725807806.47,1208525242.44,1590662443.03,623094943.97,1316544998.11,641216680.09,1141337480.42,764140581.05,1408331085.50,1015642568.17,861613478.35,1235929787.08,1261576210.44,806328277.48,661679956.86,471228602.48,786498858.31,556724176.48,371799008.99,727166239.49,1040363034.11,1640294159.37,856405907.31,686076159.46,604801250.29,340763783.28,651357993.73,102958639.06,345282535.08,250864876.13,486952044.05,221403997.23,100632615.83,336934621.28,486791443.42,112820596.38,92830651.65,425946680.49,162976759.67,465753868.34,307983785.39,226526975.65,388103641.18,487492710.60,219781572.49,0.00,147464605.15,99779464.33,203761051.13,261580153.68,301681471.12,166274892.90,330885423.85,,132515738.05,218846053.61,279360488.08,274555372.39,292706593.73,115604535.52,0.00,218682205.62,198235895.80,191901255.16,262655411.58,198315121.31,98590515.45,65898841.99,174190876.78,196689140.49,,221484312.27,137455637.84,190869905.66,75121318.52,193523605.93,0.00,122782893.87,100997084.35,160725126.40,133240420.27,82251708.54,130535551.12
2020-11-18,330503418697.27,54017947929.21,18025027243.47,13294221178.55,4835813602.18,4584993575.55,3303524102.26,4379019006.77,4162060618.30,5275995183.30,1756822907.91,2801168857.98,2212585675.09,3000757677.16,2180941767.76,2472444926.09,1844196473.51,771749900.09,1165016169.52,1561420125.36,640628083.09,1343902118.64,637657956.82,1113086432.30,764400342.52,1416677072.00,1016471734.61,870963750.60,1213666501.44,1264959994.88,786249843.58,683933347.12,467782336.23,759097262.84,585332339.74,371756243.14,711701905.67,1050283959.35,1662445356.30,864183966.16,662248172.68,691927015.84,327627211.85,691829374.40,97064801.58,352207343.42,244629644.08,446144892.59,239060040.70,107289815.96,325577237.60,497661894.10,107552705.19,92168687.35,409907137.06,144419986.24,442971530.52,315308068.62,209175109.25,381267945.81,464191591.74,207670423.15,0.00,147346146.56,98000995.96,199357344.50,288130485.19,294402127.80,187841521.33,330885423.85,,128596130.71,211968173.35,272911874.61,269314230.24,285536627.52,127915836.14,0.00,220330336.77,195446669.10,183718677.91,259887527.51,193587952.36,102759044.23,65808401.50,171677470.69,197351610.85,210209636.97,227158619.83,162107576.08,181709231.91,72410704.99,187482125.88,0.00,122585583.68,108128236.95,164216416.32,136966243.76,77336551.13,126474038.69
2020-11-19,331160998810.73,53959309913.63,18116059751.12,13298944100.41,4949166656.88,4584829387.04,3315496883.42,4403883022.02,4149115915.93,5270584908.41,1754130173.61,2802302917.00,2212203699.92,3009318769.74,2134897960.14,2488159811.27,1860005788.39,771587593.19,1074830346.50,1564210480.47,634340162.85,1559241672.96,629630330.75,1112325514.08,750073488.57,1442418194.27,1000451583.71,885325644.65,1217380537.37,1256932664.34,787916459.38,685415692.72,463348878.63,746618258.17,643217170.07,371564781.36,707306351.35,1075137680.34,1670264861.43,940810201.07,656699737.14,776904313.28,336686613.63,694358713.64,96476260.52,348616329.82,244615082.46,453727660.67,240214361.31,107329402.32,319702647.39,531502601.51,108177734.97,90504136.94,405340093.47,164900629.36,436191039.56,308478377.56,205823217.87,379802445.44,459455643.33,209883332.90,0.00,150680805.09,97481405.27,197061960.94,289505383.15,297334484.47,188118006.64,330885423.85,,130776373.71,212947349.41,272302059.25,268532410.93,283510900.81,125751080.64,0.00,220695017.79,191797838.20,184633408.41,256399159.87,183976379.47,105652761.03,64548281.01,159398423.68,195990159.03,210209636.97,223249306.38,156053943.05,187210637.05,71408326.48,186117624.91,0.00,121056563.84,103337251.72,163964117.03,133821912.65,77673890.81,123787254.76
2020-11-20,338922700480.80,56899766625.44,18195199614.34,13794533366.04,5409457641.91,4738985428.32,3386023861.86,4917276124.54,4222727923.01,5527990602.89,1789566864.89,2801619958.00,2269024960.69,3071760848.94,2155735823.53,2552308411.89,1876048788.14,803029968.60,1056812175.27,1575729828.38,692998026.36,1624827272.26,633556838.78,1158520426.88,763612503.85,1517561460.88,997866974.75,917723076.44,1258280799.17,1235493857.36,818725881.07,690452839.46,467746309.38,837364895.46,667755333.74,373957686.04,717382345.57,1101401085.65,1678113853.47,993154576.86,662379105.80,846659406.92,342451941.73,687835936.11,98555403.15,357448716.86,248126983.85,466405664.52,258325706.05,109564739.75,340068444.56,664776743.16,112041712.86,91598012.55,398116974.19,205431282.45,446237126.57,313976644.05,189672693.86,392117977.37,473785522.17,219772883.01,0.00,157899742.99,99099816.65,203465770.29,292694185.04,294813853.99,215154207.21,330885423.85,,113363326.09,221612543.93,279157562.42,264587056.06,284298834.09,123163297.54,0.00,241826763.84,204663679.07,185935556.25,246758583.33,191463099.86,112004859.18,65640652.22,172090761.40,197271552.06,210209636.97,229976960.43,164439284.81,186314258.09,72514063.82,188225116.35,0.00,122233257.03,104031302.35,167725664.13,138702444.59,80145948.93,132443486.63
2020-11-21,346490021046.12,58527144676.53,18368663768.98,16892001255.82,5509954537.85,5018934155.28,3878952087.03,4963519851.72,4304993170.98,5626011606.04,2018233445.68,2814620278.05,2318861668.26,3244905681.90,2188829269.00,2742382954.40,1981212006.61,863252920.54,1186554035.22,1674102139.44,697797831.46,1620234182.92,654194575.93,1238990311.35,831127243.30,1650512629.25,1014065307.90,874074161.48,1325217915.86,1235995238.63,854236542.66,681993672.82,487601696.20,808082863.82,660240626.52,412576204.84,791694082.18,1119039489.24,1692138221.44,991608298.12,695479334.12,795915264.52,351472883.18,711996692.60,101088511.42,363211883.52,261064924.24,473620021.07,278677847.40,111713672.63,344460271.93,663879364.42,113021835.50,94984411.45,401597884.66,196652737.26,451994830.73,323262646.37,195514504.35,418325248.59,564758005.99,224158620.17,0.00,160935703.37,106939261.34,216927715.83,290908541.79,320365400.40,228321772.79,330885423.85,,114530114.95,245052098.95,297725042.87,269694194.09,291434693.99,136515046.00,0.00,259792636.43,204709359.43,199986049.09,249531777.65,194780054.37,111252935.96,68080251.40,184200553.61,203868396.20,210209636.97,238375385.14,166989580.33,199579742.61,75503253.90,179679563.10,0.00,128277590.28,112634358.64,176623991.11,148971852.45,84105564.88,150594914.79
2020-11-22,341995722175.51,61540661285.75,18426968453.40,20192761219.16,5541078586.99,5388728498.27,4103077138.96,5135668203.29,4438664827.12,5795201201.07,2183241674.04,2881572383.90,2292219131.08,3411101342.29,2214476465.72,2917221312.62,2057329752.91,887400051.17,1184318832.30,1721999602.99,662639597.41,1659954908.68,658098066.51,1234737460.64,886156327.37,1558410899.25,1020359805.49,816627200.11,1328214780.80,1245716047.59,890454299.72,666370266.15,493070051.78,797998290.07,679772874.77,424809151.22,845922958.31,1140160558.19,1695109186.62,992209935.22,728182055.96,710014909.35,366288085.22,725254525.84,100969712.28,368739731.54,259989718.41,476017801.24,270402248.83,110345890.66,351263417.14,624943839.29,115688955.19,94321777.50,410716892.31,191108953.47,449348298.60,318566419.14,196083168.14,431664970.52,551046430.27,227614201.42,210584626.67,166580364.86,116701663.81,221741146.75,302260510.06,326534666.72,212258165.04,330885423.85,,118703254.79,242203148.60,295670324.01,287534984.54,301004424.01,136692363.80,0.00,261142948.63,190384560.98,197191859.35,250329901.99,198973859.08,103918640.96,84295129.81,197368868.78,206069568.78,210209636.97,236408752.35,163493861.29,201695443.02,79645944.98,166174429.73,0.00,135078390.29,132108047.10,176972992.90,155158092.76,86313310.84,153690467.17
2020-11-23,342001514416.66,67098794614.65,18483466896.19,21115715520.05,5733866135.43,5511291766.98,4668496640.18,5306375055.07,4496539987.59,5845660697.15,2292351149.80,2881496842.84,2290719046.28,3426905668.77,2228284920.32,3027075350.62,2149055752.71,954182797.93,1208159904.35,1898920679.94,701603004.33,1719881159.59,663332055.09,1264412250.72,1009800682.39,1554650732.21,1020383519.10,834203369.77,1348437240.41,1258524698.50,905242575.11,653302712.47,526906643.17,819751540.01,741081989.08,430049205.22,943944359.38,1151011561.96,1693666931.42,992649990.43,753650415.03,755825186.69,409898763.25,730921126.43,103278913.08,380756929.78,264666340.47,483763740.19,269996663.66,109945177.67,357346497.57,781597273.20,121136923.94,99529069.69,405589996.66,197767757.08,462395125.87,316514885.21,203544989.74,446691277.36,565335783.85,230768555.93,229535840.05,169483994.35,131867810.15,230699171.40,312802318.09,343796938.49,212395938.88,330885423.85,,118761699.94,253708220.28,310264194.46,317246379.63,328022949.42,141136734.54,0.00,275319713.30,190243720.19,208844927.18,249938336.26,200296612.98,104262991.09,117730676.17,199574876.89,210850579.72,210209636.97,246470475.27,165521024.77,213859982.03,81805197.96,167938885.45,0.00,135847631.57,135250900.59,182093300.23,158872774.80,89928702.23,163009717.44
2020-11-24,349885241815.35,68885137118.51,18620043047.11,30238693443.38,5891395135.46,6333249759.92,5199692372.04,5405852451.68,4870753008.85,6158353661.75,3521788994.87,2867015656.30,2344688539.55,3773124443.90,2349520582.26,3318900400.02,2472254088.14,950630232.30,1440503430.49,2004565579.48,712476044.97,1684291058.03,690011339.29,1385191726.46,1049150284.10,1710632071.66,1023674388.67,822386280.21,1428351617.50,1267985116.30,1058265015.36,640269189.41,550066889.18,885326388.20,754535184.30,489643354.10,1041342081.08,1192365539.81,1711811186.38,1020160794.45,841834488.71,735859306.00,420036985.15,828516598.64,103518322.47,397058540.07,279250214.07,504506033.75,270992349.28,112881562.64,404755450.61,772418184.14,130038535.25,100854760.16,405450880.74,173213806.86,477176071.47,316370570.60,215209287.06,484216917.22,601756387.46,243431034.72,243323388.29,186343117.26,156924013.16,260362172.59,333780201.37,382856123.78,219507977.06,330885423.85,,119341014.66,285838674.90,334521728.59,312720609.61,327999647.31,135989186.15,0.00,307494577.12,198396330.52,222066669.92,255684916.91,194137371.06,100845138.92,137485215.40,211595699.88,230387762.94,210209636.97,247793361.05,176143172.89,223327697.02,113270655.18,167392049.29,0.00,154008395.91,164818935.39,205860311.13,165843802.84,96970025.41,158385986.81
2020-11-25,353492737755.20,67337035610.81,18627189322.85,30734087741.38,5782339795.91,6339661065.18,5181355091.21,5223522816.19,4882439034.12,6009625119.60,4331737321.40,2861321570.48,2365337238.30,3765752669.47,2395047533.81,3367239198.94,2540167538.02,906337590.10,1694229614.68,1998639725.90,667989279.37,1621954438.76,716199195.97,1443820652.52,1136484964.18,1763935587.27,1042109551.88,775550662.68,1477073966.23,1280796623.21,1100548795.69,628159694.86,542599877.04,854848456.49,736181054.63,512803897.63,1040248169.61,1252955251.39,1726373213.62,1004087993.90,870035758.12,707219992.76,420421301.08,880347515.59,106798914.36,394370788.07,357095082.28,510729325.49,265860707.04,114107577.97,411535259.65,738652695.21,131077669.69,103478666.00,415742011.23,174836492.72,478121331.91,319421796.28,212010428.92,516527839.12,622560781.08,267346423.82,238023595.09,193902530.69,176102785.05,286150735.33,382222166.78,391666917.45,209504251.36,330885423.85,,116664377.33,306572428.53,360408724.65,319260091.19,333391042.79,137987451.36,0.00,313949220.64,205567530.75,229184061.59,255756426.66,176108225.23,98003799.37,167166867.47,224720516.06,233186914.53,210209636.97,237463797.69,177990529.40,238044161.44,144645782.20,173085637.98,13248650.01,174485676.95,185514011.21,215455905.40,160915709.58,108137862.22,152620539.13
2020-11-26,318477110648.40,58201264363.53,18976220488.80,24153395294.46,4949419099.46,5153307515.40,4225039047.97,4460376890.81,4179937805.27,4922370320.05,3492833841.94,2894570454.75,2144305662.68,3234963788.26,2051985828.88,2885134665.78,2080647876.18,786751135.33,1441874089.32,1741538761.88,547642577.79,1473264758.69,618946344.16,1212137884.43,903853742.82,1446400529.29,1041900119.52,705890171.85,1302590858.64,1288374110.54,897294141.69,619452982.11,476638595.68,715441367.71,626088220.48,413986704.18,847855044.16,1240924354.62,1665073667.72,931522842.62,745479398.02,625364200.37,384083959.63,723835672.35,85509849.83,354842899.46,289418188.70,420427575.38,243183165.48,102931083.70,391058892.09,604414702.37,129315055.96,85858590.94,405863813.05,147375267.13,415605416.99,289196184.57,221106737.03,464941711.81,524236031.14,222990243.38,196164213.49,173082985.61,136832865.02,234946961.87,316131778.18,331269198.89,169893665.19,330885423.85,,115890497.53,246055966.90,299113403.50,307521076.24,275815604.27,126583716.06,0.00,262858581.93,169131918.65,202640969.13,243505393.26,145624372.93,89139921.21,133725145.72,216692463.74,205724237.16,210209636.97,208064790.91,154215192.74,195542533.49,106697529.44,158569144.98,15399817.85,142416836.21,145909658.36,178782551.24,132707239.57,92062375.34,128830210.58
2020-11-27,314871536602.43,58392441407.19,18983981954.51,24547923579.42,4557014269.59,4931839871.99,4252854758.57,4455141477.30,4159407432.03,4904365061.31,3956413136.98,2906601376.23,2091051204.09,3010292432.83,2064492918.26,2713562130.28,2077128804.31,834935358.20,1460120768.64,1691003439.12,550531875.05,1438414179.09,605805427.18,1187912140.89,929349173.30,1387358693.71,1018476332.09,735323082.40,1258740555.07,1297173337.62,900499206.57,637337478.66,472293738.38,714081365.08,545722500.10,412049411.90,847800031.95,1258958959.72,1508874631.17,938053158.64,726315567.18,709240837.25,380278605.98,714074194.36,85342301.82,359299573.78,279596931.65,411405999.90,246883494.03,101665830.98,417935508.69,644067758.19,128232555.89,87603668.10,399417252.55,173452924.42,415031434.74,285062695.25,220686611.80,442498924.79,499677477.51,218319425.66,199504140.94,176491557.12,145468672.73,226836532.96,300369757.06,328043866.80,173296096.00,330885423.85,,115037547.09,239583548.97,297095864.99,296099806.14,272980352.84,130496802.04,0.00,257847290.49,165846003.17,201758498.89,245476240.34,142632996.33,89415570.94,125334643.30,226909645.88,202004958.61,210209636.97,198213447.75,152636911.46,192588327.69,104859961.60,156802292.44,17339561.08,134014090.70,145925435.21,173045891.97,130417003.44,92518667.31,128695488.56
2020-11-28,318207408586.17,58797658575.46,19062825775.59,25459247195.40,4637834933.22,4973995413.32,4544562321.84,4482602328.43,4219793615.21,4977735737.86,4485656568.71,2914518306.55,2100958681.28,3027922978.75,2085041396.53,2739811169.29,2105299334.05,854768421.79,1631657843.55,1714255873.51,557631329.98,1450687725.69,605906697.60,1208100367.04,947690242.66,1401710836.91,1019534500.18,727268667.50,1277624765.05,1307291630.51,950958142.30,642818186.89,470202409.62,719321817.70,552104394.18,424057147.62,876470052.14,1274374596.12,1532970198.29,949456752.59,751888698.37,704979029.35,460750332.68,723031214.15,85833070.61,367198829.98,288573969.75,419294432.98,269777158.38,101915787.96,409024234.02,648715131.70,127022661.19,88221110.84,396875044.36,176906683.59,421168665.94,287266200.01,216590967.16,444576109.53,504660791.81,228008881.29,205366125.14,181415644.48,160693942.72,229107153.00,303432737.11,331965470.94,175709013.09,330885423.85,,115362857.72,246542462.60,299937279.96,309024679.83,273784759.68,141986790.16,0.00,267610923.44,169133908.91,205435361.06,242326955.20,141980228.60,89932871.28,130191944.03,224755246.71,204290865.85,210209636.97,192450103.37,156323401.74,193598464.54,108046120.54,158391662.99,17458076.07,136443576.26,155397062.55,174555953.77,130820518.68,95746387.59,129988796.65
2020-11-29,334987158821.00,62651768518.85,19121789990.90,27785237040.19,4958377757.41,5200630961.03,5085097234.56,4650286625.37,4381665906.51,5172408588.79,4217345055.83,2976964401.54,2217005142.91,3102448878.35,2171186699.05,2833945047.29,2176823569.15,908930165.89,1582304571.29,1761811271.37,572090921.03,1461114734.55,612736353.70,1228701465.73,989116687.21,1442729095.06,1021628814.95,774927784.94,1294553144.40,1306945235.35,1062183192.04,674896669.52,484255318.84,739857200.28,609256355.39,436555271.12,946578640.25,1296103120.40,1533156827.31,949189660.64,783155744.28,714350789.05,458986166.84,732973176.68,87321415.75,384215679.96,330338956.46,429812736.06,274237320.88,107519840.85,430369699.06,667138843.76,129505447.96,89529922.60,406453746.54,171820281.79,446547861.68,306111568.05,213501071.94,460712378.30,525106554.33,230448588.87,208747706.04,179300508.70,155671316.65,235060953.42,320461675.93,340955198.70,182313690.12,330885423.85,,116037978.26,251274092.93,306247798.08,307434351.84,278854368.24,162213695.80,0.00,276354345.37,175146809.53,211040467.65,250829851.07,148767567.32,92913917.33,154171656.17,246270733.57,210287563.61,210209636.97,190244355.82,158986567.66,204193446.95,114837925.13,157919795.58,17423660.86,144579638.74,162391550.37,181568390.31,134897427.66,99266106.40,134653281.07
2020-11-30,344093623043.98,66832363762.73,19126397865.07,28514861050.27,5240866990.42,5405223512.13,5215211608.89,4919944306.61,4489548039.67,5523620106.19,4282638333.71,2968217151.67,2284954816.49,3239579443.69,2210590489.98,2920425058.03,2234613281.47,942138429.11,1616302494.60,1815115296.10,635129964.67,1490901685.55,622133820.66,1264667238.11,1000495681.17,1466070194.66,1038212096.22,890341492.49,1317335019.42,1314001516.44,1098202613.64,681338575.59,503532602.88,784866694.72,648644921.06,445518895.11,965022427.33,1332260013.29,1522983802.30,956009570.91,810014385.17,776862827.67,455780553.36,759359604.29,90443745.06,413867705.00,332928791.75,442377575.98,295280213.45,110627342.83,465940573.53,702239319.66,130972264.07,91061885.29,408421879.77,188122894.33,450456294.14,316703354.19,221395232.12,471798702.18,541212586.63,234975606.48,218452993.73,188769838.82,157406190.78,240078320.05,332453273.48,351007689.82,189693876.33,330885423.85,,114402373.60,260676537.29,312547850.37,304951974.66,287648705.26,170928026.36,0.00,293208375.03,183120942.35,212112760.60,252611631.14,157579397.01,97773448.32,150286477.32,284071857.07,213057472.58,,191631481.27,164185839.81,208470848.18,115829823.04,159302004.49,17444011.82,147747270.56,164309146.10,185577464.05,139969691.09,102321673.91,141788185.87
2020-12-01,359427576743.61,68819787365.54,19111404942.14,29520690249.41,5850882821.53,5781768496.77,5188317321.96,4968802266.17,4614404691.01,5582598026.31,4244403155.06,2969973723.75,2364645638.45,3330411963.86,2291643006.97,3078757398.84,2313588076.39,936139150.34,1695496372.71,1837460094.89,648487330.57,1495973626.72,632892772.76,1303395641.73,1022007162.91,1520565918.38,1058154346.50,900732042.46,1305120513.44,1319020094.89,1095516694.26,676497531.88,501572912.71,795052634.37,688607349.09,443791936.65,959048252.79,1352151179.25,1571799904.97,962433764.95,835970707.28,783507362.00,455877872.43,779055311.80,92555237.51,425154957.90,332547527.99,438328214.37,304148304.63,115453475.91,482151515.35,685348427.72,132787470.00,89047945.93,402877938.09,226415407.46,446646074.64,333880994.92,222068251.78,478239294.62,545958117.24,232502130.42,223259197.36,187986844.18,159229745.32,251327629.96,323944215.77,361065094.35,198884797.51,330885423.85,,113530115.13,261413931.82,315018516.86,304767436.23,292644962.92,186616027.87,0.00,299255704.56,187009865.27,218709488.80,242866840.44,158082718.37,98220827.05,158898175.51,346448758.65,239460896.73,,192763863.54,166191334.22,206561403.14,117594064.75,161397240.82,17504515.49,152318026.19,162644846.22,192725634.35,139340982.80,102658945.11,140665747.47
2020-12-02,351968988960.94,67403831423.86,19402962264.24,27947333568.49,5753470292.49,5420672658.96,4882429429.83,4875238858.13,4480477409.03,5387264681.29,3987027374.31,2976923718.66,2273238012.49,3152562357.01,2265518257.05,2885031467.75,2213900618.34,918874503.39,1708660501.99,1779051274.19,702268970.36,1442067662.43,634982689.87,1268254323.65,986831332.00,1438837051.89,1063969854.33,998862189.50,1275267494.06,1331266412.84,1032716404.24,669338417.24,499431431.27,800559156.17,680624663.77,429311738.85,930846115.40,1358592092.82,1568641771.63,931700074.83,801535586.50,847665980.65,459999124.26,725130395.11,95503897.88,410799619.35,345188422.69,431216110.94,305631342.83,113166763.33,520357844.56,704658730.65,146110200.97,90595198.67,401336895.54,277022872.42,428906800.22,314958132.10,223276709.61,469794662.33,521489116.93,233205832.05,243166714.56,186026071.59,154724717.17,246053457.35,322044182.63,353760830.06,190793631.19,330885423.85,,112993476.99,251918251.09,311398946.98,303085741.28,282632767.67,181543360.19,0.00,284104163.53,206260117.10,227269579.63,248163809.00,153530639.78,97682081.24,144982425.53,371071925.14,227600003.46,210209636.97,188194598.10,158048030.45,202536083.50,118769642.28,156531778.32,21295186.90,153533016.18,154969039.65,196341955.18,142294545.99,104798254.82,139574113.95
2020-12-03,358201389157.98,68992178111.40,19466948541.78,28400263948.13,5842702138.46,5421778568.41,4985837710.10,5113625984.37,4488072936.31,5495705722.94,3985569710.88,2972662245.09,2313374584.84,3164924911.62,2287840033.06,2913303790.41,2248152005.06,924491217.76,1895050739.93,1813391579.57,701083455.67,1441683420.32,636976042.93,1288017328.99,1088102724.81,1451320525.25,1079751727.88,1031889206.22,1308711131.56,1324725095.76,1048713351.14,671504159.99,521981091.82,845247422.44,680338474.56,433589250.64,969801549.59,1363313836.20,1584749745.66,933072404.65,804785263.55,892976423.94,458498104.15,734845930.91,98454799.64,413440581.45,374290802.28,509963579.55,397959927.57,115475517.18,539552290.00,713066781.67,189364858.38,92730635.59,402096642.40,269298680.18,442147972.26,324232518.17,225925577.11,473879135.26,530279693.43,235199033.71,243495679.96,212054823.02,155449211.95,253083053.19,321600956.03,362207635.90,196565779.58,330885423.85,,115650830.45,277904829.23,317806228.38,332435317.72,300339883.32,181996874.21,0.00,296523102.63,223148802.89,245445905.58,249301371.98,157223168.99,100629793.54,144689367.83,424575270.05,226888583.69,210209636.97,190930281.51,165515096.20,205652975.15,122423080.85,159180084.07,64051139.06,155059101.98,152629778.39,206663240.06,155448533.32,105741589.75,147831885.63
2020-12-04,355562784977.71,68110230587.03,19551415786.67,27786589713.18,5698646224.48,5364507485.15,4934879843.96,4913338558.54,4432680737.60,5349951326.99,3912151044.81,2977103942.86,2291418473.83,3386581870.38,2352279439.96,2867126734.87,2215338696.25,912525922.58,2160346445.53,1775993880.24,698825525.79,1413076933.25,680806588.01,1279674287.66,1071477355.84,1431553631.44,1077455734.93,1047973831.39,1280193008.06,1324606550.01,1042712159.52,690695254.92,513057635.89,808207337.68,667173848.31,431434299.77,943001893.70,1350504805.90,1579497190.31,914967086.30,786516555.38,853201348.68,459986001.42,735454609.70,92524782.54,408603827.37,373072619.77,541870742.15,350338376.05,114618485.57,492352697.30,750402792.38,182209497.42,90928092.11,406141191.22,254964032.52,435603382.07,319979410.20,219829443.18,471643597.47,532076984.54,229221313.99,244524371.40,227445588.42,153111360.53,241952805.07,316690288.71,359764309.40,188631024.49,330885423.85,,114042872.09,283470919.62,310915986.47,330709881.10,308479358.56,216594921.42,0.00,286315114.63,228127613.20,235929256.07,251384207.37,157988667.76,103787538.68,137029777.24,419160985.18,220773735.89,210209636.97,189048314.01,164494647.47,199839227.99,116474335.80,157541753.05,104133665.18,164035954.25,145581753.04,192315498.52,155431267.24,104866707.32,142989832.69
2020-12-05,352806584371.49,67147776520.18,19651354108.83,26433428584.37,5452911721.85,5271922374.46,4900785867.11,4760151518.11,4360439738.60,5204559984.03,3732291789.20,3031280108.72,2291354120.55,3345029815.96,2305781301.23,2774058090.11,2168056345.83,883051146.04,2346015456.20,1731733589.32,699732379.98,1389804971.95,704752889.60,1257692703.85,1108975392.14,1398687113.24,1072893303.61,1047425630.22,1227263799.73,1326309249.24,999967987.30,696758704.85,477918448.65,775384786.61,642744341.32,430389158.68,933352912.30,1324181034.29,1532378587.79,911666212.46,759582791.68,846493808.61,480199914.50,711075938.96,88133286.59,405845847.09,372864080.00,524917856.86,327999479.35,113656315.14,490069088.41,760244255.05,193788150.03,89497286.16,413092319.55,268652339.61,428722330.78,318777949.80,210160405.17,446499269.14,514712200.78,234498863.91,226791469.10,231542989.26,146146010.47,238532254.95,309953035.23,347528874.36,178932535.88,330885423.85,,112862803.09,273535211.74,303899610.21,331857170.43,294200784.08,237411937.44,0.00,277041175.91,216278309.57,236107980.71,254246103.81,155237257.60,106964836.67,133020596.84,380698037.97,220484375.93,,187676021.05,163947456.59,192462622.46,114704962.12,154085074.87,107262945.60,162159695.70,140674374.64,191539411.53,152093925.05,103141012.42,139028787.74
2020-12-06,355265874959.67,67711813401.60,19670183742.51,27508977268.61,5451683294.42,5283120497.17,4893848677.44,4774556111.42,4365363731.26,5210466805.74,3753796073.34,3050516457.92,2306476953.54,3312511208.70,2336660302.50,2814127780.13,2196301818.68,889529153.05,2219511140.49,1734825123.34,702474453.24,1382761491.49,698787150.19,1256174437.89,1104178902.91,1407774397.24,1074841863.11,1043582222.51,1236930636.21,1318773072.83,1003101911.34,703630163.71,473654436.61,777384672.68,662287994.62,433259121.76,925711350.70,1319084968.40,1536609047.01,912435541.10,763561654.37,864152585.03,486202310.00,715738545.12,86527944.68,409536916.47,398293178.85,551061846.27,326851460.37,114450672.83,478628020.21,815358946.43,201171442.65,87648678.61,414273762.06,274594393.77,435748917.53,318335811.77,213806215.32,443509150.36,513987037.01,234981087.93,226140351.52,235199151.33,145305491.01,236455324.58,305875025.27,347143775.87,180207199.35,330885423.85,,114419085.44,270918358.41,299532750.83,322709877.01,289973330.15,247656586.07,0.00,271372224.41,216139621.85,234562778.23,253871854.71,155504707.98,107905932.46,128019742.40,365052395.03,226385411.13,210209636.97,190464704.63,162089683.31,194819735.03,113689551.91,151621259.30,108448769.39,161528506.47,144164903.79,190639593.59,150648770.49,103001993.80,136881817.00
2020-12-07,356719237121.75,67624885157.59,19692101876.95,27736222796.02,5500015779.49,5308807853.19,4846842185.71,4772493024.01,4337787187.90,5217522669.66,3730965539.73,3073685544.51,2290719741.96,3384756143.78,2466554807.10,2816891587.11,2191208053.99,886558396.50,2166459545.97,1722617705.98,699234204.86,1433646355.24,681732773.82,1249726677.40,1117374012.23,1399397239.15,1077871362.41,1086748282.00,1233167710.85,1312896370.92,1006144203.35,689113773.09,469244576.64,785055970.42,666406194.33,430127161.70,929057500.20,1320194128.10,1563859592.62,915625180.16,792041176.19,857137172.29,493279366.35,714441269.59,85449400.63,409042226.09,401288805.80,560161408.01,327494853.12,115053884.56,471762328.69,877597496.27,197646953.70,86339981.26,419227947.24,291563763.30,437579454.30,319366866.53,227395108.87,442638807.29,509538691.02,232648974.07,218811163.89,237361426.70,142584204.22,238958075.74,298736312.44,349407507.73,178932253.96,330885423.85,,112428371.17,267342329.72,199168370.64,316588680.03,297867668.09,229633283.92,0.00,271534179.48,213695222.06,249134789.56,251176469.63,155426052.91,107247212.26,125017386.76,387039539.32,225794018.48,210209636.97,194154923.83,161441409.01,192832884.77,113249363.07,149004277.42,118088554.49,159791429.97,142008234.65,192511783.78,155678173.54,100629028.98,138034380.10
2020-12-08,351109330957.75,65766289162.25,19732317094.87,26874407496.32,5334902798.53,5125146715.42,4611917612.86,4576613423.17,4224627579.53,5008677659.37,3523070594.33,3069895584.65,2241802592.34,3280279423.49,2457555963.19,2726921469.96,2101885728.75,869837287.28,1966355979.23,1700592747.11,703540814.11,1440323417.34,708985480.63,1202640046.23,1113371550.05,1376052217.38,1078215381.59,1043278592.37,1189440542.25,1313373219.94,960796141.32,676200231.59,462814754.41,760297145.92,653105797.93,418055063.71,867815589.64,1356913235.06,1573499836.94,942940593.14,770061959.21,820773607.36,557880771.64,690884774.28,80625572.82,401229489.88,384163642.64,646207917.68,323158254.58,113536570.22,447511149.46,853765332.40,187343503.29,78956455.38,389593937.27,293571842.12,427410192.22,313649099.44,266165545.77,426221544.21,481560246.48,227054942.85,207101474.55,242278958.53,136900169.04,231078492.55,287904441.76,339207258.65,178177046.82,330885423.85,,111995499.16,253952419.83,189036908.56,306500643.88,279651774.50,245063319.57,0.00,257803323.98,197083118.51,241107520.36,236995637.90,150791137.57,108855020.69,118905789.16,377645456.67,218178993.88,,188305687.10,158396370.02,186239489.35,106687643.44,146972038.45,122127819.64,151560617.47,133136538.62,187253245.88,164319106.23,97103294.17,133571523.07
2020-12-09,339780773740.91,63239498396.24,19715806133.63,25024236343.08,5041906691.41,4925792435.36,4384508396.70,4515116831.77,4110183709.75,4808547276.96,3335277010.95,3089253561.88,2168312978.81,3135600821.04,2348628601.97,2634230648.07,2011770977.41,870354611.21,1862911869.66,1601275686.20,640046972.38,1416944905.86,738998337.18,1162101420.96,1059720694.06,1322487865.16,1084404817.44,974415881.57,1140068130.36,1308253060.85,921747630.34,667779608.11,447868884.30,716027152.44,610454034.87,398766646.85,834262009.52,1347781801.91,1572651316.10,942461365.83,738001212.10,763681686.76,587218048.33,687326414.42,75831516.95,385299239.31,358563483.73,636225174.13,313513362.40,109614146.49,417419533.88,788647767.99,199628958.79,227716938.41,388359151.24,273706031.59,402697957.30,303574984.69,250767119.74,401215644.95,451021335.83,230573655.48,210121471.33,232196514.62,130038391.16,222513087.95,279760927.05,321800156.86,168203410.50,330885423.85,,112450546.68,241091637.15,181736327.09,302118072.75,256151997.35,238231164.69,0.00,250516319.78,191689698.43,227724080.08,234314172.16,145584842.91,106644856.55,109626723.27,314968323.42,211639228.66,210209636.97,180280016.23,150141262.98,177449712.93,100058430.07,141108416.10,124863684.62,144975470.21,126238537.72,175694217.33,149973923.63,100244701.09,127055918.59
2020-12-10,340728145797.65,64045515505.81,19771317556.11,26007444295.71,4970991940.81,4957230509.42,4493360335.65,4537032402.43,4111213220.65,4826349124.59,3698671505.02,3091662533.97,2155446995.75,3109381399.78,2349632143.80,2632785164.00,2030951222.38,860374951.02,1984354708.51,1599986426.41,630521252.80,1424566586.53,707414742.98,1163737836.95,1048855715.84,1320905133.09,1080896602.65,948246285.50,1133221352.06,1323769517.19,920455071.25,669526548.71,458830415.32,699130662.58,607601088.14,398698035.21,824574431.10,1373084474.16,1528057883.91,950037951.04,721971953.21,745195824.69,592049877.60,693221075.41,74384415.05,388171208.04,353633044.85,627442794.06,336303364.04,110291668.07,431097111.05,836902187.20,207875940.01,246332706.16,398395774.87,274357008.09,402379500.34,304440304.98,238451338.53,400805857.65,445153569.98,225604796.48,215505192.77,231731570.16,132903535.70,220951485.56,279636082.75,317759267.47,179733373.61,330885423.85,,131613265.42,240947420.67,179931154.73,300698408.04,249125558.90,281088738.78,0.00,250019651.18,192965330.80,228022102.07,247709941.24,145345300.74,108873091.75,106755800.59,294750229.66,209291845.95,210209636.97,172693411.46,148379383.66,175727383.88,102452874.01,142839492.18,127443923.05,143553113.12,128165092.68,174228250.65,150251544.56,99891260.93,123093986.56
2020-12-11,333582316407.33,62165982552.26,19782685027.83,25245533382.36,4749867922.14,4827162654.97,4323169851.95,4369593985.67,4029754186.10,4619784365.64,3460503548.99,3103696951.91,2097905153.12,3030652894.07,2351618358.14,2559925720.06,1996639883.57,830936433.40,1837031609.32,1568310152.59,597508299.07,1433606017.83,665827728.07,1122040457.96,1003045672.19,1278842561.91,1084024400.87,884583066.41,1091283456.57,1324796693.37,892321397.39,660837282.76,462253971.03,642555810.88,578315589.31,392212656.04,765878330.60,1353588130.61,1510185529.03,914949694.79,684199414.60,689265247.70,671479586.97,678952187.53,68969102.89,375579993.44,358225410.18,586525257.99,303686353.21,108243497.96,411171251.36,801438635.81,204053770.38,239890090.21,388428557.09,251908777.67,391653694.67,302931377.32,243870394.78,387972221.10,426894977.03,211221347.98,198512525.09,221477918.59,126788217.25,210794904.38,271379086.88,302595000.06,167092204.30,330885423.85,,138532348.70,228021446.21,173154718.48,303085500.85,232467938.18,279272155.59,0.00,243803193.75,181889819.94,216029754.50,235016032.02,140924512.78,105934731.81,97773887.01,268046649.05,203766700.89,210209636.97,167731541.93,143543556.04,172127327.63,111026221.45,138657731.65,141138241.65,139240778.33,123012071.61,171205655.61,137892865.67,96295764.00,115152793.01
2020-12-12,341864378957.64,63354690231.67,19833781217.19,23610481482.10,4961385336.60,4945987663.73,4520093253.29,4449668303.45,4114609878.52,4789114181.86,3471663633.91,3175073933.61,2135044527.12,3067026364.57,2582882440.55,2613957921.50,2037491836.67,854765518.04,2220408362.65,1608050453.21,619281422.08,1512176840.95,708516914.25,1158561828.33,1054340719.53,1308451160.69,1068845945.77,940455689.21,1157119091.30,1321983770.63,944622593.56,675469019.55,467268448.44,669217729.81,598750363.89,403486625.74,808253095.10,1343301146.18,1436062127.78,929825268.41,699131046.88,753451226.46,702675771.62,693070684.21,69581073.29,380907820.59,366198177.05,599481874.09,323992577.04,110724781.60,428758005.37,859287110.86,231139469.01,260430443.55,390854104.63,265111680.24,396100814.46,312502144.80,268719732.52,397505345.52,442982930.00,216427004.67,199346346.64,224070707.39,131720638.26,217124539.57,276865373.28,310749427.75,175689138.46,330885423.85,,141217765.85,249004485.48,183916777.96,291144691.06,244345708.85,290559885.12,0.00,250453667.60,187297307.18,221744588.78,237266924.73,143554117.14,105401764.15,101664347.43,272286959.39,205698423.15,210209636.97,191396721.90,148752652.80,180625190.86,114834747.56,150041426.42,143218510.15,143438763.04,129211600.32,175805181.07,141370169.30,97457660.19,117500851.48
2020-12-13,356146914229.99,66378221034.80,19841069561.27,23295544749.87,5288077086.24,5103110653.78,4769374530.19,4603116495.74,4272026120.03,4967162954.08,3630745492.17,3224817650.54,2207837253.21,3129387173.90,2614244614.62,2684799357.74,2088541485.40,887798921.08,2296694531.61,1624632554.45,637532959.44,1517037353.18,701475447.24,1192651162.97,1078171498.19,1352436699.01,1097999487.72,984380294.08,1248037621.20,1321674330.01,961712078.47,690331430.45,474718068.34,698321296.13,632986963.24,408839675.08,825816503.65,1342337931.19,1443627780.43,931412407.78,718383794.30,794422331.44,742088770.80,709652802.89,71280888.03,405034763.22,380108978.38,601683636.77,327718565.75,115312069.16,447942460.35,856601782.27,247559846.26,257080812.90,395503059.96,295583100.49,413385405.93,325972408.16,291666011.44,411071178.51,460151578.53,222708342.84,211052938.63,226913412.68,139006686.26,223206914.25,282130508.22,316905791.07,178472119.25,330885423.85,,153362776.66,250825176.55,189257753.98,284889968.67,255990894.47,297048212.81,0.00,260502119.43,191483003.29,223077627.88,238413287.19,149174266.85,108145688.56,113730917.07,324388846.38,211369477.75,210209636.97,210692806.01,156465157.91,183784452.08,115508547.29,156135813.20,144741846.33,146320064.56,134202388.69,181609484.23,145553525.13,98822966.32,125884639.41
2020-12-14,355551634836.03,66582496091.98,19844858669.92,22815304095.82,5368953110.99,5061273909.25,4748385600.93,4593616394.09,4296448184.58,5046317805.77,3733380333.61,3279049565.30,2203680341.37,3093380553.74,2729078051.96,2690490697.73,2072617266.73,888056780.25,2181651091.57,1674624816.95,656266701.49,1513497049.80,739368381.39,1215380136.17,1061219317.74,1341713870.61,1095963029.93,985723844.11,1225350872.75,1322262373.36,951655520.66,657121288.82,481756285.36,710092789.80,636520002.49,413774714.49,828105151.28,1338279003.50,1426168264.43,916079126.48,721241697.91,771021623.91,760848535.47,699941780.56,72217023.93,409550237.53,371338116.46,612279928.18,327452221.99,114946128.93,450261266.31,860685231.23,267864454.63,250455383.05,387117901.11,296526656.53,410336523.95,326741204.07,297893953.52,408544844.72,450828289.14,218537149.32,216040618.99,224226783.53,143773635.81,220369011.56,275390834.63,318015169.96,175552951.70,330885423.85,,181874894.70,247883549.67,288598143.99,281290532.66,251526455.58,289014920.51,0.00,259495268.54,194752449.47,220346449.83,228932068.86,150587646.49,107520503.62,123201668.25,318998073.99,211638505.39,,199796122.31,153476437.94,183858089.27,112439662.61,156818349.88,143313680.01,147272345.57,132273599.46,178893505.69,146460864.03,108935980.84,124248792.13
2020-12-15,359216203723.92,66716863231.95,19769964268.67,21972216450.91,5409813303.56,5289671217.74,4829075237.24,4804458451.03,4404256619.44,5036942431.93,3707862670.16,3283739781.32,2224855585.50,3144384109.06,2721696137.52,2711159229.12,2092027346.39,867244198.74,2202360022.62,1680561611.45,738797132.51,1562527067.52,756799107.84,1209104771.06,1063491418.72,1365196802.72,1098460761.22,1042163261.36,1246867006.90,1321224198.28,948161379.97,668245005.53,486403464.26,731915750.94,639292333.00,411113051.67,841708540.50,1313938801.50,1424255007.69,913324950.99,727780555.94,764060422.68,782345921.73,705276434.08,80103806.50,418771182.42,383690424.09,617418828.46,338622112.22,116258675.04,491259895.54,841670495.15,315725335.20,242262722.52,373989644.00,333921738.01,411688407.73,329402942.63,282979957.39,412674047.15,448278454.62,219321967.55,222481558.85,222800740.49,142224474.23,233717719.49,277768261.73,323305615.16,179152364.01,330885423.85,,213015840.21,262440858.00,295952936.95,275684571.70,250720337.76,297137641.72,0.00,259416995.99,202241789.10,220061569.69,222150362.59,150903290.57,126499500.89,119218282.98,302149146.51,217380076.16,210209636.97,196200303.94,154890612.08,184771479.50,111746369.21,158335095.32,143639343.60,146054021.05,133468491.12,180927046.28,149990650.10,114488992.27,125129991.82
2020-12-16,365708468172.04,67426137255.17,19784311330.51,20833067785.75,5419138173.86,5387317608.33,4782442201.31,4887981982.39,4346760370.64,4995179921.07,3607601163.77,3283488955.53,2279145470.63,3146091090.64,2702080636.24,2712439848.84,2093918857.84,868236860.58,2187489084.74,1700645034.26,714752832.18,1553357237.02,778017959.95,1198389996.73,1072289896.88,1365911014.18,1099340233.64,1013268077.19,1286437577.31,1322082379.42,956207420.75,678109414.65,474689825.86,722115434.07,656132029.60,414002113.20,842082833.65,1299955651.39,1429282221.41,911043318.04,726913372.95,741630742.13,826184367.95,705027393.10,77934684.63,423030980.49,436752602.99,625422238.79,338190234.13,117980021.07,509646694.90,818499905.00,350521956.44,246275010.51,382087068.33,351268138.35,527868841.50,333464844.95,274120205.64,411893843.70,443885509.17,214290181.51,220749222.08,242167912.19,144263336.33,230576703.72,275299775.11,328971469.12,180080398.29,330885423.85,,246446802.27,265194895.14,290736857.81,274919003.91,255462151.63,326961732.33,0.00,266553177.42,207515628.87,222751980.71,226804263.34,151976456.92,139042412.27,118161561.15,296126982.58,215781978.27,210209636.97,193956048.97,153357196.68,184302560.07,108927867.00,156474202.80,143688644.56,145555898.72,131335315.17,180864157.46,146942625.85,115279483.53,134114501.85
2020-12-17,421056064073.18,73573316996.66,19915071053.20,25759025352.79,6449591310.99,5824502800.88,5224209201.60,5080324803.31,4542649964.02,5412308424.22,4136276196.68,3292614609.06,2625167547.57,3375149628.80,2813255518.41,2949716327.47,2251630351.98,1007594924.41,2344349038.11,1771874072.70,732041539.61,1587092691.82,877171158.77,1281266786.33,1115155099.15,1476134297.94,1123948986.54,1031058058.10,1307376031.85,1324376454.33,1044436677.94,721228845.00,488877872.66,802655254.39,715699395.05,445744562.40,913328179.42,1281311952.00,1422657824.74,946605903.61,791139747.12,809381909.72,829761094.65,760430126.91,80410449.14,446456223.31,440919249.04,653815893.22,372145839.91,135855545.67,518611402.65,832414281.78,330310233.65,253460452.59,395262241.85,357425196.29,492489088.71,317131609.98,273352185.85,437153421.69,471166942.93,217562796.06,233314444.56,237251317.13,155520279.62,242076655.72,302700412.79,343184307.52,195937250.03,330885423.85,162585807.59,297855687.63,272422910.41,309226663.95,277244537.62,264717939.26,372244640.30,0.00,284307062.01,228929243.85,225828616.11,243932095.58,167233359.67,159625372.61,136463146.70,300201061.85,220492893.86,210209636.97,227240718.36,164901514.31,187720696.21,118220514.70,164373408.36,148621315.66,156765478.66,147412311.76,187993603.64,154412206.93,118034459.62,145161820.35
2020-12-18,424729119223.76,73524235695.16,20017894695.89,26497484824.53,7127884001.95,5823906532.62,5123338810.65,5045509568.55,4516137074.74,5375740080.04,4006608716.09,3279993505.11,2648873345.55,3340401956.11,2781810901.56,2896398514.37,2206547991.16,1061961684.86,2471794487.68,1737937770.54,806256466.60,1611379279.24,833385660.94,1254791104.99,1110867355.00,1470455711.77,1127857143.28,1019214577.12,1277909875.99,1321483093.20,1071583045.12,763702920.48,497140767.48,791466100.82,722339737.61,483452425.38,898802568.54,1276301644.71,1370572837.66,936771792.61,790804771.35,811201123.23,804003869.32,750564297.75,77911768.66,443942442.86,470768188.31,646221555.68,428593614.41,136574391.66,511958455.19,791653188.35,387831886.28,258491776.01,393524550.86,344841382.93,466407423.71,323056063.29,274748766.54,436975700.69,455424682.86,214246370.63,226395079.10,245699688.78,151409223.31,240040911.75,295065408.99,360536326.92,196087440.26,330885423.85,228145987.68,297172467.79,265434506.03,309050993.10,277746629.08,256107232.43,389734461.96,0.00,279429347.09,219653642.07,224795291.73,240071659.69,166146658.65,161481130.08,128060832.70,296892280.15,217346292.28,,210245664.92,166814443.47,185870649.56,118754236.75,168359337.32,149261254.56,159462382.90,144665134.59,188687768.81,150131916.93,118322711.20,149334217.95
2020-12-19,428347432788.30,74530841405.60,20115910475.01,26356778590.84,7179762895.40,5893093835.09,5191606740.27,5128412745.28,4796490108.43,5423898170.43,4008976856.27,3340113721.34,2667290833.92,3304403042.81,2781146785.30,2922691369.44,2242035435.82,1091177931.01,2736586887.76,1764079892.54,856926517.10,1627732952.96,920370610.64,1277598673.66,1130299536.87,1468472172.60,1130966551.39,1102495183.35,1274870110.78,1320321577.39,1057709942.39,798113916.01,519685490.25,874136738.79,751103601.60,501351575.48,919870116.28,1268719268.26,1371394115.32,946785910.96,795659255.60,837248767.64,852669345.20,750238776.88,79757635.92,450207980.19,568183748.38,653493039.81,428082214.29,140859266.28,519722650.89,785869030.10,393894638.92,265972583.53,398785883.59,372307534.47,467946141.63,321438072.17,280611914.74,464439235.48,466250791.94,218582505.38,239761715.85,252833122.70,153378616.01,251702221.13,312766363.43,370742989.84,208526529.32,330885423.85,493939438.58,314322343.00,295416566.05,318951975.37,275741194.32,263057016.68,414572055.11,0.00,290853634.48,235038166.77,229442096.75,245555518.42,167688527.80,178431494.11,129306402.61,286119745.65,222364175.24,,205187313.48,169573995.20,190456027.87,126989853.51,169803045.66,150716221.97,164599129.43,148131444.78,200491978.57,153336816.98,121972994.20,152069184.31
2020-12-20,437749153794.51,74056348822.47,20305823815.33,26109081345.94,7766671081.22,6474554453.58,5126529268.86,5001226741.07,5077450614.95,5345085146.43,3917785535.41,3380923251.65,2726665797.40,3381996294.96,2745751794.10,3005069070.37,2259190144.98,1115340374.38,2666860535.84,1740992783.48,835227847.30,1632784176.26,907853077.70,1264440567.83,1108282040.86,1491806755.52,1124611853.11,1048822696.50,1252222070.46,1321322088.17,1080278341.65,827820130.66,508281767.74,841861358.64,736530784.32,545948406.08,925717802.22,1260918813.20,1297773216.83,977362519.07,800756176.83,812809808.68,855318520.52,764317321.48,76671212.70,459765000.42,538288078.11,639537166.25,420338978.12,147289308.97,492737608.72,755119330.09,382575155.41,262963695.59,402888774.95,358989298.21,442200088.68,329059907.08,268306610.49,453384991.16,455003734.59,214040866.02,238841117.78,248454505.16,147771020.65,251015551.96,313091392.13,357085523.27,197406375.74,330885423.85,763714733.65,295373146.93,280166948.64,308887435.32,279077822.76,255041756.37,397009295.42,0.00,291358964.33,226939086.56,234386204.65,247189247.98,166757274.78,230226573.92,127511369.92,266161354.59,222679364.48,,194709353.54,172300294.24,188332925.60,124455902.27,165128782.48,151089612.45,162546273.46,143635652.65,194889979.92,151587152.87,118082346.98,143598238.14
2020-12-21,435973898565.95,70714631511.97,20321251165.40,24412652695.89,7300714021.62,6280183784.01,4910756199.53,4807958996.61,4950720218.71,5031439018.89,3728663423.37,3357658192.85,2709263500.28,3339072750.09,2653180372.19,2905554967.82,2189267722.24,1095861617.85,2565636160.55,1677487679.66,819221272.20,1587783292.24,917020512.14,1195446263.93,1028098526.47,1424246057.90,1131775018.71,998295750.02,1194611122.09,1320411132.27,1069291009.58,807404073.79,483565620.99,777039132.85,705281497.12,620026322.06,861872807.99,1213287238.05,1308022401.29,954671979.92,764455860.27,757230526.29,853113095.66,741485885.73,72389366.84,446224332.53,568839658.28,604826031.21,413811148.60,156412212.18,463530716.31,686527539.20,394427618.76,244349771.02,402906331.28,333715241.81,439722558.67,328449049.73,262571826.87,431989774.87,433937153.41,206697125.63,286540466.68,231087460.98,141990320.24,241591848.78,299817301.24,339587863.85,181107049.24,330885423.85,762328066.49,318143782.83,271205995.18,293274452.54,274651408.84,241655448.26,348988609.49,0.00,276315918.87,206059814.43,232442885.55,247310828.97,160321757.78,227087537.84,116902302.55,253056829.65,217835333.92,,183488891.61,164875556.88,179557980.06,121573417.98,157882971.38,152378307.89,162910436.20,133745809.74,187612179.95,142624401.76,115935471.23,135412301.81
2020-12-22,428127404487.81,69812250554.12,20411433056.03,21784166602.75,7012786520.96,5840749807.64,4851349953.50,4727391484.02,4797692096.08,4928129426.70,3578637907.70,3366019609.61,2668363673.28,3155680144.33,2631096523.44,2749279486.83,2089919974.55,1097521344.63,2466925854.31,1636874997.50,853702723.02,1561524740.23,1035440985.92,1169197916.26,1022391720.01,1342772377.69,1120617886.23,982712334.89,1184206995.00,1319548834.19,1020029480.34,801307834.70,484071362.85,754115289.95,703661357.98,588352002.41,844598464.01,1112161811.48,1309508508.94,956490778.10,721796661.44,739023205.18,892714306.07,705065833.45,71226935.02,440347759.08,576712441.38,588980410.96,423769122.64,158374006.88,456856530.43,685305617.04,425373060.53,237906011.04,400957207.90,321228155.03,527061900.86,328046410.61,265833241.38,418279171.33,417119075.22,203840438.57,265382764.04,238665342.22,139508930.56,230290609.21,294466372.58,328873895.44,179126579.14,330885423.85,630671572.27,388292777.88,269185517.89,283079687.47,279660826.75,243747482.78,330938191.75,0.00,264394579.55,198465154.39,236588940.76,237662711.51,157076352.94,226097950.00,110388942.69,237268862.01,209319852.50,,200408534.61,159617953.93,175845684.66,117913121.11,154865321.04,153056541.05,154162867.20,130614887.60,181356711.41,139182328.48,111872994.91,133675923.90
2020-12-23,438726473773.18,69964758106.79,20459491429.29,16134066298.49,7232079736.33,5602240283.99,4665616374.75,4714237488.95,4876967949.78,4846977199.06,3204270073.04,3433173727.86,2716089403.06,3063450378.53,2834631297.08,2600752168.93,1990584643.28,1184099571.07,2454688777.40,1552919523.14,1029520787.16,1635432723.58,1142954790.61,1108915883.34,978926592.73,1310873477.29,1120320851.93,941895996.83,1135928323.62,1321361487.11,985905413.38,762703871.91,482239837.58,763440098.18,707137491.58,556792086.11,845019581.76,1097927340.69,1313852987.77,944173713.30,696113682.62,700353714.90,893201191.47,674031236.99,63890996.67,444125388.66,675063692.18,568110228.61,418197366.07,162404205.12,463501529.61,651736601.71,389115788.53,241117743.58,374960962.85,316690256.47,466059602.50,332074276.19,256626459.53,391430211.29,384984032.28,193394214.72,245272121.60,240241081.60,142968415.71,221118652.95,292760691.50,311528334.15,168500858.87,330885423.85,601480536.30,443749667.16,267671028.24,271413418.25,269068254.40,243840043.73,344570668.49,0.00,243633965.89,208281826.68,224959584.05,207202382.67,157347578.49,255434774.69,102291468.85,250823324.56,199856931.59,,213405868.72,150464191.54,162774654.84,112060362.71,149485764.52,154715736.03,143642794.88,122812139.84,172867315.93,130642621.90,106757323.02,131777632.62
2020-12-24,432868687881.19,66721406288.29,20575972532.46,12250472922.66,6908139971.58,5250667366.51,4469588876.24,4566778820.70,4708654486.18,4264584660.94,3042466513.37,3467647758.68,2624261314.99,2895398546.40,2698096440.41,2292985586.27,1863906267.95,1217788907.37,2053905207.17,1422200757.51,956403996.03,1625244524.25,1070361777.25,983576380.55,895873564.77,1236740079.15,1121818817.57,910249718.04,1124305852.61,1326421607.93,909822372.24,762192261.67,466583075.53,709997917.34,674149121.51,506112811.74,765255653.67,1013336766.39,1315018698.42,918890474.32,615639873.83,617312090.58,884831522.55,612696361.65,60048880.14,430777794.22,654555467.44,537692665.00,420265512.03,160208130.62,435758021.66,593262917.72,366134569.21,228169754.12,356292231.91,283637073.02,435219685.66,331103475.39,242871861.53,341231601.79,339202342.32,176474357.59,224974230.73,249431362.28,135874495.68,208120969.22,273240514.51,313851410.71,154654591.12,330885423.85,488835200.42,503319248.87,243388307.00,255208106.37,269111687.54,223016642.46,315426324.76,0.00,219019015.58,195588547.12,206804012.01,188684422.93,150175876.84,254034094.31,94222285.33,247435379.93,188264375.81,,206142406.13,140884164.10,153071257.01,102898209.66,139672709.91,163546052.91,133374852.16,109207418.93,162825004.88,117361139.97,97308989.01,126353708.75
2020-12-25,445511245078.64,70292971537.54,20686060619.28,15533502674.89,7677676628.32,5750132977.93,4870373592.85,4859728585.70,4804538004.99,4560678864.11,3472550485.14,3553887430.42,2692773145.89,3035300862.53,2783520775.21,2501025294.90,2003447711.91,1429835708.97,2264404052.47,1546456623.69,996218081.90,1660400338.96,1253605984.73,1073523976.56,959018335.35,1298936085.58,1120283184.39,939078537.04,1169774998.80,1321838971.73,990938896.13,792700857.40,480907826.22,748610011.70,699994301.04,574624869.14,817955274.17,1063316206.04,1304777539.84,936604462.51,676318649.97,719664055.32,887248890.73,656498389.82,65962488.66,443601531.27,721765556.41,562716360.77,431272486.92,164160099.64,452193438.85,663206028.63,358110256.74,233713376.09,344039457.06,326696948.50,453163770.53,338547409.84,275401741.80,370009096.32,365703146.34,188821964.45,241473504.47,259831560.70,140273887.27,237034925.05,277359689.57,321119218.27,163261732.27,330885423.85,471951257.69,549790033.95,251846303.34,274363080.10,271842289.17,236473587.14,334660645.93,0.00,237035467.46,202685110.91,216701016.26,170644957.96,158203614.82,296751132.16,113644664.19,261653395.36,200749319.66,,217481683.09,147886110.83,164651031.93,109784175.38,146045273.74,164138659.21,144838420.46,119911917.47,174074343.42,125697110.32,107257854.75,131791069.34
2020-12-26,462197206244.31,71672055372.90,20710219615.16,13955463939.08,8562779079.53,5939028957.17,4814786020.93,4918519184.09,4927263240.17,4488924738.78,3283701642.91,3566904480.60,2793429037.43,3063839299.10,2915046360.89,2489729429.45,1998434953.28,1443320711.56,2211796894.06,1509256370.00,1114238776.71,1672912406.27,1451312476.47,1045799635.31,933892634.97,1321300159.56,1121937549.09,926947531.08,1160822860.86,1342898746.18,1041870456.83,819148247.00,483133120.34,751815195.81,713334688.23,576920013.97,804548314.07,1063033815.81,1301710036.47,936654574.71,704816396.37,686255310.65,888702557.67,667435493.48,64256100.67,448423140.31,829012974.07,541083892.81,448769038.32,170828025.14,443852001.15,660885495.43,342630685.99,224454077.40,336966831.67,311025811.24,444412425.39,347849355.63,271777829.80,362957949.45,360009100.18,187389669.33,237227771.50,268989365.06,139741090.29,237076061.79,298426254.53,313636746.16,157510212.58,330885423.85,432415970.27,525262767.39,249529010.68,269696040.32,271684279.48,230915313.26,333080638.58,0.00,233457810.47,197934924.31,210640877.93,161355321.96,161163608.65,307102452.10,119309103.01,270880995.30,198472901.02,,222071470.93,147853910.82,162229277.02,112619944.14,149161103.78,163624985.13,142211797.99,117310059.00,174006022.85,123578789.98,105464004.41,131740078.00
2020-12-27,502556178031.67,74265332982.37,20769044832.23,13357932974.80,8819523814.42,6303782201.98,4952428268.51,4988480152.04,4979736684.67,4446228708.67,3188688672.82,3611844507.38,3049030894.23,3127913682.45,2954563330.13,2520797663.82,2008207645.27,1565701422.58,2114754729.16,1510358932.30,1098978083.91,1678487765.51,1483172348.93,1070702565.29,1107625597.74,1312030081.14,1110071474.90,919679068.54,1151895529.14,1326119844.93,1067004694.31,822593800.14,502614488.80,752610171.33,738890370.25,590146484.63,807593353.52,1035987940.71,1196253050.69,933393574.44,726714712.57,687444854.97,887621024.06,683473603.74,61494442.91,468176732.56,1006275093.72,546519649.34,475615886.64,184815777.51,440757005.25,637590015.73,343295607.12,226152182.71,334996060.03,314687973.82,442253128.87,376816156.24,302777278.56,369501590.91,361596049.89,191580926.07,252300150.28,265731922.05,140576088.79,244670225.45,397809565.20,318457152.10,162843965.53,330885423.85,529489291.38,515283404.62,253632097.75,291457107.17,270744701.95,230460045.10,346405151.37,0.00,237353276.87,197944941.06,214623454.66,160217137.88,167058510.95,272099400.17,133475932.50,278220280.76,196715835.72,,216836028.29,156845939.20,167378107.78,127057338.84,150081267.79,163816812.35,152027968.40,121257205.23,171782337.99,119363486.95,107849800.31,136930879.85
2020-12-28,502427171761.11,83030130805.15,20829959597.38,12987098089.31,8655334636.09,6711536428.71,5143705400.46,5524378344.85,5211906619.21,4931706591.84,3285758230.32,3668968586.82,3056788643.19,3152053359.67,2905614035.98,2643635162.46,2121860623.45,1741314611.76,2120839931.29,1556800874.47,1100790310.84,1968603391.31,1454990909.01,1103338548.52,1116291753.07,1294739903.00,1122179592.60,994242160.15,1201861467.38,1353578188.64,1066820567.18,815629102.36,528916526.03,813755249.29,836891247.51,591883221.36,860251395.43,1007880969.98,1199353831.96,975300117.95,743283863.67,699580099.93,911464179.96,694043207.25,64113624.64,486876927.33,988022155.20,561575382.71,493676986.80,185351802.99,492826949.70,653656486.83,350814309.35,225980194.34,330401344.71,347557155.37,447392771.55,369414172.66,361199006.16,376942043.25,381393042.24,205656509.20,285377559.96,304390873.41,144059064.84,247626608.85,374883150.64,317732376.94,170469077.73,330885423.85,502381828.50,470049177.12,271509946.52,289664055.15,266201146.62,272348980.00,326780505.31,0.00,242402437.45,218981937.24,215377698.64,145547447.37,187620431.28,254432108.55,132434484.48,285128103.47,199244365.46,,219753513.19,156765175.22,169135452.94,130700244.52,146514246.63,164570426.64,153825579.10,121273025.29,172838743.21,128819327.09,108623007.78,151432292.12
2020-12-29,497533236107.32,82479405243.96,20887351060.72,10238514753.68,8383165159.26,6465099492.03,5769483829.56,6218980120.13,5617049883.07,4798391941.12,3067130906.74,3689707790.15,3033425838.38,3027459672.20,2869698485.96,2520958475.52,1973931013.43,1867081158.55,2023918909.80,1562175173.75,1050189294.95,2012646913.97,1451629487.62,1059833484.70,1268309493.59,1304787763.57,1133710178.54,940818800.57,1267606467.69,1347393492.91,1024945445.40,795081050.36,515657588.81,779726729.63,805461624.18,571064002.15,821477835.14,962985932.06,1204085524.53,995422914.15,704170495.85,659522655.92,914376656.55,661728364.76,72155604.43,494501847.38,967276481.82,558105019.02,475913945.12,183567984.62,507796662.57,696569272.44,369400416.31,224142313.09,310527512.27,321691680.45,439556258.83,362200585.52,359012722.37,360841662.63,356706072.34,219892494.50,272705228.98,304708133.17,143235178.45,252122803.78,346471860.10,306966777.81,176491377.12,330885423.85,453809841.57,432613045.44,275760849.21,273905166.37,273051609.91,323080841.66,323057354.29,0.00,233438147.10,223968439.28,216028382.10,131853726.93,185901438.68,268201817.38,116258478.72,280767094.55,191632163.09,,207902365.43,145868041.89,165744687.52,122572574.98,147421836.36,172871967.88,148705667.23,126031695.83,164273908.23,128810283.47,105338238.14,147593711.94
2020-12-30,522721790658.61,83827650714.63,20913682777.11,9576786130.48,8457322522.29,6596203799.46,5662260158.83,6969137945.81,5568481014.00,4560054346.32,2903435360.19,3724193419.94,3177192338.01,3082670083.24,2859131688.88,2469224151.48,1937508032.59,2149695155.33,1944954444.03,1513851462.36,1019411417.84,2054974078.35,1510941044.52,1045007261.44,1287426422.18,1318244629.13,1157179229.06,987349738.62,1329889034.67,1359049782.53,1010882045.92,853162744.27,512726659.39,808434583.71,815579929.81,585429897.94,820156278.02,955269681.01,1183986088.79,1008308168.35,694394652.09,659946717.79,839189809.35,663549292.15,74089217.10,511665222.47,895118094.63,620477412.60,466444389.33,192317020.24,556315273.13,674582375.02,362013694.50,222486833.99,306964547.24,318349221.38,440415091.67,375017518.57,359979226.44,357573248.81,350991327.59,233337829.05,289640830.80,329038069.88,141087311.65,275288508.74,373482916.79,301890436.18,180520726.78,330885423.85,449729285.42,468261305.58,272488882.01,268793871.95,273893715.96,289858274.06,313070662.94,0.00,228623533.55,261966139.01,213626380.85,130428424.30,189300616.95,266098974.03,117863392.18,292320774.69,189977594.16,,207392493.77,148233769.39,163807427.62,127319173.50,153226201.63,180908552.68,153875037.16,124069193.21,163294364.45,123535561.83,105018476.88,148708081.19
2020-12-31,534862726245.72,85303017587.56,20920738588.99,9795232412.10,8429974490.74,6608278771.18,5710107405.00,6818546925.09,5594338187.95,4534884597.96,2875096573.29,3708026636.13,3254068581.26,3116637388.69,2837627540.85,2464820979.00,1924212339.60,2151191601.08,1810243182.32,1501180066.76,993821599.59,2070734455.52,1594362799.69,1039757886.14,1286152032.58,1326184243.66,1157751638.13,974159952.34,1295806179.97,1347834309.65,1004202084.26,897054296.10,519082754.97,879818229.59,836660708.28,587735479.23,816304539.26,941917432.19,1183672233.55,1008970053.39,688560699.46,657640432.32,733213322.55,656996298.16,71767011.19,520129402.80,910826566.02,647622611.85,506381189.17,197316385.44,560638288.73,658629025.15,362475551.92,224648636.24,302241282.67,332989643.84,440799550.87,383269571.43,368284725.84,359369812.89,344469768.60,223156612.52,287942691.34,324734240.30,141578241.06,274589225.69,356583815.27,302092889.13,182502624.66,,456384034.94,480676616.54,267817465.28,267024286.53,272789274.14,283074821.03,299971594.66,0.00,228518144.74,261616821.16,216061304.90,127184004.87,192508730.77,260236961.25,114467608.11,301806299.86,193816442.41,,202930856.57,148027531.44,161056565.19,127940960.20,144386900.93,182301373.80,152971834.02,122318914.43,164153279.90,121815420.89,108950058.80,150071929.19
