date,name,lambda
20190417,X16.HK.EQUITY,0.632792067584838
20190418,X2007.HK.EQUITY,0.526678887793132
20190419,X2007.HK.EQUITY,0.545529370722766
20190422,X1109.HK.EQUITY,0.566190923894004
20190423,X1109.HK.EQUITY,0.510141197973965
20190424,X1109.HK.EQUITY,0.468458845688718
20190425,X1997.HK.EQUITY,0.640340823045513
20190426,X11.HK.EQUITY,0.545284929690953
20190429,X11.HK.EQUITY,0.552426625812728
20190430,X11.HK.EQUITY,0.549044798468247
20190506,X11.HK.EQUITY,0.511993399212171
20190507,X388.HK.EQUITY,0.582834518353075
20190508,X12.HK.EQUITY,0.737177443940773
20190509,X1997.HK.EQUITY,0.451352038892901
20190510,X1997.HK.EQUITY,0.546876218132545
20190513,X1997.HK.EQUITY,0.543090596188136
20190514,X2882.TT.EQUITY,0.654448508656238
20190515,X823.HK.EQUITY,0.498908348544875
20190516,X823.HK.EQUITY,0.507221941681726
20190517,X1997.HK.EQUITY,0.54349635515552
20190520,X1997.HK.EQUITY,0.610676127113438
20190521,X1997.HK.EQUITY,0.616514493071765
20190522,X12.HK.EQUITY,0.60626391665361
20190523,X17.HK.EQUITY,0.649161137616883
20190524,X388.HK.EQUITY,0.553861882375675
20190527,X2882.TT.EQUITY,0.710864510874131
20190528,X267.HK.EQUITY,0.56204746964392
20190529,X601319.CH.EQUITY,0.645170029407334
20190530,X267.HK.EQUITY,0.588046641427975
20190531,X1997.HK.EQUITY,0.484269967679977
20190603,X601319.CH.EQUITY,0.625380133497396
20190604,X267.HK.EQUITY,0.58958456979081
20190605,X2007.HK.EQUITY,0.667819872251991
20190606,X1997.HK.EQUITY,0.651175554897042
20190610,X11.HK.EQUITY,0.69531783852462
20190611,X1997.HK.EQUITY,0.485051546485126
20190612,X2007.HK.EQUITY,0.654059832433956
20190613,X2007.HK.EQUITY,0.607537027169336
20190614,X2007.HK.EQUITY,0.616183440929369
20190617,X267.HK.EQUITY,0.69501238002555
20190618,X267.HK.EQUITY,0.476745137336071
20190619,X267.HK.EQUITY,0.477212899577894
20190620,X267.HK.EQUITY,0.415182703950118
20190621,X267.HK.EQUITY,0.436450153792072
20190624,X267.HK.EQUITY,0.499437279343209
20190625,X267.HK.EQUITY,0.36034305628046
20190626,X267.HK.EQUITY,0.476986469977655
20190627,X267.HK.EQUITY,0.445285430449015
20190628,X267.HK.EQUITY,0.541283743314624
20190701,X267.HK.EQUITY,0.570715214025165
20190702,X5.HK.EQUITY,0.646279269218395
20190703,X2007.HK.EQUITY,0.69982883438666
20190704,X2882.TT.EQUITY,0.636518540020669
20190705,X16.HK.EQUITY,0.625884216793855
20190708,X267.HK.EQUITY,0.650012239616612
20190709,X16.HK.EQUITY,0.62290404912796
20190710,X267.HK.EQUITY,0.69741372702369
20190711,X601319.CH.EQUITY,0.582689694989469
20190712,X267.HK.EQUITY,0.533739001745297
20190715,X002736.CH.EQUITY,0.638969841874038
20190716,X002736.CH.EQUITY,0.629332210745385
20190717,X16.HK.EQUITY,0.544700156521939
20190718,X600048.CH.EQUITY,0.677841872996096
20190719,X601319.CH.EQUITY,0.537162288160658
20190722,X12.HK.EQUITY,0.730771426443822
20190723,X601319.CH.EQUITY,0.72511251025391
20190724,X823.HK.EQUITY,0.712255187403477
20190725,X688.HK.EQUITY,0.643937606811077
20190726,X601169.CH.EQUITY,0.638062595968527
20190729,X267.HK.EQUITY,0.650801299996899
20190730,X601328.CH.EQUITY,0.622179133695001
20190731,X267.HK.EQUITY,0.634116989371177
20190801,X12.HK.EQUITY,0.553468119535981
20190802,X601169.CH.EQUITY,0.632514506093397
20190805,X2882.TT.EQUITY,0.702444704551656
20190806,X2882.TT.EQUITY,0.632989332322748
20190807,X2882.TT.EQUITY,0.609599834129085
20190808,X2882.TT.EQUITY,0.724065878096855
20190812,X600036.CH.EQUITY,0.706923496929983
20190813,X1997.HK.EQUITY,0.667699362693962
20190814,X600036.CH.EQUITY,0.649167233644971
20190815,X600036.CH.EQUITY,0.735452639568937
20190816,X600036.CH.EQUITY,0.648709455431057
20190819,X1997.HK.EQUITY,0.664717326535529
20190820,X600036.CH.EQUITY,0.767692185535407
20190821,X600048.CH.EQUITY,0.581932219178641
20190822,X16.HK.EQUITY,0.654890698561231
20190823,X600036.CH.EQUITY,0.678589655719771
20190826,X600048.CH.EQUITY,0.63492579097132
20190827,X1997.HK.EQUITY,0.655744954217691
20190828,X002736.CH.EQUITY,0.575085875286683
20190829,X002736.CH.EQUITY,0.707154150736038
20190830,X001979.CH.EQUITY,0.637476892237857
20190902,X600048.CH.EQUITY,0.5709964901501
20190903,X002736.CH.EQUITY,0.625919860530479
20190904,X11.HK.EQUITY,0.664379197936598
20190905,X601601.CH.EQUITY,0.656927206375418
20190906,X2882.TT.EQUITY,0.66353311221038
20190909,X601229.CH.EQUITY,0.614618894814094
20190910,X600036.CH.EQUITY,0.619537831065524
20190911,X600036.CH.EQUITY,0.588701628136979
20190912,X600036.CH.EQUITY,0.6215674398168
20190916,X1997.HK.EQUITY,0.729057311035057
20190917,X600036.CH.EQUITY,0.585152249901112
20190918,X600036.CH.EQUITY,0.616075596374568
20190919,X388.HK.EQUITY,0.530763424367737
20190920,X600048.CH.EQUITY,0.543048178741737
20190923,X600048.CH.EQUITY,0.595666303350149
20190924,X601229.CH.EQUITY,0.515778427024017
20190925,X600048.CH.EQUITY,0.571368626177015
20190926,X600048.CH.EQUITY,0.600372553148375
20190927,X600048.CH.EQUITY,0.599400290947265
20191008,X001979.CH.EQUITY,0.608657580316309
20191009,X600048.CH.EQUITY,0.70495568264139
20191014,X600048.CH.EQUITY,0.569350635910613
20191015,X600048.CH.EQUITY,0.559559961159358
20191016,X5.HK.EQUITY,0.562400075096752
20191017,X600837.CH.EQUITY,0.59746108676923
20191018,X600048.CH.EQUITY,0.542128606753872
20191021,X600048.CH.EQUITY,0.569015921314938
20191022,X600048.CH.EQUITY,0.582301397449204
20191023,X600048.CH.EQUITY,0.484715015342111
20191024,X000001.CH.EQUITY,0.481394375265879
20191025,X000001.CH.EQUITY,0.535089145795655
20191028,X000001.CH.EQUITY,0.495364071950472
20191029,X000001.CH.EQUITY,0.512026261692033
20191030,X000001.CH.EQUITY,0.623982064071035
20191031,X5.HK.EQUITY,0.613198023702063
20191101,X000001.CH.EQUITY,0.658583493263676
20191104,X601688.CH.EQUITY,0.661034499114957
20191105,X000001.CH.EQUITY,0.538913437823623
20191106,X000001.CH.EQUITY,0.506443440415975
20191107,X000001.CH.EQUITY,0.509063060201067
20191108,X000001.CH.EQUITY,0.6239967944192
20191111,X000001.CH.EQUITY,0.617657115197563
20191112,X000001.CH.EQUITY,0.575704486377064
20191113,X600999.CH.EQUITY,0.67334661652496
20191114,X600999.CH.EQUITY,0.691098050990573
20191115,X000001.CH.EQUITY,0.57827490139419
20191118,X000001.CH.EQUITY,0.560697494756671
20191119,X000002.CH.EQUITY,0.595902421436144
20191120,X000002.CH.EQUITY,0.651166495579705
20191121,X688.HK.EQUITY,0.745788659570504
20191122,X601288.CH.EQUITY,0.614484464175362
20191125,X600048.CH.EQUITY,0.565677221390889
20191126,X601601.CH.EQUITY,0.639398434792411
20191127,X600048.CH.EQUITY,0.630595461522
20191128,X600048.CH.EQUITY,0.558563543940024
20191129,X600048.CH.EQUITY,0.602174465287464
20191202,X600048.CH.EQUITY,0.606965204246087
20191203,X600999.CH.EQUITY,0.7332870246577
20191204,X600048.CH.EQUITY,0.613533803522503
20191205,X600048.CH.EQUITY,0.646988358741369
20191206,X600048.CH.EQUITY,0.628558045457337
20191209,X601628.CH.EQUITY,0.584868917163955
20191210,X601628.CH.EQUITY,0.617165693490557
20191211,X600048.CH.EQUITY,0.637494523070001
20191212,X002142.CH.EQUITY,0.57774030600025
20191213,X2881.TT.EQUITY,0.604389024799672
20191216,X600048.CH.EQUITY,0.603761861361724
20191217,X2007.HK.EQUITY,0.565027434435226
20191218,X2007.HK.EQUITY,0.606106672089581
20191219,X688.HK.EQUITY,0.646459542398315
20191220,X600048.CH.EQUITY,0.488169315734435
20191223,X2891.TT.EQUITY,0.555451747798045
20191224,X600048.CH.EQUITY,0.494118576038796
20191225,X600048.CH.EQUITY,0.591091736211307
20191226,X600048.CH.EQUITY,0.513729038263559
20191227,X601319.CH.EQUITY,0.652494190671827
20191230,X600048.CH.EQUITY,0.568676860840508
20191231,X601658.CH.Equity,0.67155692541807
20200102,X267.HK.EQUITY,0.571832100536877
20200103,X601628.CH.EQUITY,0.617290807749802
20200106,X601658.CH.Equity,0.69602794071745
20200107,X601628.CH.EQUITY,0.673366991141343
20200108,X601288.CH.EQUITY,0.511816723216391
20200109,X601628.CH.EQUITY,0.689922193920687
20200110,X267.HK.EQUITY,0.553642688043306
20200113,X601318.CH.EQUITY,0.749215953452919
20200114,X600036.CH.EQUITY,0.557719558815388
20200115,X600000.CH.EQUITY,0.660505065524955
20200116,X601601.CH.EQUITY,0.712912960693805
20200117,X600036.CH.EQUITY,0.674434652152225
20200120,X601318.CH.EQUITY,0.592367051824283
20200203,X2891.TT.EQUITY,0.510016789443852
20200204,X601229.CH.EQUITY,0.516097822195874
20200205,X002142.CH.EQUITY,0.486696224968291
20200206,X601998.CH.EQUITY,0.555855290770604
20200207,X601658.CH.Equity,0.476654252596337
20200210,X601658.CH.Equity,0.485511497460652
20200211,X601998.CH.EQUITY,0.39812424280937
20200212,X601998.CH.EQUITY,0.425486491413776
20200213,X601658.CH.Equity,0.424179405997648
20200214,X601998.CH.EQUITY,0.418222061411076
20200217,X601658.CH.Equity,0.463149992678679
20200218,X601658.CH.Equity,0.449692801330895
20200219,X601658.CH.Equity,0.432674849245546
20200220,X601658.CH.Equity,0.444590024028482
20200221,X601658.CH.Equity,0.436767909540797
20200224,X601658.CH.Equity,0.432879397518538
20200225,X601658.CH.Equity,0.450842117248503
20200226,X601658.CH.Equity,0.46918113667065
20200227,X601658.CH.Equity,0.49015191264549
20200302,X601658.CH.Equity,0.519566426129392
20200303,X601658.CH.Equity,0.493398900048402
20200304,X11.HK.EQUITY,0.472244050140001
20200305,X601658.CH.Equity,0.463945586400036
20200306,X601658.CH.Equity,0.496981262038022
20200309,X601658.CH.Equity,0.471554690671991
20200310,X601658.CH.Equity,0.505291808350285
20200311,X601658.CH.Equity,0.496496539771437
20200312,X1113.HK.EQUITY,0.43034470235238
20200313,X601658.CH.Equity,0.470134624740331
20200316,X601658.CH.Equity,0.556621905972428
20200317,X601658.CH.Equity,0.559523593052437
20200318,X11.HK.EQUITY,0.449281906760182
20200319,X601066.CH.EQUITY,0.447108841497046
20200320,X601658.CH.Equity,0.478412254883812
20200323,X601658.CH.Equity,0.519676060393802
20200324,X601658.CH.Equity,0.557742570232669
20200325,X601939.CH.EQUITY,0.533518111145933
20200326,X601939.CH.EQUITY,0.549396581243647
20200327,X601939.CH.EQUITY,0.560690598845477
20200330,X601939.CH.EQUITY,0.567161561370159
20200331,X1113.HK.EQUITY,0.665775055161132
20200401,X5.HK.EQUITY,0.484126250494969
20200407,X5.HK.EQUITY,0.542985622567427
20200408,X601658.CH.Equity,0.525108313396669
20200409,X601066.CH.EQUITY,0.556593516214297
20200414,X601066.CH.EQUITY,0.507888844878812
20200415,X601066.CH.EQUITY,0.61440706071433
20200416,X2886.TT.EQUITY,0.600176987562824
20200417,X601658.CH.Equity,0.629154358581506
20200420,X601066.CH.EQUITY,0.590760769341811
20200421,X5.HK.EQUITY,0.58663659667642
20200422,X5.HK.EQUITY,0.548110090345849
20200423,X5.HK.EQUITY,0.49185057176083
20200424,X5.HK.EQUITY,0.534280154539519
20200427,X5.HK.EQUITY,0.49883268644039
20200428,X5.HK.EQUITY,0.486061036850008
20200429,X601939.CH.EQUITY,0.567092926857593
20200430,X5.HK.EQUITY,0.526676388565141
20200506,X5.HK.EQUITY,0.561289260777768
20200507,X5.HK.EQUITY,0.57279444220835
20200508,X5.HK.EQUITY,0.549126258022929
20200511,X5.HK.EQUITY,0.572364678174019
20200512,X601066.CH.EQUITY,0.612019466020052
20200513,X300059.CH.EQUITY,0.705605433598199
20200514,X5.HK.EQUITY,0.718530228477533
20200515,X601601.CH.EQUITY,0.585374316572417
20200518,X601601.CH.EQUITY,0.633544894519655
20200519,X2881.TT.EQUITY,0.529590097366629
20200520,X823.HK.EQUITY,0.520817463041278
20200521,X601601.CH.EQUITY,0.590871646167023
20200522,X2881.TT.EQUITY,0.503811941168232
20200525,X601601.CH.EQUITY,0.544645496283126
20200526,X388.HK.EQUITY,0.573502025192306
20200527,X601601.CH.EQUITY,0.549367067727914
20200528,X601601.CH.EQUITY,0.513819463412061
20200529,X601601.CH.EQUITY,0.606060002761827
20200601,X601601.CH.EQUITY,0.577512040357333
20200602,X2882.TT.EQUITY,0.604323432804682
20200603,X600999.CH.EQUITY,0.6120709660646
20200604,X300059.CH.EQUITY,0.731212475356317
20200605,X300059.CH.EQUITY,0.609505573795734
20200608,X2882.TT.EQUITY,0.568467853187811
20200609,X601601.CH.EQUITY,0.550788407069455
20200610,X601601.CH.EQUITY,0.56791168432066
20200611,X2882.TT.EQUITY,0.489182028326767
20200612,X300059.CH.EQUITY,0.635303109639806
20200615,X300059.CH.EQUITY,0.583389843052159
20200616,X601628.CH.EQUITY,0.520421232291898
20200617,X2882.TT.EQUITY,0.54842571972798
20200618,X2882.TT.EQUITY,0.539011741016345
20200619,X2882.TT.EQUITY,0.54890643392137
20200622,X601229.CH.EQUITY,0.615774259804865
20200623,X2882.TT.EQUITY,0.58268940667138
20200624,X2882.TT.EQUITY,0.54329093331818
20200629,X2882.TT.EQUITY,0.437801424093382
20200630,X2882.TT.EQUITY,0.512969413111598
20200701,X2882.TT.EQUITY,0.560808101432071
20200702,X601601.CH.EQUITY,0.574256016300808
20200703,X601601.CH.EQUITY,0.583037559938466
20200706,X388.HK.EQUITY,0.558359405646551
20200707,X388.HK.EQUITY,0.589393252141345
20200708,X388.HK.EQUITY,0.487935934868462
20200709,X388.HK.EQUITY,0.623773294542992
20200710,X388.HK.EQUITY,0.527603495841025
20200713,X600918.CH.Equity,0.56201575693171
20200714,X600918.CH.Equity,0.570139858352544
20200715,X600918.CH.Equity,0.553884980775314
20200716,X1109.HK.EQUITY,0.559794263873389
20200717,X2882.TT.EQUITY,0.48288152402694
20200720,X2882.TT.EQUITY,0.46616449687146
20200721,X1113.HK.EQUITY,0.554432999643142
20200722,X1113.HK.EQUITY,0.542927617954804
20200723,X1113.HK.EQUITY,0.547375204289302
20200724,X388.HK.EQUITY,0.391163228597512
20200727,X388.HK.EQUITY,0.38879339071772
20200728,X388.HK.EQUITY,0.532367830171617
20200729,X1113.HK.EQUITY,0.558980936797992
20200730,X2882.TT.EQUITY,0.448599125699907
20200731,X2882.TT.EQUITY,0.509945306550265
20200803,X2882.TT.EQUITY,0.418984423584127
20200804,X388.HK.EQUITY,0.410186572955869
20200805,X388.HK.EQUITY,0.364430193647979
20200806,X388.HK.EQUITY,0.366542675309142
20200807,X388.HK.EQUITY,0.57075523173787
20200810,X388.HK.EQUITY,0.624012031499156
20200811,X388.HK.EQUITY,0.452583326516322
20200812,X388.HK.EQUITY,0.640595834005016
20200813,X2882.TT.EQUITY,0.561733608939887
20200814,X300059.CH.EQUITY,0.573259379679129
20200817,X388.HK.EQUITY,0.637654063073053
20200818,X267.HK.EQUITY,0.66640596094188
20200819,X388.HK.EQUITY,0.521036962332322
20200820,X823.HK.EQUITY,0.540489733339871
20200821,X267.HK.EQUITY,0.595307593015077
20200824,X267.HK.EQUITY,0.680321092101942
20200825,X002142.CH.EQUITY,0.70972782346793
20200826,X2007.HK.EQUITY,0.680470465576785
20200827,X388.HK.EQUITY,0.54984761749095
20200828,X823.HK.EQUITY,0.648335246561227
20200831,X601881.CH.EQUITY,0.694659491809472
20200901,X16.HK.EQUITY,0.562574257056125
20200902,X16.HK.EQUITY,0.60974009212742
20200903,X2882.TT.EQUITY,0.608538842866145
20200904,X2882.TT.EQUITY,0.538617796526445
20200907,X2882.TT.EQUITY,0.59152238026421
20200908,X2882.TT.EQUITY,0.595956134987048
20200909,X688.HK.EQUITY,0.546222939220836
20200910,X388.HK.EQUITY,0.632805339995608
20200911,X000001.CH.EQUITY,0.611363748999621
20200914,X000001.CH.EQUITY,0.660866768891199
20200915,X000001.CH.EQUITY,0.664055921578552
20200916,X002142.CH.EQUITY,0.621302521369425
20200917,X1109.HK.EQUITY,0.45562922308038
20200918,X1109.HK.EQUITY,0.470802444786759
20200921,X002142.CH.EQUITY,0.581523537175622
20200922,X2882.TT.EQUITY,0.520541439577929
20200923,X000001.CH.EQUITY,0.539483577517226
20200924,X1109.HK.EQUITY,0.563031551834077
20200925,X1109.HK.EQUITY,0.561636984008178
20200928,X11.HK.EQUITY,0.509034522497607
20200929,X11.HK.EQUITY,0.51160437413493
20200930,X1109.HK.EQUITY,0.591964522102174
20201009,X823.HK.EQUITY,0.594753895662382
20201012,X2882.TT.EQUITY,0.540397512094376
20201013,X267.HK.EQUITY,0.590418071849096
20201014,X001979.CH.EQUITY,0.548023089853139
20201015,X823.HK.EQUITY,0.511433903366558
20201016,X823.HK.EQUITY,0.537270189081178
20201019,X11.HK.EQUITY,0.62835972449955
20201020,X823.HK.EQUITY,0.538572842274027
20201021,X11.HK.EQUITY,0.639628855085787
20201022,X11.HK.EQUITY,0.625603007512093
20201023,X823.HK.EQUITY,0.552952550163525
20201026,X823.HK.EQUITY,0.565932917338717
20201027,X823.HK.EQUITY,0.622209671017906
20201028,X823.HK.EQUITY,0.616294615184501
20201029,X000002.CH.EQUITY,0.632810389268473
20201030,X11.HK.EQUITY,0.668822535865894
20201102,X601998.CH.EQUITY,0.655195860921144
20201103,X823.HK.EQUITY,0.535284504436348
20201104,X823.HK.EQUITY,0.50304681678755
20201105,X823.HK.EQUITY,0.564487026013297
20201106,X823.HK.EQUITY,0.659317277150056
20201109,X823.HK.EQUITY,0.601361721193617
20201110,X000002.CH.EQUITY,0.615997358081736
20201111,X823.HK.EQUITY,0.665708914925938
20201112,X823.HK.EQUITY,0.658078449159576
20201113,X823.HK.EQUITY,0.692718330207836
20201116,X823.HK.EQUITY,0.678098539891954
20201117,X388.HK.EQUITY,0.669744373994187
20201118,X601229.CH.EQUITY,0.679924471582989
20201119,X388.HK.EQUITY,0.680040307249822
20201120,X823.HK.EQUITY,0.66639264995673
20201123,X16.HK.EQUITY,0.614476961390196
20201124,X000001.CH.EQUITY,0.637408916295007
20201125,X16.HK.EQUITY,0.677723930338253
20201126,X2388.HK.EQUITY,0.625930466127336
20201127,X2388.HK.EQUITY,0.607535147928238
20201130,X688.HK.EQUITY,0.671388461510157
20201201,X600999.CH.EQUITY,0.573822691000191
20201202,X823.HK.EQUITY,0.598928719144271
20201203,X823.HK.EQUITY,0.603678547093524
20201204,X823.HK.EQUITY,0.582770340931043
20201207,X2388.HK.EQUITY,0.61320915495971
20201208,X823.HK.EQUITY,0.626873999815984
20201209,X823.HK.EQUITY,0.635926683948385
20201210,X601066.CH.EQUITY,0.60945904160098
20201211,X688.HK.EQUITY,0.683751562348008
20201214,X688.HK.EQUITY,0.648404260897817
20201215,X823.HK.EQUITY,0.688224106886807
20201216,X300059.CH.EQUITY,0.618929642998888
20201217,X12.HK.EQUITY,0.649266454584949
20201218,X1997.HK.EQUITY,0.546850431586078
20201221,X300059.CH.EQUITY,0.603201435190752
20201222,X300059.CH.EQUITY,0.604438683741703
20201223,X001979.CH.EQUITY,0.643995731181945
20201224,X001979.CH.EQUITY,0.6714439581472
20201225,X11.HK.EQUITY,0.59568007382878
20201228,X1997.HK.EQUITY,0.582901649745126
20201229,X601601.CH.EQUITY,0.605009630921242
20201230,X1997.HK.EQUITY,0.633512359742896
20201231,X601628.CH.EQUITY,0.733228886481241
20210104,X1997.HK.EQUITY,0.71261874431998
20210105,X388.HK.EQUITY,0.62580469640519
20210106,X1997.HK.EQUITY,0.608622963067975
20210107,X1997.HK.EQUITY,0.684427573835747
20210108,X16.HK.EQUITY,0.635634068581547
20210111,X000002.CH.EQUITY,0.69497692042575
20210112,X823.HK.EQUITY,0.718024017641823
20210113,X000001.CH.EQUITY,0.696600757543567
20210114,X601628.CH.EQUITY,0.690006394465855
20210115,X1997.HK.EQUITY,0.68254837000605
20210118,X1997.HK.EQUITY,0.571998994852089
20210119,X001979.CH.EQUITY,0.677517443037035
20210120,X001979.CH.EQUITY,0.590813907875792
20210121,X001979.CH.EQUITY,0.608952857428022
20210122,X823.HK.EQUITY,0.52554855995519
20210125,X000001.CH.EQUITY,0.61930000665381
20210126,X1997.HK.EQUITY,0.662988133412052
20210127,X000001.CH.EQUITY,0.721304088885365
20210128,X1997.HK.EQUITY,0.667349839172441
20210129,X823.HK.EQUITY,0.695976345241239
20210201,X823.HK.EQUITY,0.615908325296751
20210202,X823.HK.EQUITY,0.683004560654178
20210203,X823.HK.EQUITY,0.671487688967096
20210204,X823.HK.EQUITY,0.637699344900878
20210205,X823.HK.EQUITY,0.661523189669813
20210208,X823.HK.EQUITY,0.624080455510991
20210209,X2881.TT.EQUITY,0.666599800005859
20210210,X823.HK.EQUITY,0.549109829235836
20210218,X2388.HK.EQUITY,0.575999855047517
20210219,X2883.TT.EQUITY,0.581960140929605
20210222,X2388.HK.EQUITY,0.700641847144516
20210223,X2882.TT.EQUITY,0.719770703768947
20210224,X600837.CH.EQUITY,0.665691286037227
20210225,X600837.CH.EQUITY,0.631351016118206
20210226,X600837.CH.EQUITY,0.565133111433104
20210301,X000001.CH.EQUITY,0.559618795661781
20210302,X600030.CH.EQUITY,0.821468841107472
20210303,X600837.CH.EQUITY,0.535246016058269
20210304,X601601.CH.EQUITY,0.591459945577845
20210305,X601601.CH.EQUITY,0.570805584747656
20210308,X601601.CH.EQUITY,0.558168562072289
20210309,X600837.CH.EQUITY,0.651978638396558
20210310,X601939.CH.EQUITY,0.66128820587532
20210311,X267.HK.EQUITY,0.550068494813148
20210312,X1299.HK.EQUITY,0.64670872203856
20210315,X601319.CH.EQUITY,0.632649848843829
20210316,X600837.CH.EQUITY,0.687371901436383
20210317,X1299.HK.EQUITY,0.674205057204184
20210318,X000002.CH.EQUITY,0.613673484493408
20210319,X600837.CH.EQUITY,0.62624337773977
20210322,X600837.CH.EQUITY,0.64882362792757
20210323,X600837.CH.EQUITY,0.639669276332419
20210324,X600837.CH.EQUITY,0.636837827635679
20210325,X601658.CH.Equity,0.676100153643417
20210326,X601319.CH.EQUITY,0.617593022094426
20210329,X601688.CH.EQUITY,0.711871354852031
20210330,X1299.HK.EQUITY,0.560807588873173
20210331,X1299.HK.EQUITY,0.551572635279061
20210401,X601658.CH.Equity,0.527488466819768
20210406,X601066.CH.EQUITY,0.540451923329077
20210407,X601658.CH.Equity,0.549409010516063
20210408,X1299.HK.EQUITY,0.547776116477736
20210409,X002142.CH.EQUITY,0.648473018034386
20210412,X1299.HK.EQUITY,0.725086506619784
20210413,X1299.HK.EQUITY,0.634692448803326
20210414,X601211.CH.EQUITY,0.648668301245732
20210415,X1299.HK.EQUITY,0.594534005588559
20210416,X600030.CH.EQUITY,0.655562230246166
20210419,X2388.HK.EQUITY,0.606607248430052
20210420,X601288.CH.EQUITY,0.735473974471852
20210421,X601288.CH.EQUITY,0.704398754168544
20210422,X601319.CH.EQUITY,0.633833473106057
20210423,X601319.CH.EQUITY,0.690286823357998
20210426,X2388.HK.EQUITY,0.636194631636883
20210427,X601328.CH.EQUITY,0.661201660482368
20210428,X601328.CH.EQUITY,0.649402364382183
20210429,X2388.HK.EQUITY,0.565945611048982
20210430,X2388.HK.EQUITY,0.592775579634759
20210506,X2388.HK.EQUITY,0.654040515897782
20210507,X601211.CH.EQUITY,0.417428724271948
20210510,X2388.HK.EQUITY,0.558683285760658
20210511,X2388.HK.EQUITY,0.620176568746715
20210512,X2388.HK.EQUITY,0.601284169216389
20210513,X2388.HK.EQUITY,0.628362323059977
20210514,X600030.CH.EQUITY,0.698711280848951
20210517,X2388.HK.EQUITY,0.663199261282689
20210518,X2388.HK.EQUITY,0.669977760990298
20210519,X600015.CH.EQUITY,0.555763095450426
20210520,X601077.CH.Equity,0.634329614121331
20210521,X601077.CH.Equity,0.675422415737149
20210524,X600926.CH.EQUITY,0.717456940337255
20210525,X601077.CH.Equity,0.575347001262323
20210526,X601077.CH.Equity,0.702187495318743
20210527,X601077.CH.Equity,0.596166893456842
20210528,X601288.CH.EQUITY,0.722567587946631
20210601,X601077.CH.Equity,0.595478646501341
20210602,X601077.CH.Equity,0.707679296833923
20210603,X601336.CH.EQUITY,0.614211063131677
20210604,X601939.CH.EQUITY,0.626967581424458
20210607,X601077.CH.Equity,0.670582563148507
20210608,X601336.CH.EQUITY,0.624088468971034
20210609,X601336.CH.EQUITY,0.667505134159029
20210610,X601077.CH.Equity,0.711589735036931
20210611,X601166.CH.EQUITY,0.682727938473164
20210615,X267.HK.EQUITY,0.610016048509947
20210616,X267.HK.EQUITY,0.600247452324695
20210617,X601166.CH.EQUITY,0.719568011212707
20210618,X601077.CH.Equity,0.637826827141991
20210621,X601688.CH.EQUITY,0.630738562038416
20210622,X5.HK.EQUITY,0.703702898078203
20210623,X5.HK.EQUITY,0.657840174845322
20210624,X5.HK.EQUITY,0.627163618667581
20210625,X267.HK.EQUITY,0.714552929565425
20210628,X600926.CH.EQUITY,0.661473553317476
20210629,X600926.CH.EQUITY,0.67341794162741
20210630,X601328.CH.EQUITY,0.774359779383727
20210701,X002142.CH.EQUITY,0.646684199035958
20210702,X000001.CH.EQUITY,0.753154441062919
20210706,X601229.CH.EQUITY,0.627750872892964
20210707,X000001.CH.EQUITY,0.725742355578122
20210708,X601688.CH.EQUITY,0.666573130630601
20210709,X601988.CH.EQUITY,0.642764059602751
20210712,X600926.CH.EQUITY,0.704710423708143
20210713,X601229.CH.EQUITY,0.613715860151648
20210714,X601229.CH.EQUITY,0.625589182957082
20210715,X601319.CH.EQUITY,0.616520326986451
20210716,X600926.CH.EQUITY,0.658792109524283
20210719,X601229.CH.EQUITY,0.581960330465875
20210720,X601398.CH.EQUITY,0.633770251863606
20210721,X601229.CH.EQUITY,0.610015065782719
20210722,X600926.CH.EQUITY,0.677931920899688
20210723,X601169.CH.EQUITY,0.711727598909184
20210726,X1299.HK.EQUITY,0.642679407229049
20210727,X002142.CH.EQUITY,0.503252953280362
20210728,X601229.CH.EQUITY,0.554305345681629
20210729,X601229.CH.EQUITY,0.618479393090872
20210730,X267.HK.EQUITY,0.610386426540806
20210802,X267.HK.EQUITY,0.634773923446124
20210803,X601229.CH.EQUITY,0.612482874898677
20210804,X601229.CH.EQUITY,0.582954633635737
20210805,X601398.CH.EQUITY,0.639161899897054
20210806,X601398.CH.EQUITY,0.690983835984977
20210809,X601398.CH.EQUITY,0.576295008190395
20210810,X601398.CH.EQUITY,0.59958804243539
20210811,X601628.CH.EQUITY,0.701997913480002
20210812,X601398.CH.EQUITY,0.614301121606091
20210813,X1299.HK.EQUITY,0.507557098158079
20210816,X1299.HK.EQUITY,0.552911910232412
20210817,X600036.CH.EQUITY,0.61465487305291
20210818,X1299.HK.EQUITY,0.562932480294876
20210819,X601398.CH.EQUITY,0.650239893376
20210820,X601398.CH.EQUITY,0.610772050938304
20210823,X601398.CH.EQUITY,0.545006943301981
20210824,X601398.CH.EQUITY,0.563763034670465
20210825,X1299.HK.EQUITY,0.678753101980968
20210826,X1299.HK.EQUITY,0.515270038018109
20210827,X1299.HK.EQUITY,0.66494150099688
20210830,X601398.CH.EQUITY,0.568109724109171
20210831,X601398.CH.EQUITY,0.525401231776732
20210901,X601688.CH.EQUITY,0.540090615138348
20210902,X600919.CH.EQUITY,0.699500479283999
20210903,X2885.TT.EQUITY,0.682541222951615
20210907,X600036.CH.EQUITY,0.710309232153873
20210908,X601658.CH.Equity,0.697830339695437
20210909,X2885.TT.EQUITY,0.675926160289021
20210910,X601688.CH.EQUITY,0.598944017818537
20210913,X601688.CH.EQUITY,0.602204037319837
20210914,X601398.CH.EQUITY,0.560651672247644
20210915,X2885.TT.EQUITY,0.674991088579131
20210916,X601229.CH.EQUITY,0.665641882868268
20210917,X2880.TT.EQUITY,0.704301168866935
20210922,X600000.CH.EQUITY,0.536353391929489
20210923,X600016.CH.EQUITY,0.729524502956776
20210924,X600016.CH.EQUITY,0.688107515844834
20210927,X601577.CH.EQUITY,0.646093255790688
20210928,X601838.CH.EQUITY,0.690481539530588
20210929,X601577.CH.EQUITY,0.68867384127977
20210930,X601577.CH.EQUITY,0.647052587916231
20211008,X267.HK.EQUITY,0.730389923968479
20211011,X267.HK.EQUITY,0.553741626234313
20211012,X002142.CH.EQUITY,0.645063598403323
20211013,X002142.CH.EQUITY,0.622935655254143
20211014,X601211.CH.EQUITY,0.670098009609839
20211015,X601658.CH.Equity,0.681062513098734
20211018,X601658.CH.Equity,0.719545323740019
20211019,X601658.CH.Equity,0.700702672814316
20211020,X5.HK.EQUITY,0.688367899357064
20211021,X600000.CH.EQUITY,0.703741373312263
20211022,X601688.CH.EQUITY,0.766219525795311
20211025,X601818.CH.EQUITY,0.700172598403345
20211026,X601838.CH.EQUITY,0.64187291572269
20211027,X267.HK.EQUITY,0.576381157555074
20211028,X267.HK.EQUITY,0.538090794075991
20211029,X267.HK.EQUITY,0.531561554648632
20211101,X1299.HK.EQUITY,0.587633142000532
20211102,X2880.TT.EQUITY,0.631224943554909
20211103,X2885.TT.EQUITY,0.554250138930845
20211104,X2885.TT.EQUITY,0.617178532553967
20211105,X600926.CH.EQUITY,0.712647552903633
20211108,X600926.CH.EQUITY,0.647335192595328
20211109,X600926.CH.EQUITY,0.653457418865721
20211110,X267.HK.EQUITY,0.661185809857187
20211111,X600926.CH.EQUITY,0.529246117325052
20211112,X600926.CH.EQUITY,0.640196694863127
20211115,X5.HK.EQUITY,0.532460566139369
20211116,X5.HK.EQUITY,0.593863450420768
20211117,X5.HK.EQUITY,0.673665174898519
20211118,X601916.CH.Equity,0.510816695924659
20211119,X5.HK.EQUITY,0.614884197708129
20211122,X600926.CH.EQUITY,0.586930682093917
20211123,X601336.CH.EQUITY,0.680054832310101
20211124,X601916.CH.Equity,0.593106341701709
20211126,X000001.CH.EQUITY,0.682033065056685
20211129,X000001.CH.EQUITY,0.669293076270443
20211130,X601838.CH.EQUITY,0.628861054427158
20211201,X601916.CH.Equity,0.59857277093427
20211202,X601838.CH.EQUITY,0.736201468773287
20211203,X600926.CH.EQUITY,0.615191221196971
20211206,X601916.CH.Equity,0.617543848633038
20211207,X601916.CH.Equity,0.591994779122744
20211208,X601916.CH.Equity,0.526122403408586
20211209,X11.HK.EQUITY,0.479909336472774
20211210,X601916.CH.Equity,0.749877091992637
20211213,X11.HK.EQUITY,0.51517355189361
20211214,X2886.TT.EQUITY,0.725257763050553
20211215,X11.HK.EQUITY,0.657687505475383
20211216,X11.HK.EQUITY,0.622245431467448
20211217,X000001.CH.EQUITY,0.872528237382736
20211220,X600030.CH.EQUITY,0.713134365893631
20211221,X601577.CH.EQUITY,0.626858658207467
20211222,X2883.TT.EQUITY,0.743989640925608
20211223,X2883.TT.EQUITY,0.753745071535475
20211227,X2883.TT.EQUITY,0.629500472673445
20211228,X2886.TT.EQUITY,0.643230977254138
20211229,X2886.TT.EQUITY,0.780931027939819
20211230,X601988.CH.EQUITY,0.743991715042977
20211231,X001979.CH.EQUITY,0.639702505767775
20220104,X601939.CH.EQUITY,0.596573454346954
20220105,X000001.CH.EQUITY,0.680260715382665
20220106,X601939.CH.EQUITY,0.643744787417099
20220107,X267.HK.EQUITY,0.723557906706856
20220110,X267.HK.EQUITY,0.583529268249179
20220111,X267.HK.EQUITY,0.526647260727665
20220112,X601988.CH.EQUITY,0.794548434469031
20220113,X267.HK.EQUITY,0.716317217511198
20220114,X267.HK.EQUITY,0.406435668440504
20220118,X267.HK.EQUITY,0.51842882735433
20220119,X267.HK.EQUITY,0.470130324827124
20220120,X2886.TT.EQUITY,0.599592168342708
20220121,X2886.TT.EQUITY,0.621919074662091
20220124,X11.HK.EQUITY,0.648455589578191
20220125,X2886.TT.EQUITY,0.639127682702503
20220126,X002142.CH.EQUITY,0.634894391682307
20220127,X267.HK.EQUITY,0.501657751750462
20220128,X002142.CH.EQUITY,0.618413382437091
20220207,X267.HK.EQUITY,0.595569425373768
20220208,X11.HK.EQUITY,0.686611626886223
20220209,X267.HK.EQUITY,0.445567445200989
20220210,X600919.CH.EQUITY,0.521370337693714
20220211,X600919.CH.EQUITY,0.505196804564051
20220214,X000001.CH.EQUITY,0.585336383554324
20220215,X601077.CH.Equity,0.811517308346023
20220216,X2388.HK.EQUITY,0.722613723526199
20220217,X2886.TT.EQUITY,0.586563831363913
20220218,X2886.TT.EQUITY,0.742374413401706
20220222,X2388.HK.EQUITY,0.777927194749023
20220223,X2884.TT.EQUITY,0.626613910844702
20220224,X2886.TT.EQUITY,0.764610492468127
20220225,X601916.CH.Equity,0.722511525106015
20220228,X002142.CH.EQUITY,0.638031192699673
20220301,X2388.HK.EQUITY,0.622308090538119
20220302,X2886.TT.EQUITY,0.75562974063656
20220303,X002142.CH.EQUITY,0.698653433403506
20220304,X2880.TT.EQUITY,0.767203008609801
20220307,X2883.TT.EQUITY,0.587976197546368
20220308,X2883.TT.EQUITY,0.632405372313682
20220309,X2883.TT.EQUITY,0.511471162042053
20220310,X2883.TT.EQUITY,0.550545392914674
20220311,X267.HK.EQUITY,0.572573396933573
20220314,X267.HK.EQUITY,0.714334524235885
20220315,X601988.CH.EQUITY,0.746847758043549
20220316,X5880.TT.EQUITY,0.610028040393132
20220317,X601838.CH.EQUITY,0.729705632277067
20220318,X2891.TT.EQUITY,0.682610042193059
20220321,X601288.CH.EQUITY,0.740386847167663
20220322,X2891.TT.EQUITY,0.578993681257581
20220323,X601601.CH.EQUITY,0.639609953556669
20220324,X2880.TT.EQUITY,0.638652867077236
20220325,X2891.TT.EQUITY,0.683085323483475
20220328,X601838.CH.EQUITY,0.60667467781877
20220329,X2888.TT.EQUITY,0.710480220490584
20220330,X601838.CH.EQUITY,0.720443991232034
20220331,X2886.TT.EQUITY,0.55394493301652
20220401,X2886.TT.EQUITY,0.552617100263923
20220406,X2886.TT.EQUITY,0.601459819077971
20220407,X2886.TT.EQUITY,0.55412385254169
20220408,X2886.TT.EQUITY,0.624845659504644
20220411,X2388.HK.EQUITY,0.610014614907293
20220412,X2886.TT.EQUITY,0.667965638351146
20220413,X2891.TT.EQUITY,0.542898287876566
20220414,X002142.CH.EQUITY,0.599742852319948
20220418,X2884.TT.EQUITY,0.593244427481105
20220419,X2891.TT.EQUITY,0.54816250356603
20220420,X2891.TT.EQUITY,0.553791903514345
20220421,X2891.TT.EQUITY,0.536807560434811
20220422,X2891.TT.EQUITY,0.534983856406445
20220425,X2388.HK.EQUITY,0.549482700496671
20220426,X002142.CH.EQUITY,0.542126176605686
20220427,X2891.TT.EQUITY,0.526856896734157
20220428,X2891.TT.EQUITY,0.523785408174526
20220429,X002142.CH.EQUITY,0.587668064508734
20220505,X002142.CH.EQUITY,0.554957129218802
20220506,X002142.CH.EQUITY,0.565493234167411
20220509,X601009.CH.EQUITY,0.495844773435151
20220510,X601009.CH.EQUITY,0.625248344831533
20220511,X2886.TT.EQUITY,0.709526219967742
20220512,X601009.CH.EQUITY,0.612467620221795
20220513,X601009.CH.EQUITY,0.658473652582129
20220516,X2801.TT.EQUITY,0.69906847077029
20220517,X2388.HK.EQUITY,0.622343935209488
20220518,X2388.HK.EQUITY,0.614198477391544
20220519,X601009.CH.EQUITY,0.642941989138917
20220520,X2388.HK.EQUITY,0.636350606146918
20220523,X2388.HK.EQUITY,0.604341520120269
20220524,X2388.HK.EQUITY,0.581496614576443
20220525,X601998.CH.EQUITY,0.65998585181143
20220526,X2801.TT.EQUITY,0.726617652344066
20220527,X2801.TT.EQUITY,0.728070814718205
20220531,X11.HK.EQUITY,0.623053816149114
20220601,X11.HK.EQUITY,0.572524721731324
20220602,X2886.TT.EQUITY,0.620424060565661
20220606,X601398.CH.EQUITY,0.696554433486386
20220607,X2886.TT.EQUITY,0.606333135046775
20220608,X601916.CH.Equity,0.73884511645963
20220609,X1299.HK.EQUITY,0.649128958788161
20220610,X601916.CH.Equity,0.71249237466031
20220613,X601916.CH.Equity,0.714170639577084
20220614,X601916.CH.Equity,0.704272891642743
20220615,X2884.TT.EQUITY,0.717097037052563
20220616,X2884.TT.EQUITY,0.714403103527835
20220617,X2388.HK.EQUITY,0.657915918133984
20220621,X601398.CH.EQUITY,0.656269692237183
20220622,X601398.CH.EQUITY,0.608239970105794
20220623,X601229.CH.EQUITY,0.663578449294556
20220624,X000001.CH.EQUITY,0.629968492349113
20220627,X000001.CH.EQUITY,0.653038320648174
20220628,X000001.CH.EQUITY,0.682834500620041
20220629,X601818.CH.EQUITY,0.679389230565045
20220630,X2885.TT.EQUITY,0.746819321897966
20220701,X601009.CH.EQUITY,0.680969790524606
20220705,X601009.CH.EQUITY,0.659538867516662
20220706,X601009.CH.EQUITY,0.696837773632895
20220707,X601009.CH.EQUITY,0.661967484080559
20220708,X601009.CH.EQUITY,0.661532275911326
20220711,X601009.CH.EQUITY,0.59887566320983
20220712,X000001.CH.EQUITY,0.678360888599169
20220713,X2388.HK.EQUITY,0.632904032917617
20220714,X2881.TT.EQUITY,0.53046405043297
20220715,X000001.CH.EQUITY,0.686918895600376
20220718,X601997.CH.EQUITY,0.751567367076087
20220719,X2388.HK.EQUITY,0.678608184934679
20220720,X2388.HK.EQUITY,0.673705695227536
20220721,X601916.CH.Equity,0.698661887786657
20220722,X601916.CH.Equity,0.623815936765837
20220725,X601319.CH.EQUITY,0.636359479958811
20220726,X601997.CH.EQUITY,0.629488417847367
20220727,X601169.CH.EQUITY,0.627439715416229
20220728,X000001.CH.EQUITY,0.646014805582155
20220729,X000001.CH.EQUITY,0.633842241967255
20220801,X601009.CH.EQUITY,0.610655278081576
20220802,X601628.CH.EQUITY,0.696890438092727
20220803,X2388.HK.EQUITY,0.673514503266783
20220804,X2388.HK.EQUITY,0.619621150303844
20220805,X601009.CH.EQUITY,0.594728949461999
20220808,X601009.CH.EQUITY,0.575086778996508
20220809,X2388.HK.EQUITY,0.57816889637354
20220810,X601009.CH.EQUITY,0.65633326851672
20220811,X601997.CH.EQUITY,0.710630883479332
20220812,X600016.CH.EQUITY,0.59424431232553
20220815,X601398.CH.EQUITY,0.731922200373234
20220816,X601398.CH.EQUITY,0.739279298091582
20220817,X601328.CH.EQUITY,0.715326590954759
20220818,X601398.CH.EQUITY,0.75187095540828
20220819,X601628.CH.EQUITY,0.633148875924449
20220822,X601398.CH.EQUITY,0.6796594191728
20220823,X601628.CH.EQUITY,0.657306780576748
20220824,X601628.CH.EQUITY,0.649408268772992
20220825,X601628.CH.EQUITY,0.65952522694681
20220826,X2388.HK.EQUITY,0.539531196248872
20220829,X2388.HK.EQUITY,0.663980636119764
20220830,X2388.HK.EQUITY,0.625684320051149
20220831,X2388.HK.EQUITY,0.651902322905123
20220901,X2388.HK.EQUITY,0.523232740624471
20220902,X2388.HK.EQUITY,0.529416596544536
20220906,X2388.HK.EQUITY,0.665937875766422
20220907,X11.HK.EQUITY,0.729042197997853
20220908,X601628.CH.EQUITY,0.724321147265726
20220909,X601398.CH.EQUITY,0.676929806407021
20220913,X601169.CH.EQUITY,0.657649090095793
20220914,X601398.CH.EQUITY,0.703186233005359
20220915,X601009.CH.EQUITY,0.593396871262188
20220916,X2888.TT.EQUITY,0.661420304148134
20220919,X600837.CH.EQUITY,0.715202825396546
20220920,X267.HK.EQUITY,0.674927436447399
20220921,X601077.CH.Equity,0.691103234177508
20220922,X2388.HK.EQUITY,0.717230216775583
20220923,X601211.CH.EQUITY,0.698519339599833
20220926,X2888.TT.EQUITY,0.729179042717078
20220927,X11.HK.EQUITY,0.632726742753652
20220928,X11.HK.EQUITY,0.544132552091595
20220929,X11.HK.EQUITY,0.583892493311598
20220930,X267.HK.EQUITY,0.620859664606722
20221010,X2388.HK.EQUITY,0.509410392071419
20221011,X601916.CH.Equity,0.498499034004933
20221012,X601916.CH.Equity,0.515388760911395
20221013,X2388.HK.EQUITY,0.627710448836572
20221014,X600016.CH.EQUITY,0.608055745008151
20221017,X2388.HK.EQUITY,0.679217942865069
20221018,X601319.CH.EQUITY,0.621527509699003
20221019,X267.HK.EQUITY,0.637011101538267
20221020,X267.HK.EQUITY,0.619325318403396
20221021,X267.HK.EQUITY,0.643225961296311
20221024,X267.HK.EQUITY,0.671768470828876
20221025,X601688.CH.EQUITY,0.633746117288266
20221026,X601688.CH.EQUITY,0.688072433040885
20221027,X2882.TT.EQUITY,0.7085325571305
20221028,X600837.CH.EQUITY,0.705709440995952
20221031,X5.HK.EQUITY,0.756508714515412
20221101,X5.HK.EQUITY,0.566521747289303
20221102,X5.HK.EQUITY,0.647998366564253
20221103,X5.HK.EQUITY,0.488110938447057
20221104,X5.HK.EQUITY,0.64628504437808
20221107,X5.HK.EQUITY,0.509395432108353
20221108,X5.HK.EQUITY,0.583533327259677
20221109,X5.HK.EQUITY,0.56753952732464
20221110,X5.HK.EQUITY,0.619935401890257
20221111,X2882.TT.EQUITY,0.544562032437171
20221114,X600036.CH.EQUITY,0.642768231103114
20221115,X600036.CH.EQUITY,0.608877215163512
20221116,X5.HK.EQUITY,0.689438649646764
20221117,X2882.TT.EQUITY,0.632477087909878
20221118,X2886.TT.EQUITY,0.656553858459084
20221121,X2886.TT.EQUITY,0.683290372059316
20221122,X2886.TT.EQUITY,0.690568817773746
20221123,X2886.TT.EQUITY,0.573715605658121
20221125,X2886.TT.EQUITY,0.696864316782516
20221128,X2882.TT.EQUITY,0.573834192319006
20221129,X5.HK.EQUITY,0.668144148219043
20221130,X601398.CH.EQUITY,0.687229725922023
20221201,X2888.TT.EQUITY,0.679868014474935
20221202,X2882.TT.EQUITY,0.642694092025718
20221205,X5.HK.EQUITY,0.542452864936107
20221206,X2388.HK.EQUITY,0.562071717598591
20221207,X2882.TT.EQUITY,0.503148053318712
20221208,X2388.HK.EQUITY,0.59794162534489
20221209,X2886.TT.EQUITY,0.492918943614355
20221212,X2882.TT.EQUITY,0.451548046177844
20221213,X2882.TT.EQUITY,0.566625980411936
20221214,X2882.TT.EQUITY,0.565714628556505
20221215,X2882.TT.EQUITY,0.552333708409583
20221216,X601988.CH.EQUITY,0.599417304064813
20221219,X2388.HK.EQUITY,0.563310735385383
20221220,X2886.TT.EQUITY,0.492260147692102
20221221,X2886.TT.EQUITY,0.50884521262802
20221222,X2886.TT.EQUITY,0.539405948616583
20221223,X2886.TT.EQUITY,0.552701585254436
20221227,X2886.TT.EQUITY,0.388473711601449
20221228,X601328.CH.EQUITY,0.625393541651617
20221229,X2886.TT.EQUITY,0.379473221752322
20221230,X2882.TT.EQUITY,0.645670789844449
20230103,X2883.TT.EQUITY,0.532187949090552
20230104,X2883.TT.EQUITY,0.591594807447571
20230105,X600036.CH.EQUITY,0.593690119465063
20230106,X2884.TT.EQUITY,0.37719222860955
20230109,X2884.TT.EQUITY,0.400316208826161
20230110,X2884.TT.EQUITY,0.382031632321436
20230111,X11.HK.EQUITY,0.573702227736968
20230112,X2884.TT.EQUITY,0.60104596009168
20230113,X2884.TT.EQUITY,0.565656883173861
20230117,X2884.TT.EQUITY,0.475795863804485
20230118,X600036.CH.EQUITY,0.636244008488524
20230119,X601988.CH.EQUITY,0.607809663773821
20230120,X600036.CH.EQUITY,0.603342894314491
20230130,X2883.TT.EQUITY,0.674395834369523
20230131,X601288.CH.EQUITY,0.690538992843314
20230201,X601818.CH.EQUITY,0.636707616122642
20230202,X2388.HK.EQUITY,0.585158068232499
20230203,X2388.HK.EQUITY,0.666260043155244
20230206,X2882.TT.EQUITY,0.678394810400559
20230207,X2388.HK.EQUITY,0.609702747683603
20230208,X601628.CH.EQUITY,0.572252923094396
20230209,X2388.HK.EQUITY,0.584100898838266
20230210,X2388.HK.EQUITY,0.628651406447768
20230213,X5.HK.EQUITY,0.491370484601545
20230214,X5.HK.EQUITY,0.547282284885946
20230215,X5.HK.EQUITY,0.506820983163607
20230216,X5.HK.EQUITY,0.515951396564629
20230217,X5880.TT.EQUITY,0.611905781019965
20230221,X5.HK.EQUITY,0.58830522058227
20230222,X5880.TT.EQUITY,0.60040613195953
20230223,X2388.HK.EQUITY,0.432557546119989
20230224,X2388.HK.EQUITY,0.611625823073901
20230227,X5.HK.EQUITY,0.66217315575676
20230228,X1299.HK.EQUITY,0.582624246217266
