,Date,MKRturn,CN3M,CN310SLOPE,TED,CreSP,RealEstateDiff
2,2019-01-03,-0.0174370065320528,-0.0528,0.6701,0.7751,1.1235,-0.00670948492725704
3,2019-01-04,0.033306292720467,-0.1458,0.8262,0.8899,1.0878,0.00278724794843331
4,2019-01-07,0.00228281646377626,0.0158,0.8098,0.8001,1.0581,0.00737517936600882
5,2019-01-08,0.0045500584061009,-0.0293000000000001,0.8095,0.7814,1.0476,-0.00213837815431359
6,2019-01-09,0.0170046608044201,0.0323000000000002,0.7667,0.7211,1.0553,-0.00524486103236895
7,2019-01-10,0.00593326833307906,0.00809999999999977,0.7486,0.679,1.0625,-0.00241982069090429
8,2019-01-11,-0.00444664764303448,-0.0835999999999997,0.8374,0.7386,1.0561,0.000319590395077824
9,2019-01-14,-0.0119553105146792,0.0328999999999997,0.8284,0.6827,1.0316,0.000915615537878917
10,2019-01-15,0.00972454989199489,-0.00209999999999999,0.8391,0.6628,1.033,-0.00708788709158932
11,2019-01-16,0.0133105243438276,0.0206,0.7547,0.6222,1.0943,0.00326768486225835
12,2019-01-17,0.00317809826231485,-0.012,0.7682,0.6222,1.0865,-0.00193312965265735
13,2019-01-18,0.00971588891454056,-0.0153999999999996,0.7986,0.6256,1.0778,-0.00520671730207148
14,2019-01-21,-0.0870773030864989,0.0528999999999997,0.7584,0.5697,1.072,-0.00586291009796622
15,2019-01-22,0.0663170019936614,-0.0196999999999998,0.7815,0.5884,1.0886,0.00316632624496577
16,2019-01-23,0.011288463430271,-0.0159000000000002,0.8093,0.5993,1.0675,-0.00372345027363543
17,2019-01-24,0.0104382547467221,-0.000399999999999956,0.8245,0.5947,1.0736,-0.00579113240605609
18,2019-01-25,0.0186608285787715,-0.0242,0.8547,0.6169,1.0662,-0.00558436459005623
19,2019-01-28,-0.00833040637957971,-0.00639999999999974,0.861,0.6223,1.0778,-0.00193182054957258
20,2019-01-29,0,-0.0658000000000003,0.9117,0.6871,1.0904,0.00295680685158198
21,2019-01-30,0.0175318397086657,0.0226999999999999,0.8795,0.6654,1.1107,0.00470537940643275
22,2019-02-11,-0.000939849693242234,-0.00209999999999999,0.8629,0.6939,1.134,-0.00785919952247863
23,2019-02-12,0.0018788168983801,-0.0188000000000001,0.8895,0.6867,1.1352,0.00467098026715644
24,2019-02-13,0.00934149716911303,-0.0101,0.8967,0.6768,1.1556,0.00108308969724916
25,2019-02-14,-0.00372613379415343,-0.0112999999999999,0.9087,0.6661,1.1582,0.00599343207149502
26,2019-02-15,-0.00538075926831194,-0.1581,1.0736,0.7962,1.1623,-0.000292704375494484
27,2019-02-18,-0.117079553390298,0.0568000000000004,1.0468,0.7344,1.1473,0.00461101278069139
28,2019-02-19,0.131518555991067,-0.000700000000000145,1.066,0.7161,1.1276,0.000398874121554364
29,2019-02-20,0.00576370471674981,-0.000799999999999912,1.0585,0.6979,1.1334,0.00578151647548413
30,2019-02-21,-0.00230149698827908,-0.0102000000000002,1.0852,0.6981,1.1318,-0.00834553031120359
31,2019-02-22,0.0169069597222311,-0.0143,1.1085,0.7124,1.1341,-0.00312536750790028
32,2019-02-25,0.0197404346499961,0.0159000000000002,1.1262,0.6995,1.1093,0.00314233664306919
33,2019-02-26,-0.00825252815607858,0.1358,0.9995,0.5677,1.1477,0.00703840369022819
34,2019-02-27,-0.0162568493348196,-0.0387999999999997,1.0194,0.6065,1.1589,0.00300924911010269
35,2019-03-04,0.0110923604785933,-0.0472000000000001,1.2393,0.787,1.1902,0.00945003176671413
36,2019-03-05,0.0123057823163344,0.0642999999999998,1.1876,0.7227,1.1944,0.0247178361587782
37,2019-03-06,-0.0100570743752719,-0.0259999999999998,1.2008,0.7487,1.1953,-0.00702309973599469
38,2019-03-07,-0.0224881708431379,-0.0387000000000002,1.1946,0.7884,1.2491,-0.00254109626690176
39,2019-03-08,-0.018081160181437,-0.00869999999999993,1.1884,0.8011,1.2623,-0.0145193508609558
40,2019-03-11,0.0196879549722198,-0.0237000000000001,1.2072,0.8263,1.2646,0.0176929254602324
41,2019-03-12,0.0116293637618594,0.0757999999999999,1.1364,0.755,1.2738,0.00456862307288722
42,2019-03-13,-0.00272417875621978,-0.00499999999999989,1.1365,0.767,1.2953,0.0204685357995326
43,2019-03-14,-0.00318761654243627,0.1546,0.9919,0.6214,1.2942,-0.0156745697426135
44,2019-03-15,0.0138151897178584,-0.00270000000000037,0.9847,0.6461,1.3014,0.0230563689995821
45,2019-03-18,0.0118503343170304,0.00660000000000016,0.9782,0.6545,1.3057,0.013391916275242
46,2019-03-19,0.00399290681343167,0.00620000000000021,0.972,0.6573,1.2916,-0.00166033158300987
47,2019-03-20,-0.00599535491830405,-0.0111000000000003,0.9907,0.6784,1.2609,0.0057165884865576
48,2019-03-21,-0.000222741954367667,-0.00099999999999989,0.9755,0.6844,1.2771,0.0059195068408222
49,2019-03-22,-0.0293872865435398,-0.0089999999999999,0.9634,0.6924,1.3193,0.00848421529395552
50,2019-03-25,-0.00206682815566284,-0.0384000000000002,0.9769,0.7298,1.3462,0.00457796938605905
51,2019-03-26,0.00160790203471262,-0.0146999999999999,0.9718,0.7365,1.3498,-0.0163277816438691
52,2019-03-27,-0.00183781351980405,0.0378000000000003,0.9589,0.6897,1.3053,0.00355716299963616
53,2019-03-28,0.007787487821171,0.0219999999999998,0.9121,0.6557,1.323,-0.0129668446069281
54,2019-03-29,0.00998873231333164,-0.00859999999999994,0.9256,0.6583,1.3226,0.0156105857684468
55,2019-04-01,0.0159106997871201,-0.0905,1.081,0.7428,1.2675,0.0145064389590022
56,2019-04-02,-0.00534999046918605,0.0303999999999998,1.0855,0.7034,1.2776,0.00231156897388978
57,2019-04-03,0.00712697894211489,-0.00149999999999961,1.152,0.6859,1.2553,0.00406024840791098
58,2019-04-08,0.0143221573395547,0.0858000000000003,1.0909,0.5967,1.2652,-0.0148819518917885
59,2019-04-09,-0.00219010162004407,0.00169999999999959,1.1292,0.592,1.2404,0.027302686922417
60,2019-04-10,-0.00197520090553338,0.0137,1.1205,0.5823,1.2761,-0.00511159539934332
61,2019-04-11,-0.0139367370242347,0.00260000000000016,1.1031,0.5847,1.2797,-0.00601794669952696
62,2019-04-12,0.0121777216190551,-0.0689000000000002,1.227,0.6546,1.2005,-0.00926943415774343
63,2019-04-15,-0.0112870513308274,0.0955000000000004,1.1717,0.5661,1.1901,-0.00929035043289427
64,2019-04-16,0.0148019934382719,-0.0154000000000001,1.2072,0.5875,1.2059,-0.00865657271248391
65,2019-04-17,0.00131492458130866,0.0141,1.1932,0.5864,1.2058,-0.00595671116003367
66,2019-04-18,0.00153189656831465,0.0261,1.1322,0.5793,1.2507,-0.00436915312446745
67,2019-04-19,-0.187275860283143,-0.0397000000000003,1.1871,0.63,1.2397,-1.5166797817337e-05
68,2019-04-22,0.178049081292226,-0.0623,1.2844,0.6973,1.2164,-0.0159500608846361
69,2019-04-23,-0.000220726190058418,0.0643000000000002,1.2103,0.644,1.2211,0.000681391966248107
70,2019-04-24,-0.0151248434846019,-0.0185,1.2638,0.6845,1.185,-0.00264465130710156
71,2019-04-25,-0.00629498481622104,0.00599999999999978,1.2428,0.7035,1.1997,-0.0150622627539501
72,2019-04-26,0.00584665483785285,0.0340000000000003,1.1938,0.6855,1.2146,-0.00638361751297782
73,2019-04-29,0.00358102441770614,0.0369999999999999,1.1793,0.6755,1.1869,-0.0155934821051198
74,2019-04-30,-0.00605043862577404,0.00700000000000012,1.1324,0.6755,1.2129,0.00832217809773588
75,2019-05-06,-0.0170014295693286,0.0118,1.0837,0.6627,1.2182,-0.0347918718977712
76,2019-05-07,-0.0273481702152329,0.00229999999999997,1.0815,0.6484,1.1886,0.0154515235049491
77,2019-05-08,-0.00329489589685261,0.0217000000000001,1.0473,0.6147,1.1809,0.0063293441161559
78,2019-05-09,-0.0171188203317802,-0.00859999999999994,1.0249,0.6163,1.1747,-0.00031703883732391
79,2019-05-10,0.00645394854074333,0.0642999999999998,0.9507,0.544,1.1907,0.0106638679072056
80,2019-05-13,-0.0326945211932608,0.0263,0.8936,0.5117,1.2087,0.00918030016061343
81,2019-05-14,0.0158752876122521,-0.0213000000000001,0.9299,0.535,1.1787,-0.0064299411205039
82,2019-05-15,0.00483443049379906,-0.0272999999999999,0.9475,0.5643,1.1859,0.00433332926337538
83,2019-05-16,0.0045711615745363,-0.0459000000000001,0.9834,0.6132,1.1937,0.00503931109768339
84,2019-05-17,-0.0167013442740465,0.00600000000000023,0.9777,0.6112,1.1919,-0.0174902811328569
85,2019-05-20,-0.0137628124683973,-0.0264000000000002,1.0093,0.6376,1.1842,-0.00995052522206133
86,2019-05-21,0.0108295422156295,0.0154999999999998,1.0211,0.6221,1.1523,0.00940720497724989
87,2019-05-22,-0.0056462651537732,0.0284,1.0201,0.5967,1.1153,-0.00414903791398303
88,2019-05-23,-0.0123855930585037,0.00370000000000026,1,0.591,1.1358,-0.00879310213313486
89,2019-05-24,-0.0047470420186051,-0.0165999999999999,1.0191,0.6086,1.1287,-0.00656389868080426
90,2019-05-27,-0.0516492436883085,0.0152999999999999,1.0413,0.5953,1.1028,0.00865708736288966
91,2019-05-28,0.056645506892004,0.0859999999999999,0.9153,0.5203,1.1633,0.00302523851010552
92,2019-05-29,0.00868384070038486,-0.0313999999999997,0.9242,0.5537,1.1599,-0.00911700441631655
93,2019-05-30,0.000247005064859529,0.0185,0.8932,0.5342,1.1699,-0.00310368243125442
94,2019-05-31,-0.00296809517922014,0.0177999999999998,0.8755,0.5124,1.1848,0.0072459662528951
95,2019-06-03,0.00420220615900435,0.0164,0.8241,0.488,1.2173,-0.00951814454983849
96,2019-06-04,-0.00370691144853241,-0.00449999999999973,0.7986,0.4905,1.2448,-0.00655444830989498
97,2019-06-05,-0.00645804529649618,0.0046999999999997,0.7938,0.4998,1.2499,0.00525492573472206
98,2019-06-06,0.000498256113945494,-0.0108999999999999,0.8083,0.5187,1.2434,-0.0106790459922225
99,2019-06-10,0.0197293699063077,0.00519999999999987,0.8146,0.5215,1.23,0.0019939309647283
100,2019-06-11,0.0111705872583974,0.00570000000000004,0.8489,0.5238,1.1846,0.0118795051432441
101,2019-06-12,-0.0182775893572753,-0.00259999999999971,0.8465,0.5294,1.2046,0.0014536963645737
102,2019-06-13,0.00539613769524872,-0.00300000000000011,0.8345,0.5334,1.2288,-0.00307574194927205
103,2019-06-14,-0.00958591585137958,0.0196000000000001,0.8,0.5168,1.2573,-0.00161521255918826
104,2019-06-17,-0.0017303180685948,0.0246999999999997,0.7703,0.4921,1.2618,-0.0054950912711856
105,2019-06-18,0.028775455291743,-0.0236999999999998,0.799,0.5118,1.2561,-0.0103579937199442
106,2019-06-19,0.00766287274556898,-0.0802,0.8917,0.578,1.2357,-0.00575842127066156
107,2019-06-20,0.0186700448405883,-0.0190000000000001,0.9032,0.579,1.2292,-0.00552269229368507
108,2019-06-21,-0.00492900892300385,-0.0753999999999997,0.9737,0.6384,1.2141,0.00675028808273735
109,2019-06-24,0.00070563333517093,-0.0102000000000002,0.9989,0.6126,1.1807,-0.00552217559174519
110,2019-06-25,-0.0168350152650545,0.0072000000000001,0.9817,0.5554,1.1727,0.00586773505076262
111,2019-06-26,0.011885093549556,-0.0194000000000001,1.0111,0.5238,1.1444,-0.000464533832269583
112,2019-06-27,0.0110446428786819,0.00329999999999986,1.0178,0.4845,1.1298,-0.00585232226452662
113,2019-06-28,-0.000467508189908372,-0.0505,1.0384,0.521,1.1587,-0.00407005353709513
114,2019-07-01,0.014622518867542,0.00760000000000005,1.0308,0.4864,1.155,0.0106552139481936
115,2019-07-02,-0.00253777965246993,-0.0284999999999997,1.0043,0.4909,1.197,0.00722427135076395
116,2019-07-03,-0.00370285079413746,-0.1152,1.1045,0.5901,1.1873,0.0126593274666296
117,2019-07-04,-0.128740133272931,0.0162,1.0808,0.5599,1.1869,0.00849990637234804
118,2019-07-05,0.117079553390298,-0.0276000000000001,1.131,0.5665,1.1658,-0.0102602114888202
119,2019-07-08,-0.00753476604514258,0.0116000000000001,1.1294,0.5519,1.1579,-0.00485632962013449
120,2019-07-09,-0.00592629445742254,0.00770000000000026,1.1092,0.5422,1.173,0.00120015153789924
121,2019-07-10,0.00284900477607497,-0.0271000000000003,1.1389,0.5683,1.1693,-0.00441435161815819
122,2019-07-11,-0.00499109770512929,0.0226999999999999,1.1136,0.5456,1.1699,-0.00888883120441927
123,2019-07-12,0.00380499864542605,-0.0150999999999999,1.1138,0.5607,1.1753,-0.00214932721532337
124,2019-07-15,0.00284427781225727,-0.0072000000000001,1.1461,0.5679,1.1437,0.000661202892646711
125,2019-07-16,-0.00165817875255403,0.0563000000000002,1.0848,0.5206,1.1486,0.00931987187777606
126,2019-07-17,-0.00118609905970324,0.0421999999999998,1.0451,0.4824,1.1497,0.00773032438341798
127,2019-07-18,0.00260756340708079,0.0318000000000001,0.9984,0.4606,1.1635,-0.00863183377785478
128,2019-07-19,0.00543030492717378,-0.0131999999999999,1.0067,0.4818,1.1635,0.0115518519945169
129,2019-07-22,-0.00922537589572547,0.0455999999999999,0.9536,0.4332,1.1718,-0.0022780269197067
130,2019-07-23,0.00568721912058923,0.0138000000000003,0.9398,0.4194,1.1729,-0.0109742875272374
131,2019-07-24,0.00330266872506613,-0.0204,0.9828,0.4368,1.1432,-0.00395808301756419
132,2019-07-25,-0.00685338851664152,0.0147999999999997,0.9605,0.422,1.1482,-0.00253969534452592
133,2019-07-26,0.00142180118738366,0.0192000000000001,0.9439,0.4068,1.1516,0.0032027242291803
134,2019-07-29,-0.0073678289330652,0.0465,0.9149,0.3623,1.1424,0.00154087786061589
135,2019-07-30,-0.00622160417996076,0.0114999999999998,0.8959,0.3558,1.1485,0.00115613118299746
136,2019-07-31,-0.0135333143306369,0.0298000000000003,0.8452,0.334,1.1504,-0.0144684480410758
137,2019-08-01,-0.0228876731309984,0.0202,0.8185,0.3158,1.1618,-0.0056472299617798
138,2019-08-02,-0.007747133586542,-0.0220000000000002,0.7832,0.3408,1.2089,0.000442859952449581
139,2019-08-05,-0.0399234185980486,0.0221,0.726,0.3157,1.2357,-0.00377050942982267
140,2019-08-06,0.00935557759358474,0.0011000000000001,0.7299,0.3036,1.2172,-0.00522818492939032
141,2019-08-07,0.00490260303347156,0.0089999999999999,0.711,0.2826,1.2074,0.0094216898900732
142,2019-08-08,0.00845833570273813,0.000199999999999978,0.7059,0.2774,1.2049,-0.00898147410775964
143,2019-08-12,-0.0237614485042879,0.0287000000000002,0.6902,0.2761,1.203,0.0146645847761303
144,2019-08-13,0.015817780852025,0.00600000000000023,0.6492,0.2891,1.2306,0.00490673172697121
145,2019-08-14,-0.031358723160182,-0.00370000000000026,0.6593,0.3048,1.216,0.000233501039963148
146,2019-08-15,0.0137096795334748,0.0341,0.6262,0.2757,1.2104,-0.00427981536428804
147,2019-08-16,0.0106785752333605,0.0185,0.6179,0.2622,1.2089,-0.00424976045182446
148,2019-08-19,0.0141481459660269,-0.00349999999999984,0.6188,0.2687,1.225,0.0108514439793895
149,2019-08-20,-0.00358239891824708,-0.0158,0.6472,0.2865,1.2039,0.00983580394242707
150,2019-08-21,0.00867795134484739,0.0503,0.6219,0.2392,1.186,0.00383314196473378
151,2019-08-22,-0.00765309857771745,0.00209999999999999,0.6174,0.2451,1.1888,-0.000593520311897345
152,2019-08-23,-0.0183491386681962,0.000599999999999934,0.6269,0.2525,1.1874,-0.00794475280176467
153,2019-08-26,0.0142434105501574,0.00819999999999999,0.6037,0.2483,1.1935,0.00342015920658001
154,2019-08-27,0.000257102456744374,0.0137999999999998,0.5925,0.2405,1.1905,0.00320396780886259
155,2019-08-28,-0.00128617381074392,0.0164000000000004,0.5761,0.2261,1.2022,0.00225258121675598
156,2019-08-29,0.00718135940866471,0.00989999999999958,0.5463,0.2144,1.2168,-0.0120945016651059
157,2019-08-30,-0.000255591055704496,-0.0377999999999998,0.6093,0.253,1.2015,-0.00812055799806491
158,2019-09-02,-0.0311551677797954,-0.00680000000000014,0.6311,0.2588,1.1883,0.0067095540706246
159,2019-09-03,0.0314107588354999,-0.00099999999999989,0.6222,0.2608,1.1883,-0.0020677345486473
160,2019-09-04,0.0232392372920471,-0.0253000000000001,0.6324,0.2871,1.2016,0.002800541114908
161,2019-09-05,0.0119137671258489,0.00670000000000037,0.5957,0.2824,1.2053,-0.00640794867929404
162,2019-09-06,0.00197190105798928,-0.0274000000000001,0.6231,0.3138,1.1984,-0.00412405893882677
163,2019-09-09,0.00196802031539178,0.0198,0.611,0.293,1.1898,0.0118572824051691
164,2019-09-10,0.000491400501289263,-0.00770000000000026,0.6362,0.3007,1.1715,-0.000216267122545602
165,2019-09-11,0.0151148660087532,-0.0067999999999997,0.653,0.3075,1.1595,-0.0127315424660673
166,2019-09-12,0.0036227548376857,-0.0107000000000004,0.6988,0.3202,1.112,0.0159118863464462
167,2019-09-16,-0.000482276353693134,0.028,0.6758,0.2932,1.0959,-8.65101239491423e-05
168,2019-09-17,-0.00483559936452771,-0.0135999999999998,0.7044,0.3048,1.075,-0.00237050505922126
169,2019-09-18,-0.00680936483235195,-0.00320000000000009,0.7278,0.306,1.0539,0.00857754604116568
170,2019-09-19,-0.0071017807971554,-0.0831,0.7884,0.3921,1.0844,0.000270866157033558
171,2019-09-20,-0.00369322098974445,-0.00979999999999981,0.7909,0.4099,1.1054,-0.00259803498418988
172,2019-09-23,-0.000246700383636611,0.00950000000000006,0.7839,0.4084,1.0959,-0.00613463959163152
173,2019-09-24,-0.0121634861931974,-0.0232000000000001,0.8271,0.4356,1.0729,-0.00084939772769278
174,2019-09-25,0.0034904049397686,-0.00960000000000027,0.8319,0.4452,1.0647,-0.00395193198777396
175,2019-09-26,-0.00674244032614624,-0.00709999999999988,0.8614,0.4553,1.0403,-0.00847377903792666
176,2019-09-27,-0.0115928717687588,-0.0350000000000001,0.9065,0.4843,1.0208,-0.00283603730145084
177,2019-10-08,0.00606521950309036,-0.0346000000000002,0.8563,0.474,1.073,0.0225722214738658
178,2019-10-09,0.0140107370695985,-0.00479999999999992,0.8637,0.4748,1.0731,0.015679304738032
179,2019-10-14,0.0221139232585066,0.00680000000000014,0.8734,0.4313,1.0716,-0.0184937454314294
180,2019-10-15,0.00943289132488712,0.00659999999999972,0.8695,0.4337,1.0699,-0.00428762087845757
181,2019-10-16,-0.000481579590332792,0.0089999999999999,0.863,0.4257,1.0731,0.00337245238769625
182,2019-10-17,0.00408605303507237,-0.0354999999999999,0.8861,0.4652,1.0922,-0.00734099761564734
183,2019-10-18,-0.0108526327439464,0.0809000000000002,0.8353,0.3943,1.0491,-0.0061289045195435
184,2019-10-21,0.0115719709838125,0.0103,0.8576,0.401,1.0361,0.006180574536372
185,2019-10-22,-0.00818295781517442,0.0072000000000001,0.8504,0.4238,1.0504,0.00204737780566377
186,2019-10-23,-0.00290416467429155,0.0568999999999997,0.7861,0.3819,1.0741,-0.0101117452940044
187,2019-10-24,-0.000727360924297038,0.00609999999999999,0.7874,0.3918,1.0721,-0.00206495194329988
188,2019-10-25,0.00628628762596817,-0.0299,0.8349,0.4287,1.0686,0.00783783573044863
189,2019-10-28,0.0093559516575592,0.0678000000000001,0.8223,0.3699,1.0284,-0.00453942735332494
190,2019-10-29,-0.0100792789947026,0.00709999999999988,0.8257,0.3698,1.0184,-0.00400236425276314
191,2019-10-30,-0.00314047848399257,0.00229999999999997,0.833,0.3845,1.0401,-0.00735819417199549
192,2019-10-31,-0.00436470140056189,0.00240000000000018,0.8061,0.4051,1.0891,-0.00764101349507845
193,2019-11-01,0.0204456911602895,0.0253999999999999,0.7684,0.3897,1.0919,0.00544934678641179
194,2019-11-04,0.0120697240873304,-0.00119999999999987,0.7893,0.4129,1.0552,-0.00806640440343481
195,2019-11-05,0.00609757986811843,-0.00689999999999991,0.7462,0.4338,1.0966,-0.0034269431922958
196,2019-11-06,-0.00187222146894683,0.0537999999999998,0.7025,0.395,1.0658,-0.0118656974977305
197,2019-11-07,0.00839753010386923,-0.0213999999999999,0.742,0.4214,1.0329,0.00478905142966688
198,2019-11-08,-0.00722698098273789,-0.0244,0.7693,0.4458,1.0072,0.00423549781705265
199,2019-11-11,-0.0155626814615473,-0.0139,0.753,0.4617,1.0351,-0.00643416213669502
200,2019-11-12,-0.00883166022060067,0.0017999999999998,0.7599,0.4699,1.0211,-0.00149213524503041
201,2019-11-13,-0.0135169810857749,0.0213000000000001,0.7206,0.4646,1.0351,0.00247486040482976
202,2019-11-14,-0.0026767262605647,0.00769999999999982,0.7314,0.4759,1.0153,0.00634387767116567
203,2019-11-15,0.00219058137981865,-0.00559999999999983,0.717,0.5015,1.0352,-0.00628912798378049
204,2019-11-18,0.0031557254007728,-0.0179999999999998,0.6988,0.5315,1.0591,-0.00311985336659745
205,2019-11-19,0.0101278898020056,-0.0286,0.7024,0.5611,1.0896,0.0091157661867195
206,2019-11-20,-0.00553351586380746,-0.0033000000000003,0.7061,0.5634,1.0882,0.00428647466458679
207,2019-11-21,-0.0014485758206626,-0.0129999999999999,0.7193,0.5784,1.0806,0.00599927921156184
208,2019-11-22,-0.00169266150920322,0.00249999999999995,0.7166,0.5789,1.0693,0.00142864975187684
209,2019-11-25,0.0165610409298527,0.0127000000000002,0.7167,0.5582,1.0475,0.0114960513707044
210,2019-11-26,0.00237755699254549,-0.0197000000000003,0.7164,0.5689,1.0715,-0.00342763387892815
211,2019-11-27,-0.000950344571406525,0.0238,0.6951,0.5441,1.0695,-0.004435716938549
212,2019-11-28,-0.103856220215608,-0.0360999999999998,0.7262,0.5772,1.088,-0.00378247908026621
213,2019-11-29,0.0766289028463221,-0.00530000000000008,0.7315,0.5835,1.1029,0.00607044941644442
214,2019-12-02,0.000244230065935103,-0.0238,0.7965,0.6073,1.0559,0.0105805555034225
215,2019-12-03,-0.00587804778419088,0.0337999999999998,0.7311,0.5715,1.0878,0.00124267820118774
216,2019-12-04,0.00416718338056166,0.0199000000000003,0.7117,0.5556,1.0909,0.000750284842093529
217,2019-12-05,0.000489117153306573,0.0141,0.7001,0.5445,1.0774,-0.00434612708276904
218,2019-12-06,0.00827859610000337,-0.0234999999999999,0.7211,0.5705,1.0876,0.00220610197957355
219,2019-12-09,-0.00461782325032223,-0.0113000000000003,0.7476,0.5823,1.0748,0.0173894268028484
220,2019-12-10,0.00389010945228918,0.0182000000000002,0.7167,0.5671,1.09,-0.000555568783319053
221,2019-12-11,0.0185123690417606,-0.0209000000000001,0.7302,0.59,1.1008,-0.00182958576914763
222,2019-12-12,0.0188773892617728,-0.0293000000000001,0.7545,0.6198,1.0908,-0.00766707564325284
223,2019-12-13,-0.00421645037893459,0.00240000000000018,0.7697,0.6194,1.0835,-0.0109435632328247
224,2019-12-16,-0.00612198756860582,-0.0118,0.7841,0.6311,1.0735,0.0156750973606518
225,2019-12-17,0.0126732510558276,0.0129999999999999,0.799,0.6217,1.0401,0.00627369499078037
226,2019-12-18,0.00279459893101563,0.00640000000000018,0.7932,0.6193,1.0445,-0.00346236910691517
227,2019-12-19,-0.00209521669012913,-0.0110999999999999,0.8043,0.6334,1.0457,0.00557191245410583
228,2019-12-20,0.00395395328475434,-0.0592000000000001,0.8304,0.6906,1.0721,0.00590486756799253
229,2019-12-23,-0.000928936434658745,-0.0466000000000002,0.8623,0.7362,1.0819,-0.011640244351744
230,2019-12-24,0.00185701074721267,0.0138000000000003,0.8359,0.7159,1.1002,-0.00565488023969196
231,2019-12-25,-0.12850824921392,-0.1161,0.9448,0.831,1.0974,-0.000397106229750117
232,2019-12-26,0.13843102591169,-0.00129999999999963,0.9135,0.8293,1.1251,0.0140715694940452
233,2019-12-27,0.00366720557671174,-0.125,1.054,0.9503,1.0846,-0.00088418318741017
234,2019-12-30,-0.00504588226567648,-0.0678000000000001,1.1248,1.0136,1.0816,0.00456679636371096
235,2019-12-31,0.00321396052597134,0,1.1291,1.0126,1.0674,0.00799717622349891
236,2020-01-02,0.0282472740789226,0.0017999999999998,1.1393,0.9848,1.0523,-2.01904132405232e-05
237,2020-01-03,-0.0218501766408146,-0.00249999999999995,1.1361,0.9533,1.068,-0.00824303486041813
238,2020-01-06,0.00477110981167561,0.0533000000000001,1.0752,0.86,1.0789,-0.00130124502314503
239,2020-01-07,-0.00249631356230173,-0.0245000000000002,1.1024,0.8635,1.0787,0.00401440342129622
240,2020-01-08,-0.000681895696385215,-0.0314999999999999,1.1297,0.877,1.0929,-0.000779780728251358
241,2020-01-09,0.00905393237783292,-0.00380000000000003,1.1182,0.8668,1.1161,0.0109178489629017
242,2020-01-10,0.00314960890289617,-0.00239999999999996,1.0841,0.8662,1.1346,-0.0108799068050415
243,2020-01-13,0.0169269074875835,-0.0132000000000001,1.0994,0.8734,1.1209,0.00222386061140432
244,2020-01-14,-0.0102109655221465,0.0286,1.0862,0.8488,1.0955,-0.000303364967701582
245,2020-01-15,-0.00559348141431659,0.0428000000000002,1.0337,0.809,1.0843,-0.00718893069971023
246,2020-01-16,0.00737680778974426,0.0939999999999999,0.9418,0.718,1.0722,0.000388933114919813
247,2020-01-17,0.00466615667209602,-0.0547,0.9879,0.7727,1.0708,-0.00369140350356075
248,2020-01-20,-0.173625274033483,-0.0345,1.0218,0.8042,1.0814,-0.00821683447365017
249,2020-02-03,0.056645506892004,-0.255,1.0431,1.072,1.1303,0.0069942111711622
250,2020-02-04,0.0265567610719009,-0.0325,1.1076,1.0765,1.1046,-0.0111949913159237
251,2020-02-05,0.00339147611897417,0,1.0965,1.0515,1.1161,0.00719867474818492
252,2020-02-06,0.00674863973718365,0.00209999999999999,1.0896,1.0264,1.1148,-0.00144248636950561
253,2020-02-07,-0.00892755356377828,-0.071,1.1238,1.0744,1.1414,0.00208391352043393
254,2020-02-10,0.00579991959354675,-0.0514000000000001,1.16,1.0958,1.1219,0.0236200475929948
255,2020-02-11,0.0190936588155797,-0.000899999999999901,1.2077,1.0527,1.0502,-0.000134575232050136
256,2020-02-12,0.0133851945576535,0.0306999999999999,1.1763,0.982,1.0528,-0.00313078615692755
257,2020-02-13,-0.0131488158779094,-0.0245,1.1876,0.9725,1.0494,0.0193214287360163
258,2020-02-14,-0.00094585015327775,0.0387,1.1919,0.8938,0.9949,0.016965955424679
259,2020-02-17,-0.108598937191877,0.0338000000000001,1.1878,0.84,0.9702,-0.00691783578538341
260,2020-02-18,0.106467497663807,0.0389999999999999,1.1224,0.781,0.9968,0.000595077503107154
261,2020-02-19,0.00685176927455133,0.00950000000000006,1.1241,0.7565,0.9592,0.000669423797091085
262,2020-02-20,-0.0106522489083254,0.0206,1.1116,0.7259,0.9382,-0.00370824673764549
263,2020-02-21,0,0.000299999999999967,1.0726,0.7146,0.9765,-0.00341465689437255
264,2020-02-24,0,0.0051000000000001,1.0325,0.6965,0.9885,-0.00148150111012658
265,2020-02-25,-0.0457723520486626,-0.00800000000000001,1.0505,0.6875,0.9588,0.00498159537880485
266,2020-02-26,0.0143460288740753,-0.0159,1.0417,0.6864,0.9835,0.0216785504520714
267,2020-02-27,-0.00764209315188502,-0.00460000000000016,1.0192,0.682,0.9958,-0.011846081753458
268,2020-03-02,0.0164441059699749,-0.004,0.9603,0.6255,0.9738,0.053787203432558
269,2020-03-03,-0.00634922767865831,0.000599999999999934,0.9647,0.5919,0.9839,-0.000174048947917712
270,2020-03-04,0.0107213502614067,-0.0296999999999998,0.9196,0.5786,1.0587,0.026227083528301
271,2020-03-05,-0.00437212258274844,0.00129999999999986,0.9282,0.5353,1.077,-0.012806706699418
272,2020-03-06,-0.0201629648487121,-0.0660999999999998,0.9394,0.5694,1.1228,-0.0058347428678402
273,2020-03-09,-0.0410704108673281,-0.0363,0.8682,0.5857,1.2053,0.000723274473696217
274,2020-03-10,0.0388324390268737,0.0137999999999998,0.9469,0.5589,1.0929,9.17962097309356e-05
275,2020-03-11,-0.0347002017419631,0.034,0.9078,0.5239,1.093,0.00114687817632534
276,2020-03-12,-0.0804723532225733,-0.000699999999999923,0.9385,0.5236,1.0631,0.00164885555226884
277,2020-03-13,0.0543612092188877,-0.0288999999999999,1.0054,0.5315,1.0901,0.000930229725376397
278,2020-03-16,-0.108599146487995,0.00969999999999982,0.9956,0.4948,1.1452,0.00216415863467434
279,2020-03-17,0.0600867215232368,-0.0531999999999999,1.0865,0.518,1.1518,-0.0112455367190097
280,2020-03-18,-0.0583188954882914,-0.0267999999999999,1.1134,0.5198,1.1667,-0.011683021859225
281,2020-03-19,0.000882742443669038,-0.0298,1.1595,0.5336,1.1285,0.0046163375741692
282,2020-03-20,0.0134387064836221,-0.0536000000000001,1.1647,0.5702,1.1792,-0.00303064004323585
283,2020-03-23,-0.000580551540253715,-0.000799999999999912,1.1155,0.556,1.2081,-0.00666752114632139
284,2020-03-24,0.0654636157536506,0,1.1129,0.54,1.2133,-0.00674718600976538
285,2020-03-25,0.00217332332216502,-0.0638000000000001,1.1767,0.5578,1.2099,0.0181843910717276
286,2020-03-26,0.0398989091779196,-0.0518999999999998,1.1937,0.5767,1.2353,-0.00691161246465068
287,2020-03-27,-0.0604616624744301,0.00229999999999997,1.2064,0.5634,1.2205,0.00396870827690515
288,2020-03-30,0.0353778390816513,0.00709999999999988,1.2045,0.5383,1.2353,-0.00674140580349853
289,2020-03-31,0.00373632673787627,-0.00350000000000006,1.1837,0.5268,1.2866,-0.00577890016470404
290,2020-04-01,-0.0416103534975787,-0.1061,1.2549,0.6179,1.3046,0.0121455178636978
291,2020-04-07,0.0561551028297287,-0.1388,1.4114,0.6302,1.2443,-0.00516444122864429
292,2020-04-08,0.000787298295488625,-0.0498000000000001,1.4324,0.597,1.247,0.00155656079753806
293,2020-04-09,-0.00657983687229802,9.9999999999989e-05,1.4725,0.5079,1.2091,-0.00662482251528295
294,2020-04-14,0.0164989993800355,-0.0206999999999999,1.4686,0.3695,1.2183,0.00997122795096984
295,2020-04-15,-0.0233882688114937,-0.0404,1.4954,0.3969,1.2169,-0.00760850910598667
296,2020-04-16,0.00398036879505481,-0.0451000000000001,1.5226,0.423,1.2748,0.00510964568238941
297,2020-04-17,0.0170675010805135,-0.0730999999999999,1.6271,0.4711,1.2535,-0.00715682938669719
298,2020-04-20,-0.00836606186730071,-0.0244,1.6845,0.4865,1.2542,0.000535323575235453
299,2020-04-21,-0.0271437633278717,-0.0513,1.7229,0.5398,1.2597,0.000819324120525192
300,2020-04-22,0.0239883570810702,0.0382,1.6623,0.4966,1.3021,0.00614246578755853
301,2020-04-23,-0.00422275634086944,-0.0384,1.6667,0.54,1.3435,0.0013984102762134
302,2020-04-24,0.010000083334583,0.00209999999999999,1.6519,0.5379,1.3571,-0.00299953131633633
303,2020-04-27,0.0199617775369099,-0.0183,1.6937,0.5562,1.3482,-0.00437985459993336
304,2020-04-28,0.0010261673553118,0,1.6846,0.5572,1.3746,-0.00484310064863231
305,2020-04-29,0.0160247610726976,-0.00559999999999994,1.6657,0.5638,1.3897,0.00195682377642179
306,2020-04-30,-0.0265932316528166,0.0570999999999999,1.6457,0.5077,1.3815,1.65363128558291e-05
307,2020-05-06,-0.012778893416872,0.0145000000000001,1.6741,0.4932,1.3388,0.00878449052853239
308,2020-05-07,0.00262123347987409,-0.0283000000000001,1.7513,0.5215,1.2836,-0.00174770503145933
309,2020-05-08,0.0225193934544499,0.03,1.7122,0.4915,1.3163,0.00160057115104963
310,2020-05-11,-0.0046177608993232,0.0304,1.7097,0.4379,1.3094,-0.00481185389003827
311,2020-05-12,-0.00878104815831771,-0.0292,1.7294,0.4671,1.3528,-0.00219699647575301
312,2020-05-13,0.00310800560986735,0.0693,1.7074,0.3978,1.2955,0.00275625664919115
313,2020-05-14,-0.00414615779238803,0.000299999999999967,1.6984,0.3985,1.3052,0.000560325725057969
314,2020-05-15,-0.0146484439851786,0.00710000000000011,1.6744,0.3914,1.3273,0.00306134923480995
315,2020-05-18,0.0390179967528304,0.0338000000000001,1.6839,0.3566,1.2937,0.00702015597401015
316,2020-05-19,-0.0104446243087746,-0.0107000000000002,1.6965,0.3683,1.287,-0.010324726811267
317,2020-05-20,0.0144911649847099,0.0705,1.5888,0.2978,1.3212,-0.00884425309034157
318,2020-05-21,-0.0276373782841843,0.002,1.5818,0.2968,1.3258,-0.000228564122433333
319,2020-05-22,-0.0273557300098553,0.0170000000000001,1.4974,0.2798,1.3786,0.0105149649472112
320,2020-05-25,0.0111377444104561,0.0463,1.5187,0.2335,1.301,0.0103438335952262
321,2020-05-26,0.0110150602306773,0.00549999999999984,1.5682,0.233,1.2613,0.00242064834180664
322,2020-05-27,-0.0054923637480262,0.2354,1.3453,0.00760000000000005,1.2637,0.0011132750215135
323,2020-05-28,0.00314218640307251,0.0124,1.3003,0.0102,1.3,-0.00330739286266748
324,2020-05-29,0.0206993160131499,0.0428999999999999,1.2426,-0.00969999999999982,1.2948,-0.00295599239829211
325,2020-06-01,0.0182699829339046,-0.00469999999999993,1.2673,-0.002,1.2871,0.00392601002816683
326,2020-06-02,0.0176951657596107,0.0241,1.3031,-0.0201,1.2574,0.00775006772095222
327,2020-06-03,0.0169018108026031,0.1854,1.1226,-0.1735,1.2641,-0.0104531418131904
328,2020-06-04,-0.0146809585634573,0.0204,1.1422,-0.1519,1.2241,-0.00256761922413119
329,2020-06-05,0.0221825061429706,0.0773000000000001,1.0823,-0.1712,1.2036,-0.0139077066776912
330,2020-06-08,-0.00507553959683582,0.1091,0.9358,-0.2163,1.226,0.000864690864547995
331,2020-06-09,-0.00485791579602335,-0.0274000000000001,0.9562,-0.1199,1.233,-0.00506297059860995
332,2020-06-10,0.0118602382625594,0.0557000000000001,0.9175,-0.0866,1.206,-0.000562033045701545
333,2020-06-11,-0.0422667335146292,-0.00350000000000006,0.871,0.0048999999999999,1.276,0.00767695072730095
334,2020-06-12,0.0124720998096683,-0.0293000000000001,0.8753,0.0862000000000001,1.271,0.00126124448567425
335,2020-06-15,-0.0172525844452092,-0.0297999999999998,0.9478,0.147,1.2033,0.00753879117086464
336,2020-06-16,0.00778800569949611,9.9999999999989e-05,1.0001,0.1789,1.1709,0.00011953901549748
337,2020-06-17,0.00399600931338195,0.0608,0.9793,0.1551,1.1472,-0.00458978589993652
338,2020-06-18,0.00348345711791032,-0.0203,0.9721,0.1974,1.1605,0.00757677173454459
339,2020-06-19,0.00148920355146798,-0.0567,1.0513,0.2711,1.1271,-0.00564572856717069
340,2020-06-22,0.00741293238912544,0.0382,1.0532,0.2349,1.1119,-0.00624862188748956
341,2020-06-23,0.00662497822431218,0.0432999999999999,1.0073,0.2036,1.1271,-0.00417665255663993
342,2020-06-24,-0.0103245754887764,-0.0215000000000001,0.9775,0.2371,1.1659,0.0114537674563721
343,2020-06-29,-0.010432285373406,-0.1224,1.1037,0.3803,1.1801,0.00130120044031407
344,2020-06-30,-0.00877748582122351,-0.00819999999999999,1.0845,0.3875,1.2275,0.0125003681737552
345,2020-07-01,0.0115202876903289,-0.0317999999999998,1.1389,0.4153,1.1899,0.0344161393417935
346,2020-07-02,0.0318576316241597,0.0231999999999999,1.1285,0.3831,1.1767,0.00538821580520993
347,2020-07-03,0,-0.0283,1.1958,0.4034,1.1277,-0.0222185341295679
348,2020-07-06,0.090782998039669,0.0174000000000001,1.2769,0.385,1.0567,-0.000441776631457669
349,2020-07-07,-0.0288255909304542,0.0265,1.2703,0.3575,1.0579,0.000300645332443002
350,2020-07-08,0.0316849352298427,0.1151,1.2026,0.2504,1.0105,-0.00850663348065401
351,2020-07-09,-0.00683198249686701,0.1215,1.0988,0.1399,1.0088,0.0156321835409903
352,2020-07-10,-0.0149273129330059,0.1191,0.9293,0.0417999999999998,1.0838,0.0182915088386124
353,2020-07-13,-0.0115138420623389,0.0051000000000001,0.9494,0.0566999999999998,1.0853,0.0086230540453275
354,2020-07-14,-0.00775020975293472,-0.0564,0.9558,0.1421,1.1396,-0.00260890493644426
355,2020-07-15,-0.00527705710084359,-0.0178000000000003,0.9238,0.2089,1.1894,-0.0132948060660844
356,2020-07-16,-0.0230376680670177,-0.0078999999999998,0.9217,0.2618,1.2194,-0.00800547408980472
357,2020-07-17,0.00188146809970569,0.00539999999999985,0.9211,0.3264,1.2246,-0.00307012596246019
358,2020-07-20,0.0128401437256542,-0.0361999999999998,0.9377,0.4106,1.2341,0.00854136155329031
359,2020-07-21,0.00509024699277472,-0.00580000000000003,0.9135,0.4784,1.2536,0.00447700073200792
360,2020-07-22,-0.0141780410998784,0.0125000000000002,0.886,0.5009,1.2486,0.00508690521200648
361,2020-07-23,-0.00751883241402718,-0.0359000000000003,0.9422,0.5768,1.2013,-0.00841497124448488
362,2020-07-24,-0.00828897581895527,-0.0028999999999999,0.8999,0.5957,1.2144,0.000372339934508536
363,2020-07-27,-0.00214260289086043,-0.0105999999999999,0.9284,0.6233,1.1865,-0.0102067337096774
364,2020-07-28,-0.00885702977327618,0.0542999999999998,0.9164,0.573,1.1342,0.00288477954685848
365,2020-07-29,0.0150342886653543,-0.00559999999999983,0.9421,0.5866,1.1171,-0.00092142016733093
366,2020-07-30,-0.0104762862917549,-0.0195000000000001,0.9565,0.6101,1.1222,0.00483289459710839
367,2020-07-31,-0.0098617756550996,0,0.9865,0.6131,1.0921,0.00118285647486575
368,2020-08-03,0.012013599557732,-0.0384,1.0051,0.6535,1.1243,0.0147896558549295
369,2020-08-04,0.0224357031304847,0.0727000000000002,0.9223,0.5838,1.1544,-0.00635639750996518
370,2020-08-05,0,0.0357999999999996,0.9092,0.55,1.1333,-0.00416257546031355
371,2020-08-06,0.000700361882251865,0.0104000000000002,0.9212,0.5396,1.1009,-0.00599413712377167
372,2020-08-07,-0.019797959862498,0.0011000000000001,0.9303,0.5415,1.1058,0.00324061549160931
373,2020-08-10,0.00711577955068554,0.0196999999999998,0.8731,0.5198,1.1433,0.0107215879781217
374,2020-08-11,-0.00094585015327775,0.00770000000000026,0.8655,0.5111,1.1294,-0.00618034705000185
375,2020-08-12,0.0145610839500905,0.0577999999999999,0.8153,0.4543,1.1216,0.00280656147415807
376,2020-08-13,-0.00186697837193428,0.0017999999999998,0.807,0.4525,1.1241,0.00219891104473146
377,2020-08-14,0.00535819569667417,-0.0165999999999999,0.805,0.4691,1.1427,-0.00571139500806883
378,2020-08-17,0.0184167267862314,-0.00769999999999982,0.8179,0.4778,1.1446,-0.0099297287177979
379,2020-08-18,0.00387023818323984,-0.00680000000000014,0.8597,0.4826,1.1115,0.000345081975592269
380,2020-08-19,-0.0105071775244885,0.0362,0.8385,0.4464,1.1161,-0.00246172670161322
381,2020-08-20,0.00458190950511161,0.0295000000000001,0.8142,0.4179,1.1347,0.00769908789385761
382,2020-08-21,0.00887478802496711,0.0129999999999999,0.7862,0.4049,1.1439,-0.00543525698923722
383,2020-08-24,0.0108157881757962,0.00390000000000024,0.7998,0.404,1.1469,-0.00164100509951871
384,2020-08-25,0.00402595041655296,-0.0302000000000002,0.8726,0.4362,1.1341,-0.0020674886402539
385,2020-08-26,-0.00178731057409598,0.0329000000000002,0.8484,0.4093,1.1206,-0.0022931895460465
386,2020-08-27,-0.00201455020566499,0.0171999999999999,0.84,0.4011,1.1018,-0.00304802956588119
387,2020-08-28,0.0080339642119025,0.0278999999999998,0.8194,0.3822,1.0844,-0.00280048323029896
388,2020-08-31,-0.0231601133176604,-0.0143,0.7842,0.4025,1.1436,0.00137782640284023
389,2020-09-01,0.0128829897981904,0.00130000000000008,0.813,0.4052,1.1219,-0.00176252513584552
390,2020-09-02,-0.00405041057802258,0.0407000000000002,0.8272,0.3705,1.0765,0.0042258065841988
391,2020-09-03,-0.0207320331299083,0.00239999999999974,0.8272,0.3761,1.0963,-0.000988861957420179
392,2020-09-04,0.00367647472930877,0.00160000000000027,0.8433,0.3815,1.0556,0.010630464369104
393,2020-09-07,0,0.0962000000000001,0.7697,0.3003,1.0493,0.00374497544487652
394,2020-09-08,-0.0208582301204099,-0.0124,0.7597,0.3247,1.0829,-0.0102414018135141
395,2020-09-09,0.00676861027361131,0.024,0.6932,0.3057,1.1173,-0.00275301567110448
396,2020-09-10,-0.0199701221321473,-0.0256000000000003,0.7216,0.3333,1.1145,0.00515103629874648
397,2020-09-11,0.00968244664334028,-0.0385,0.8114,0.3738,1.0782,-0.00351385042854924
398,2020-09-14,0.00679239056016501,-0.0373000000000001,0.8673,0.4111,1.0628,-0.00496514007142753
399,2020-09-15,0.00883110549919186,0.00120000000000031,0.8212,0.4089,1.0977,0.00197368657925097
400,2020-09-16,-0.00301239945099319,0.0461999999999998,0.7927,0.3547,1.0518,0.00922546154222329
401,2020-09-17,-0.00838970197181332,-0.00170000000000003,0.8018,0.3544,1.0487,0.00138100005233896
402,2020-09-18,0.00210403350560329,-0.00979999999999981,0.7944,0.3572,1.0771,0.00456738094016442
403,2020-09-21,-0.00938533402500052,-0.0366,0.8147,0.3878,1.1034,0.00349584380404623
404,2020-09-22,-0.00780976635405706,0.0348999999999999,0.7662,0.3499,1.1194,-0.00249956139430871
405,2020-09-23,-0.0109891215755953,-0.0483000000000002,0.8172,0.3982,1.1467,-0.000461896947420314
406,2020-09-24,-0.0125696602970971,-0.0503,0.8625,0.4465,1.1618,-0.00959262774685944
407,2020-09-25,-0.0100233084612373,-0.00839999999999996,0.9164,0.4549,1.1214,-0.0210662885044512
408,2020-09-28,0.0153605360750912,0.00829999999999975,0.8942,0.458,1.1699,-0.00085204866364101
409,2020-09-29,-0.00387879274182756,0.0959000000000003,0.8183,0.3731,1.1489,0.00505681133926281
410,2020-09-30,0.0199597825015552,0.0103999999999997,0.8269,0.3697,1.136,-0.00469486444961083
411,2020-10-09,0.0290963744876391,0.0449000000000002,0.8211,0.3418,1.1144,-0.000953104716932227
412,2020-10-12,0.0264734766671717,0.0303999999999998,0.8114,0.3473,1.1141,-0.000104139920198618
413,2020-10-13,-0.00135226525001375,-0.00159999999999982,0.8219,0.3609,1.115,-0.00356120901253188
414,2020-10-14,-0.0127101120934485,0.15,0.6919,0.2339,1.1045,-0.0109325290064539
415,2020-10-15,-0.00756624038331566,0.0893000000000002,0.6176,0.1616,1.084,-0.00513753690530357
416,2020-10-16,0.0150756624054469,0.00130000000000008,0.6065,0.1723,1.0972,-0.00696263139279842
417,2020-10-19,-0.000453514747001726,0.00760000000000005,0.5792,0.1817,1.1238,-0.00545362070165555
418,2020-10-20,0.00430010847058959,0.00249999999999995,0.5717,0.2052,1.1234,0.00105187937084737
419,2020-10-21,0.00899286636056384,0.0116999999999998,0.55,0.2195,1.1283,-0.0122713583287489
420,2020-10-22,0.0075808612775865,-0.00280000000000014,0.538,0.2443,1.1188,0.00162326350520094
421,2020-10-23,0.00244037836032351,0.00320000000000009,0.5598,0.2591,1.0905,-0.00268331948472852
422,2020-10-26,-0.00957371221938663,0.0094000000000003,0.5481,0.2677,1.1045,0.00501635255153469
423,2020-10-27,0.00201139859968524,0.000599999999999934,0.515,0.2871,1.1355,-0.00901396468919064
424,2020-10-28,-0.020298396519066,0.0171999999999999,0.5179,0.2889,1.1154,-0.00241799999865983
425,2020-10-29,0.0149256502166755,-0.00709999999999988,0.53,0.304,1.111,0.00372512975846464
426,2020-10-30,-0.0101523714640179,0.00599999999999978,0.519,0.31,1.1266,-0.00103573529588166
427,2020-11-02,0.0197581640783695,0.00269999999999992,0.5138,0.3173,1.106,0.00233885858478937
428,2020-11-03,0.00222074264040595,-0.0282999999999998,0.5398,0.3526,1.0986,-0.00489488213789258
429,2020-11-04,0.0408574863482656,0.0226999999999999,0.5096,0.3339,1.0953,-0.00287384710949169
430,2020-11-05,0.0156352223744545,0.00419999999999998,0.5279,0.3327,1.0521,0.0155524126174375
431,2020-11-06,0.000628733123509306,-0.012,0.555,0.3497,1.0376,0.000945112143719109
432,2020-11-09,0.0104211030630754,0.00649999999999995,0.5785,0.3432,0.9977,-0.00617752831444733
433,2020-11-10,-0.023283694737549,-0.00139999999999985,0.5677,0.3456,1.0005,-0.0142738637640065
434,2020-11-11,0.0101352218940431,0.0548999999999999,0.5278,0.2907,0.991,0.00159126531721016
435,2020-11-12,-0.0105597602150023,0.0446999999999997,0.5054,0.246,0.9938,0.00727401853456554
436,2020-11-13,0.00782493154085451,0.0366000000000004,0.4789,0.2104,1.0319,-0.00269618790547143
437,2020-11-16,0.00441409019386763,-0.1039,0.5854,0.3133,1.0506,-0.000563582755624825
438,2020-11-17,-0.00673403218134405,0,0.5979,0.3143,1.0531,0.0107793000816956
439,2020-11-18,-0.004443981496284,0.0639000000000003,0.5714,0.2564,1.0353,-0.00213737991897733
440,2020-11-19,-0.000636469736134959,0.0553999999999997,0.5407,0.206,1.0164,-0.00262050432594651
441,2020-11-20,0.00676821534613881,0.1136,0.3884,0.0993999999999997,1.0773,0.00176460344444853
442,2020-11-23,-0.00401310074971839,-0.0292000000000003,0.3726,0.1546,1.1073,-0.00573621424628652
443,2020-11-24,0.00548756125907834,0.00990000000000002,0.3877,0.1667,1.0989,-0.00242810741473662
444,2020-11-25,-0.00591093129080456,0.000799999999999912,0.3644,0.1739,1.1114,-0.00736410440074372
445,2020-11-26,0,0.0248000000000004,0.3571,0.1851,1.0836,-0.0094648840040211
446,2020-11-27,0.0290056849799516,-0.000500000000000167,0.3726,0.2086,1.0594,-0.00229240961575607
447,2020-11-30,-0.0338873671779187,-0.0674999999999999,0.3901,0.2631,1.0857,-0.00153967727001916
448,2020-12-01,0.0101609680314088,0.0202,0.3924,0.2289,1.0391,-0.0157173256130243
449,2020-12-02,-0.00697456066200086,-0.0094000000000003,0.4218,0.2323,1.0177,0.00940442499869321
450,2020-12-03,-0.0004242681438269,-0.00909999999999966,0.4235,0.2274,1.0123,-0.00331915665627736
451,2020-12-04,0.00127226480265685,-0.00649999999999995,0.41,0.2279,1.0189,-0.0036795829424771
452,2020-12-07,-0.00979564902596142,-0.0211000000000001,0.4361,0.242,1.0053,0.000990888778471775
453,2020-12-08,-0.00321509225614003,-0.0237000000000003,0.4448,0.2627,1.0194,0.00464958810583422
454,2020-12-09,-0.0125298679670998,-0.0681999999999996,0.5305,0.3079,0.9967,-0.0102825949950192
455,2020-12-10,0.012315160505191,-0.0286000000000004,0.5466,0.3105,1.0002,0.00130227386865923
456,2020-12-11,-0.00905959604542472,0.00860000000000039,0.573,0.2939,0.9544,-0.0040412232505449
457,2020-12-14,-0.0159444242714488,-0.0222000000000002,0.5852,0.3001,0.9705,0.00797761292900982
458,2020-12-15,0.00153998490450036,-0.0245000000000002,0.6023,0.3076,0.9717,-0.0016219232847204
459,2020-12-16,0.00109853905368062,-0.0753999999999997,0.6752,0.352,0.9702,-0.00598451075774764
460,2020-12-17,0.00634783788543913,0,0.6802,0.305,0.9758,-0.00303292038368801
461,2020-12-18,-0.00174710679950252,-0.0198,0.71,0.2748,0.9558,0.00282327907500425
462,2020-12-21,-0.00812031236983435,-0.0472000000000001,0.7322,0.285,0.9676,-0.00188915583182385
463,2020-12-22,-0.00331089586194411,-0.0217000000000001,0.7165,0.2847,0.9701,0.0104902766165529
464,2020-12-23,0.0083664072338574,-0.0402,0.7442,0.3159,0.9543,-0.00864705495428113
465,2020-12-24,-0.0168034022188039,0.00950000000000006,0.7497,0.2954,0.9418,-0.0120652549537873
466,2020-12-25,0,-0.00669999999999993,0.7139,0.2921,0.974299999999999,0.00140643874402813
467,2020-12-28,0.00155954136543723,-0.0712000000000002,0.7602,0.3583,0.9842,-0.00571383405205943
468,2020-12-29,0.0128291960866624,-0.0393999999999997,0.7921,0.3937,0.956799999999999,0.00558193714214831
469,2020-12-30,0.0163491380015293,-0.0131000000000001,0.7702,0.4048,0.9818,-0.00961398432930125
470,2020-12-31,0.00388433807339617,-0.0678000000000001,0.8605,0.4736,0.9625,-0.0020627561882408
471,2021-01-04,-0.00280384093964203,-0.1306,1.0262,0.5942,0.9372,-0.0190870082395804
472,2021-01-05,0.0268501107303929,-0.0489000000000002,1.0276,0.6311,0.9922,0.00244851037778859
473,2021-01-06,-0.011631726786542,-0.0994999999999999,1.1222,0.7036,0.9947,-0.00348210403533486
474,2021-01-07,0.00699525904979881,-0.0155000000000001,1.1377,0.6891,0.9827,-0.0221145309496638
475,2021-01-08,0.0204899495407216,-0.0909,1.2486,0.748,0.9527,0.0085949178340021
476,2021-01-11,-0.0135432844098253,-0.0214000000000001,1.2876,0.7424,0.9351,-0.0012369821620735
477,2021-01-12,0.0129222306687162,0.0273000000000001,1.2428,0.6961,0.9456,-0.0212478315545429
478,2021-01-13,0.00289495652968741,-0.0204,1.2332,0.7075,0.9607,0.00779360185784317
479,2021-01-14,0.00453235221687631,-0.0296000000000001,1.253,0.7291,0.9555,0.0125543460275071
480,2021-01-15,-0.000616839744036923,0,1.2979,0.7281,0.9307,-0.0095574535715965
481,2021-01-18,0,0.0484,1.2645,0.6767,0.9257,0.0129567706268088
482,2021-01-19,0.0420881609189507,0.13,1.1296,0.5417,0.942,0.00637389430847594
483,2021-01-20,0.0302994629179025,0.02,1.1097,0.5237,0.9303,-0.00449645496674028
484,2021-01-21,-0.00575596370447995,-0.0194999999999999,1.1017,0.5462,0.9619,-0.0110007082930611
485,2021-01-22,-0.00501544261222042,-0.000199999999999978,1.0869,0.5464,0.9583,-0.00491443791278458
486,2021-01-25,0.0227521524561234,0.0209000000000001,1.0798,0.5265,0.9421,-0.0134535314734525
487,2021-01-26,-0.0104514015477077,0.1489,0.9571,0.3876,0.9674,0.013117778429736
488,2021-01-27,-0.0373657012279116,0.15,0.8122,0.2676,0.9776,-0.0118020961837728
489,2021-01-28,0.00198098321518314,0.3485,0.4962,0.0051000000000001,0.9883,-0.00397418552669799
490,2021-01-29,-0.0234268397066848,-0.1068,0.5855,0.1719,1.0188,-0.0103299827301669
491,2021-02-01,0.0269827502097955,-0.143,0.7211,0.3229,1.0012,-0.00356476018339284
492,2021-02-02,0.014098529979897,-0.0499999999999998,0.7861,0.3749,0.964,0.00816697878020322
493,2021-02-03,0.00233055067614396,0.0149999999999997,0.7961,0.3609,0.9501,-0.00954294537231011
494,2021-02-04,-0.00486145828624496,0.02,0.7996,0.3409,0.9369,-0.00937420133774467
495,2021-02-05,0.00757358703122391,0.02,0.7613,0.3239,0.9736,0.00365029730879034
496,2021-02-08,-0.00329425741184952,0.00999999999999979,0.7669,0.3209,0.9565,0.00377649882776592
497,2021-02-09,0.0131124130924949,-0.1702,0.9304,0.5081,0.9584,-0.00538800482193147
498,2021-02-10,0.00972269597852238,-0.0899000000000001,1.0349,0.602,0.9391,-0.00768630421444926
503,2021-02-18,-0.0217137602237845,-0.1044,1.1775,0.7094,0.9158,0.0199819475045409
504,2021-02-19,0.00579928666764751,-0.0781999999999998,1.2304,0.7966,0.9432,0.012612635795803
505,2021-02-22,-0.0374390518610044,0.0314000000000001,1.2248,0.7962,0.9177,0.00206321318087428
506,2021-02-23,0.0032866148482551,-0.0293999999999999,1.2441,0.8286,0.9179,-0.0121364383726614
507,2021-02-24,-0.021854528342439,-0.0194000000000001,1.2627,0.843,0.919,0.0177683595390817
508,2021-02-25,-0.0153069284230858,-0.0297000000000001,1.302,0.8657,0.9093,0.0383198518453214
509,2021-02-26,-0.0171738739593601,0.0176000000000001,1.2919,0.8451,0.908300000000001,-0.000203679545721792
510,2021-03-01,0.0261479096557471,0.0132999999999999,1.2463,0.8118,0.932,0.013683350187425
511,2021-03-02,-0.0194453355636823,0.0845000000000002,1.1617,0.7183,0.9324,0.00433185616835525
512,2021-03-03,0.00766287274556898,-0.00870000000000015,1.1783,0.717,0.9247,-0.0234605387110291
513,2021-03-04,-0.0291470750401426,-0.00829999999999975,1.1968,0.7123,0.920300000000001,-0.01065902439095
514,2021-03-05,0.0102881565894886,-0.00960000000000027,1.1866,0.7069,0.8951,-0.017097078417351
515,2021-03-08,-0.0358446375531525,-0.0078999999999998,1.1892,0.6978,0.912,-0.00683356266123411
516,2021-03-09,0.0214113973084951,0.0227999999999997,1.1738,0.666,0.894600000000001,-0.00558962127189879
517,2021-03-10,-0.00792331084226383,-0.00839999999999996,1.1697,0.6714,0.8971,-0.00622427515490062
518,2021-03-11,0.0353728015619241,-0.0188999999999999,1.2039,0.6863,0.875,-0.000969755589031609
519,2021-03-12,-0.0284884518520792,0.00839999999999996,1.2062,0.6639,0.8539,0.0142677070788697
520,2021-03-15,-0.00187285456886688,-0.00749999999999984,1.2264,0.6614,0.8412,-0.0110823643679056
521,2021-03-16,0.00891659614204254,0.00259999999999971,1.2112,0.6548,0.849299999999999,0.0226880916092731
522,2021-03-17,-0.000619514733288362,0.0127000000000002,1.1935,0.6411,0.8609,0.00879255296659103
523,2021-03-18,-0.00892214654005441,-0.0116000000000001,1.2079,0.6517,0.8514,0.00124975780306165
524,2021-03-19,0.000208398458605874,-0.0114999999999998,1.1966,0.6582,0.8625,-0.0044390236175795
525,2021-03-22,-0.00145970206296031,0.0453000000000001,1.1458,0.6089,0.8681,0.00050560191162689
526,2021-03-23,-0.0227954150776775,-0.0107000000000004,1.1361,0.6146,0.8885,-0.00599377651073588
527,2021-03-24,-0.037633587309212,-0.0233999999999996,1.142,0.63,0.8961,-0.00713880801561834
528,2021-03-25,0.00508569365907841,-0.0194000000000001,1.1566,0.6369,0.9012,0.000787190581121935
529,2021-03-26,0.0289119148823413,-0.0291000000000001,1.196,0.6475,0.895799999999999,0.00170960064076461
530,2021-03-29,-0.00537115911543351,0.0072000000000001,1.1865,0.6323,0.8932,-0.00581719749734746
531,2021-03-30,0.00408470953835849,0.0143,1.182,0.615,0.8734,-0.00535889520068165
532,2021-03-31,0.00107215620863466,0.000500000000000167,1.1642,0.6105,0.8739,-0.0121653947349818
533,2021-04-01,0.0167892584626528,-0.0489000000000002,1.2204,0.6594,0.8666,0.00424182954524711
535,2021-04-06,0.00189334231378124,-0.0313999999999999,1.2694,0.6897,0.8339,-0.00565707006668798
536,2021-04-07,-0.0229601922815013,-0.0239,1.3061,0.7046,0.811100000000001,0.0105602810720073
537,2021-04-08,0.0130329801186395,-0.00390000000000001,1.3106,0.7035,0.805499999999999,-0.0141871742228298
538,2021-04-09,-0.0123880268553926,0.05,1.2506,0.6505,0.8065,0.00370472719562388
539,2021-04-12,-0.00129032275967056,0.0499999999999998,1.1833,0.5965,0.8239,-0.00238167075404954
540,2021-04-13,-0.000645786267196247,0.0301,1.121,0.5634,0.8508,-0.0100839165432871
541,2021-04-14,0.00322476899901503,0.0167000000000002,1.1068,0.5447,0.8483,0.0141379392369349
542,2021-04-15,0.00128700146464711,0.0303,1.0842,0.5134,0.7972,0.0028169033108883
543,2021-04-16,0.00555794504701401,-0.0185,1.093,0.5309,0.8116,0.0136109831851048
544,2021-04-19,-0.000213196888132927,-0.00580000000000025,1.0916,0.5357,0.8441,-0.00812984304410074
545,2021-04-20,-0.00277570371443892,0.00120000000000031,1.0899,0.5345,0.8396,-0.00445007144463067
546,2021-04-21,0.0012820514576557,-0.0174000000000003,1.1049,0.5519,0.822,0.00101716348016755
547,2021-04-22,0.00298507684345317,-0.00849999999999973,1.1218,0.5604,0.8286,0.00911811781484449
548,2021-04-23,0.0131135550941153,-0.012,1.1443,0.5724,0.8281,-0.0145251274706773
549,2021-04-26,-0.015244843198404,-0.0424999999999998,1.2027,0.5943,0.8176,-0.000857329682888257
550,2021-04-27,0.00404557136460149,-0.0267999999999999,1.2349,0.6191,0.7922,0.000871096922613126
551,2021-04-28,0.00466398979862648,-0.0445000000000002,1.2695,0.6636,0.8021,0.00201840020229098
552,2021-04-29,-0.000846381768681237,-0.0167999999999999,1.2756,0.6734,0.8178,-0.00459948627762817
553,2021-04-30,-0.0205310890036858,0.0135000000000001,1.2389,0.6549,0.841,0.00771773366992211
557,2021-05-06,0.00283440721756323,0.0177,1.2079,0.6332,0.8693,-0.00797917570921058
558,2021-05-07,0.00260926436361375,-0.0895000000000001,1.3056,0.7157,0.8661,-0.0139569779279909
559,2021-05-10,-0.0288598066393324,-0.0211999999999999,1.3099,0.7059,0.904,-0.0133482465960757
560,2021-05-11,-0.000223538617226904,0.018,1.2839,0.6819,0.892,0.0133112210665462
561,2021-05-12,-0.0123722194527858,0.0139,1.263,0.664,0.929,-0.00449352986198636
562,2021-05-13,-0.0143624946934593,0.0448,1.2238,0.6122,0.9134,0.00844249776235332
563,2021-05-14,0.0150413045396403,-0.0286,1.258,0.6368,0.9078,-0.00219771120669617
564,2021-05-17,0.00967931023490376,-0.0345000000000002,1.3027,0.6643,0.9176,0.00161651631229695
565,2021-05-18,0.008032171697264,0.0348000000000002,1.2612,0.6255,0.932,0.00657026696721028
566,2021-05-19,0.00288472406859031,-0.0011000000000001,1.2464,0.6216,0.9502,-0.000671629527177526
567,2021-05-20,0.00992180997862802,-0.0324,1.2491,0.646,0.9799,-0.00789339006807171
568,2021-05-21,-0.0097002524281482,-0.0291999999999999,1.2658,0.6672,0.9776,0.0019781841955376
569,2021-05-24,-0.00133008221781417,0.0235999999999998,1.2396,0.6446,0.987,0.000796189340457192
570,2021-05-25,0.0234582717772858,0.0568,1.1828,0.5828,0.985,-0.00694629721626241
571,2021-05-26,0.00604884108296888,0.002,1.1558,0.5748,1.01,0.00734452787113509
572,2021-05-27,-0.000646342799620836,0.0106000000000002,1.1577,0.5592,0.992500000000001,0.00976678507067815
573,2021-05-28,-0.00345423486808727,-0.0195000000000001,1.1872,0.5807,0.9776,-0.0124985601562373
574,2021-06-01,0.0258313006918147,-0.0521,1.2057,0.6437,1.04,0.00190382666227128
575,2021-06-02,-0.00401225329717514,0.0164,1.2143,0.6183,1.005,-0.00133285498484729
576,2021-06-03,-0.0200904384940217,0.000399999999999956,1.2039,0.6029,1.015,0.00681910255738084
577,2021-06-04,0.0103093696588612,-0.00340000000000007,1.2448,0.5963,0.9675,-0.00977396032295066
578,2021-06-07,-0.010741241831413,0.0186000000000002,1.2437,0.5797,0.95,-0.0121201583072834
579,2021-06-08,-0.0047629447045523,0.00229999999999997,1.2414,0.5744,0.967,0.00230507258435053
580,2021-06-09,0,0.0589999999999999,1.1775,0.5144,0.9599,-0.00216402177667815
581,2021-06-10,0.00216778753871338,-0.0359,1.2083,0.5433,0.9743,-0.00315387187450986
582,2021-06-11,-0.00238482497852388,0.0202,1.2157,0.5221,0.9424,0.000109231514222251
584,2021-06-15,-0.0137272010646372,-0.0469999999999999,1.2527,0.5691,0.9529,-0.00824011768831245
585,2021-06-16,-0.0154767626030972,0.00209999999999999,1.2631,0.572,0.9381,-0.00177006480667727
586,2021-06-17,0.0139398208141097,0.0816000000000001,1.1915,0.4924,0.9208,0.010518171251445
587,2021-06-18,0.00109805655043083,0.00819999999999999,1.1634,0.4872,0.9428,0.0024926545923451
588,2021-06-21,-0.000219514873013971,-0.00490000000000013,1.1434,0.4971,0.9683,0.0047017820281311
589,2021-06-22,-0.00815611266611027,0.0139,1.1219,0.4912,0.982,-0.00576920283591469
590,2021-06-23,0.012537280681673,-0.0148999999999999,1.1344,0.5061,0.9344,0.00346971522621382
591,2021-06-24,0.0104371462786039,0.0151999999999999,1.1167,0.4889,0.9172,-0.0085634170665339
592,2021-06-25,0.0188563547118159,-0.0509999999999999,1.1676,0.5409,0.9073,-0.00334006902635257
593,2021-06-28,0.00233223894541679,-0.00419999999999998,1.1794,0.5461,0.8997,-0.00372305930090927
594,2021-06-29,-0.00743971972275181,0.00129999999999986,1.1731,0.5458,0.8897,0.00133659937690268
595,2021-06-30,-0.011588112506058,-0.0290999999999999,1.1947,0.5749,0.8972,-0.00425599023334444
596,2021-07-01,-0.00519369269613978,-0.00990000000000002,1.2146,0.5838,0.8747,0.0136049583955357
597,2021-07-02,-0.0131034851505043,-0.00940000000000007,1.2165,0.5852,0.8827,-0.00845650253959192
598,2021-07-06,-0.0283153461526129,-0.016,1.2624,0.619,0.8347,0.016102771503463
599,2021-07-07,0.00180750162178978,-0.0125999999999999,1.245,0.6316,0.8446,-0.00337873987725178
600,2021-07-08,-0.0316467592885918,-0.0534000000000001,1.226,0.678,0.8758,0.00747196595136695
601,2021-07-09,0.0282550092874709,0.0601,1.1934,0.6179,0.8395,0.00570927993920317
602,2021-07-12,-0.00340329313170784,-0.00219999999999998,1.1282,0.6131,0.857,-0.00316714630055742
603,2021-07-13,0.0112995552539337,0.0387,1.072,0.5694,0.8582,0.00311750103610989
604,2021-07-14,-0.00427880396079638,-0.0391999999999999,1.1212,0.5996,0.8199,-0.00286943498435943
605,2021-07-15,0.00965757085058527,0.0459000000000001,1.0954,0.5447,0.8094,-0.00587665169406145
606,2021-07-16,-0.00762848662380433,-0.0174000000000001,1.1003,0.5611,0.8022,0.0018981762931269
607,2021-07-19,-0.0133773676123723,-0.0237000000000001,1.1291,0.5818,0.7817,-0.0113685183744514
608,2021-07-20,-0.00503433557550581,0.00550000000000006,1.1011,0.5773,0.8043,0.00243605444838275
609,2021-07-21,0.00297789705803675,0.0151000000000001,1.0786,0.5622,0.7967,-7.47526183248887e-05
610,2021-07-22,0.00410865677278771,-0.00340000000000007,1.092,0.5656,0.7967,0.00266946014302586
611,2021-07-23,-0.0258436164268661,-0.0242,1.1012,0.5898,0.7966,-0.00356848096768119
612,2021-07-26,-0.0550156736101899,-0.0459000000000001,1.1048,0.6357,0.8239,-0.0256950705976376
613,2021-07-27,-0.0333992123817599,-0.0207999999999999,1.1655,0.6555,0.7915,-0.023241618051278
614,2021-07-28,0.0585194211953235,0.0271999999999999,1.1585,0.6283,0.791,-0.0127775055189293
615,2021-07-29,-0.0140676586244899,-0.0201,1.1314,0.6484,0.846,0.0115200918285984
616,2021-07-30,-0.00981843920928949,0.00880000000000014,1.0749,0.6396,0.8637,0.00881973365901522
617,2021-08-02,0.0142054801230556,0.0358999999999998,1.0239,0.6027,0.8688,0.00136354559331929
618,2021-08-03,-0.00756747172919514,-0.0135999999999998,1.05,0.6103,0.8363,0.00348056717679359
619,2021-08-04,0.0133870807824592,0.0574999999999999,0.9926,0.5438,0.8462,-0.0023920465190666
620,2021-08-05,-0.0111841671514177,-0.00849999999999995,0.9661,0.5403,0.8753,0.0135357605284059
621,2021-08-06,-0.011805351073281,0.0221,0.9591,0.5132,0.8561,0.000417350894924226
622,2021-08-09,0.0183851238063384,0.0291999999999999,0.9775,0.476,0.8385,0.0179068170855855
623,2021-08-10,0.0108709851836752,0.0201,0.9725,0.4609,0.829,-0.00723507729400885
624,2021-08-11,0.00837425638001088,0.00680000000000014,0.9732,0.4521,0.8159,0.0213366826593257
625,2021-08-12,-0.0153664488218586,0.00119999999999987,0.9445,0.4479,0.8436,-0.00564226770605617
626,2021-08-13,0.000483792946059491,-0.00479999999999992,0.9719,0.4517,0.8308,-0.0018312868498568
627,2021-08-16,-0.0168276132694998,-0.0311999999999999,1.0182,0.4789,0.8457,0.00467156480036004
628,2021-08-17,-0.0284379353205333,0.00849999999999995,0.9973,0.4704,0.8581,0.00281228820272555
629,2021-08-18,0.00806455983673038,0.0237000000000001,0.9411,0.4467,0.8706,-0.00549315863997943
630,2021-08-19,-0.0202846711715057,0.0238999999999998,0.9073,0.4218,0.8705,0.000163360312464373
631,2021-08-20,-0.00952265592568624,-0.00109999999999988,0.9209,0.4219,0.853,0.00180982892429561
632,2021-08-23,0.0192091961053684,0.0246999999999999,0.9114,0.3972,0.8528,-0.000342425233211264
633,2021-08-24,0.0344087796855419,0.0342,0.8622,0.363,0.8678,0.0050337103270025
634,2021-08-25,-0.00836824967051664,0.0799000000000001,0.7848,0.2841,0.8753,-0.00923966745415046
635,2021-08-26,-0.015944533103549,0.0101,0.8048,0.274,0.8652,-0.00154107990988478
636,2021-08-27,0.00800404473214167,-0.00810000000000022,0.7979,0.2821,0.9102,-0.00880520732172858
637,2021-08-30,0.00149365225678366,0.00439999999999996,0.7742,0.2787,0.9145,-0.0116361301368682
638,2021-08-31,0.0182405846081677,-0.00599999999999978,0.7747,0.2867,0.915,0.0100657653845797
639,2021-09-01,0.0219842167023412,0.0196999999999998,0.7326,0.268,0.9373,0.013032723921483
640,2021-09-02,-0.0108109161042158,-0.00729999999999986,0.7474,0.2733,0.9199,0.013385926076607
641,2021-09-03,0.00168939342702101,-0.0247999999999999,0.7748,0.2981,0.9173,-0.00296321568591465
642,2021-09-07,0.0233566384990667,0.00749999999999984,0.8302,0.3248,0.9088,-0.00420033448729098
643,2021-09-08,-0.0108954180612546,0.0562,0.7841,0.2706,0.8995,-0.00236613451443124
644,2021-09-09,-0.00933132742888398,-0.0120999999999998,0.7987,0.2827,0.897,0.00391556329155092
645,2021-09-10,-0.000721414002671672,-0.0215000000000001,0.8128,0.3042,0.9094,-0.00395617106402956
646,2021-09-13,-0.00216736990321964,0.0105,0.8275,0.2937,0.8992,0.0214997970927933
647,2021-09-14,-0.0229222423374726,0.0331999999999999,0.7893,0.2645,0.9142,-0.00914244127859644
648,2021-09-15,-0.00693072081220869,-0.00459999999999994,0.809,0.2711,0.8991,-0.00696011975889015
649,2021-09-16,-0.0147631856854065,0.0100000000000002,0.7866,0.2631,0.9115,-0.0181460096307887
650,2021-09-17,0.00628221691702446,-0.0103,0.7869,0.2804,0.9315,0.00499580803608512
653,2021-09-22,0.0189652019493836,-0.0939999999999999,0.8799,0.401,0.9361,0.0390314162972649
654,2021-09-23,-0.00841305153428173,0.00859999999999994,0.8639,0.3974,0.9435,0.0148936083996437
655,2021-09-24,-0.0212168372653321,0.0409000000000002,0.8384,0.3635,0.9381,-0.00173789901276956
656,2021-09-27,0.0142803932686748,-0.0211000000000001,0.8727,0.3982,0.9325,-0.0310907918361997
657,2021-09-28,0.00128816197124859,0.00690000000000035,0.8602,0.4003,0.9481,0.0234200446628113
658,2021-09-29,-0.00723517368077919,-0.0221000000000002,0.87,0.4324,0.9496,-0.0110898766878192
659,2021-09-30,0.00954969188001931,-0.0384,0.9214,0.4748,0.9344,0.0172451613881784
665,2021-10-08,0.00955741681495059,-0.1443,1.1012,0.6211,0.8991,-0.0191263251507923
666,2021-10-11,-0.000751220769020566,0.0172000000000001,1.1175,0.5825,0.892,-0.00151722900489505
667,2021-10-12,-0.00552626375011833,-0.0165999999999999,1.1418,0.5991,0.8882,0.00739086686771834
668,2021-10-13,0.0199507864193484,0.00509999999999988,1.1288,0.591,0.9207,-0.000159692590642736
669,2021-10-14,-0.00470239698341901,-0.00319999999999987,1.1323,0.5972,0.938,-0.0150171912535513
670,2021-10-15,0.00962851531947528,0.00919999999999987,1.1333,0.5872,0.9372,-0.00672299597685734
671,2021-10-18,0.0058794877845938,0.0213000000000001,1.1863,0.5657,0.8926,-0.00987738387213923
672,2021-10-19,0.0281776619406928,0.0482,1.1057,0.5235,0.946,-0.0108121654828895
673,2021-10-20,0.00189798396241114,0.2241,0.8692,0.3024,0.9415,-0.00448923795340695
674,2021-10-21,-0.000948541688382765,0.0648,0.7768,0.2386,0.9663,0.00535589919997909
675,2021-10-22,0.00118553659410159,0.0371000000000001,0.7648,0.2035,0.9355,0.0166965228676024
676,2021-10-25,0.00307583349086604,-0.02,0.7774,0.2275,0.9304,-0.0195478778705043
677,2021-10-26,-0.0202846711715057,0.0110999999999999,0.7564,0.2214,0.9177,-0.0181877683455564
678,2021-10-27,-0.0113954439573587,0.00640000000000018,0.7501,0.217,0.9033,-0.0085030905818572
679,2021-10-28,0.00219218209822136,0.0132999999999996,0.7269,0.2067,0.8873,-0.0129081896033824
680,2021-10-29,-0.0189125126169123,0.0103,0.7216,0.1974,0.8704,-0.00632561977792168
681,2021-11-01,0.0179388027055105,-0.0107999999999997,0.7027,0.2082,0.8623,-0.0167097399709609
682,2021-11-02,-0.0276560836031181,0.00130000000000008,0.6838,0.2079,0.859,-0.0049407128837741
683,2021-11-03,0.00847673986269237,0.0602999999999998,0.6361,0.1496,0.8433,0.0177624925321036
684,2021-11-04,-0.00597611340334181,0,0.6237,0.1486,0.8415,-0.00186606038717069
685,2021-11-05,-0.017637141486107,-0.00499999999999989,0.5937,0.1536,0.8482,-0.0111284609590644
686,2021-11-08,0.0111224604649132,-0.0100000000000002,0.6139,0.1646,0.8292,0.0114988173724374
687,2021-11-09,-0.00807677283135666,-0.0259999999999998,0.6374,0.1926,0.8462,0.000315558513780939
688,2021-11-10,0.00908179804158094,0.0125999999999999,0.6399,0.18,0.8312,0.0299710965993753
689,2021-11-11,0.0389115821952184,-0.00139999999999985,0.6639,0.1814,0.8238,0.0411904358325637
690,2021-11-12,0.000482975136169461,0.00659999999999972,0.6599,0.1748,0.8259,-0.0114787637421364
691,2021-11-15,-0.0075124550576513,-0.012,0.6597,0.1928,0.8219,-0.0104906260505653
692,2021-11-16,0.0125696602970971,0.00260000000000016,0.6546,0.1932,0.8426,-0.00699206644067288
693,2021-11-17,-0.011354150241035,0.0301999999999998,0.6295,0.167,0.8321,0.00579719762407463
694,2021-11-18,-0.0218601361024859,-0.0141,0.6287,0.1871,0.8412,-0.0105850444822099
695,2021-11-19,0.00594208235123617,-0.0202999999999998,0.6646,0.2094,0.8186,0.0256182809043657
696,2021-11-22,-0.0129194343558723,-0.0169999999999999,0.639,0.2284,0.85,-0.012523558152595
697,2021-11-23,-0.0052651494329008,0.0315999999999996,0.6073,0.1998,0.8452,0.00545926692890213
698,2021-11-24,0.0027613924914891,-0.00769999999999982,0.5875,0.2095,0.8636,0.00427894888041054
699,2021-11-26,-0.0284789142344772,-0.0143999999999997,0.5594,0.2254,0.9075,0.00231268424435538
700,2021-11-29,-0.00958929208915693,0.0193999999999996,0.545,0.209,0.9045,-0.00915903301808202
701,2021-11-30,-0.00548375835625636,0.0022000000000002,0.5428,0.2098,0.9041,0.00103776351709463
702,2021-12-01,-0.00235941910476933,-0.0022000000000002,0.5601,0.214,0.8886,0.00481427102301974
703,2021-12-02,0.00680096788258222,0.00500000000000034,0.5751,0.211,0.8718,0.0051407698603398
704,2021-12-03,-0.0234746372096417,0,0.5851,0.214,0.8586,0.00620738915709811
705,2021-12-06,0.0187712054920057,-0.0247999999999999,0.5574,0.2318,0.8928,-0.00249772556824522
706,2021-12-07,0.01326935041482,0.0297999999999998,0.5551,0.198,0.8743,0.00239704547292384
707,2021-12-08,0.00438427523687235,0.0249999999999999,0.5401,0.174,0.8774,-0.000281453337855157
708,2021-12-09,0.000257300914837888,0.000399999999999956,0.5372,0.1746,0.8771,0.0107702366490452
709,2021-12-10,-0.000257300914837888,0.00470000000000015,0.5225,0.1719,0.8765,-0.00327028753806362
710,2021-12-13,-0.0284503072249285,0.000199999999999978,0.5349,0.1727,0.8548,-0.00366480184298802
711,2021-12-14,-0.00238568701620334,-0.0051000000000001,0.5325,0.1778,0.8623,-0.00346055031213459
712,2021-12-15,-0.0293544706770468,0.00490000000000013,0.5301,0.1729,0.8598,0.00715667264838947
713,2021-12-16,0.00517924014505988,0.00519999999999987,0.5324,0.1657,0.8473,0.00140062171698144
714,2021-12-17,-0.01203515620815,0.00680000000000014,0.5191,0.1599,0.8487,0.000221072585070026
715,2021-12-20,-0.0214164770076612,0.00849999999999973,0.5127,0.1514,0.8527,0.0104308952050149
716,2021-12-21,0.0290919532860006,0.0308000000000002,0.4794,0.1216,0.8642,0.0434621426917999
717,2021-12-22,-0.00218698829650377,0.0103,0.4486,0.1123,0.8697,-0.0138508342890427
718,2021-12-23,0.00246002584086247,-0.0316999999999998,0.4643,0.146,0.8932,-0.0162954978713347
719,2021-12-27,-0.00273373598353199,-0.0067999999999997,0.4918,0.179,0.8661,0.00121678367604201
720,2021-12-28,-0.0115640055178248,0.000299999999999745,0.4791,0.1787,0.8896,-0.00886155573489511
721,2021-12-29,-0.0116992977872976,-0.0411999999999999,0.5053,0.2199,0.8746,-0.000264256756875445
722,2021-12-30,0.035777068342294,-0.0699999999999998,0.5553,0.2909,0.8746,0.000182602567618872
723,2021-12-31,-0.0111459628816433,-0.2095,0.7748,0.4994,0.8754,0.0167423673609101
725,2022-01-04,-0.0182224810362714,0.0716000000000001,0.7133,0.4278,0.8745,0.00788550701902876
726,2022-01-05,-0.0182769040915369,-0.00180000000000025,0.7341,0.4296,0.8455,-0.00519644736301362
727,2022-01-06,0.0174406671090077,-0.0290999999999997,0.7792,0.4587,0.8595,-0.000318517358836268
728,2022-01-07,0.0212451086137366,0.00629999999999997,0.7705,0.4524,0.8689,0.0088759328907911
729,2022-01-10,0.000545851541937203,0.00409999999999977,0.7539,0.4483,0.8994,0.00867170533639184
730,2022-01-11,0.0314246348976512,-0.0470999999999999,0.7911,0.4954,0.891,-0.00482890347397962
731,2022-01-12,0.0219674105498733,-0.000599999999999934,0.7917,0.496,0.8843,-0.00410145760100943
732,2022-01-13,-0.0240849338397808,0.0213999999999999,0.7604,0.4746,0.8992,-0.0211940028839319
733,2022-01-14,0.0100185388455971,0.000399999999999956,0.7677,0.4742,0.8926,-0.0123449119780942
734,2022-01-18,-0.0110789843320362,-0.0400999999999998,0.7615,0.513,0.9085,0.00745827922862867
735,2022-01-19,0.0042350513272118,-0.0481,0.7995,0.5511,0.8686,0.00299280475497958
736,2022-01-20,0.0304354354113467,-0.0103,0.8055,0.5494,0.8479,-0.016349818969623
737,2022-01-21,-0.0199256171804167,-0.0466,0.835,0.591,0.8744,-0.00178248812010438
738,2022-01-24,-0.0160720097662042,-0.0748,0.8749,0.6648,0.8899,0.0101134440550364
739,2022-01-25,0.00106185303314144,0.00150000000000006,0.8962,0.6623,0.8771,-0.0208401042216846
740,2022-01-26,-0.0192880343305037,-0.0293000000000001,0.9422,0.6876,0.8654,-0.00433620917958526
741,2022-01-27,-0.018013587522296,0.0243,0.9381,0.6603,0.8997,-0.0130737019231828
742,2022-01-28,-0.00303406659451877,-0.00909999999999989,0.9145,0.6694,0.9479,0.00724483473497494
748,2022-02-07,-0.00607422968910631,-0.1112,1.0612,0.7896,0.9029,-0.0059377136830995
749,2022-02-08,0.00975360309096773,-0.0115000000000001,1.0698,0.7951,0.9088,-0.00753976882987148
750,2022-02-09,0.0169076728968367,0.00790000000000002,1.072,0.7862,0.9067,0.000164621689305747
751,2022-02-10,-0.0121968554962377,-0.0410000000000001,1.113,0.8222,0.9021,0.00635567859123795
752,2022-02-11,-0.0171169419406976,-0.0265,1.1958,0.8387,0.9008,-0.00620321244395609
753,2022-02-14,-0.00960776005517339,-0.0112999999999999,1.2198,0.842,0.8941,-0.0114087095802396
754,2022-02-15,0.0151699515904475,0.0231999999999999,1.1916,0.8098,0.9011,-0.000361821596904946
755,2022-02-16,0.00631913635147852,0.1013,1.0827,0.7035,0.9108,0.00480509320857759
756,2022-02-17,-0.00816976477125753,0.0463,1.0271,0.6532,0.9301,-0.0129322186977661
757,2022-02-18,-0.0289953198526547,0.0741000000000001,0.9706,0.5731,0.9225,0.0246395654931128
758,2022-02-22,-0.0270585254734246,0.0433000000000001,0.9511,0.5161,0.9106,0.00463524255323638
759,2022-02-23,-0.0118244620950234,0.0632999999999999,0.8578,0.4508,0.9582,-0.0082728901374281
760,2022-02-24,-0.00739059645969586,0.0252000000000001,0.8301,0.4216,0.9625,-0.00504871853555029
761,2022-02-25,0.00483848958746069,-0.024,0.8416,0.4406,0.9753,0.00201112838643961
762,2022-02-28,-0.00912727385967838,-0.0334000000000001,0.875,0.47,0.96,-0.00573620726067291
763,2022-03-01,-0.00200774483047184,-0.0037999999999998,0.9063,0.4698,0.9399,0.00445548914697555
764,2022-03-02,-0.00749283044437643,0.0176999999999998,0.9036,0.4511,0.9175,0.0113574510728862
765,2022-03-03,-0.0257851965150717,-0.00359999999999983,0.9197,0.4527,0.91,0.00489845910242331
766,2022-03-04,-0.0216030003348218,-0.0239,0.9261,0.4756,0.9175,-0.00466619059976681
767,2022-03-07,-0.0386506603169927,-0.0851000000000002,1.0113,0.5587,0.9381,0.017838782592414
768,2022-03-08,-0.0142882252968972,-0.0567,1.083,0.6164,0.9134,-0.0182862542585846
769,2022-03-09,0.0164926034529613,0.1456,0.9524,0.4688,0.9071,-0.0191239210692278
770,2022-03-10,-0.0463552574172037,0.0102,0.9498,0.4616,0.9033,0.00276708544340547
771,2022-03-11,-0.0430898029347229,0.000199999999999978,0.8896,0.4614,0.9626,-0.00528543038935022
772,2022-03-14,-0.0694352514985899,-0.0953000000000002,0.9624,0.5567,0.9723,-0.00999420058650719
773,2022-03-15,-0.00184535944598485,0.1223,0.8901,0.4354,0.9373,-0.0425153086481409
774,2022-03-16,0.192611982035735,0.0924,0.7752,0.346,0.9749,0.00991749925265407
775,2022-03-17,-0.0375645594344185,0.00999999999999979,0.7576,0.337,1.0024,0.0315775279859859
776,2022-03-18,0.0481723267314349,-0.0399999999999998,0.8027,0.378,0.9734,0.0282941650230861
777,2022-03-21,-0.0428086918503912,0.0119,0.8108,0.3661,0.9645,0.00623838279098335
778,2022-03-22,0.0431101236537286,0.00819999999999999,0.8201,0.3589,0.9398,0.0197160544569215
779,2022-03-23,-0.00634922767865875,0.0405000000000002,0.7796,0.3174,0.9427,0.0193449787533192
780,2022-03-24,-0.0109790672824119,0.0132999999999996,0.7413,0.3051,0.9498,-0.0165460671396682
781,2022-03-25,-0.0151401007226668,-0.0232999999999999,0.7566,0.3284,0.9528,0.00177852847814298
782,2022-03-28,0.0154467081143066,-0.0249000000000001,0.7746,0.3543,0.9897,0.0105663254208704
783,2022-03-29,0.0212322201057744,-0.00479999999999992,0.7744,0.3611,0.9747,-0.0176818087609538
784,2022-03-30,-0.00541680530022504,-0.0607,0.8201,0.4208,0.9466,0.0440790633782044
785,2022-03-31,-0.0359430489266668,-0.0389999999999999,0.8766,0.4618,0.9322,0.00253941111918413
786,2022-04-01,0.0377519128506929,-0.0269999999999999,0.8901,0.4878,0.9357,0.0209689160395334
789,2022-04-06,-0.0196588820125743,-0.0344000000000002,0.9066,0.5162,0.9238,0.0182581164480098
790,2022-04-07,-0.0150795287012073,-0.0205,0.9061,0.5267,0.9348,-0.0266881056470883
791,2022-04-08,0.000929800159966465,-0.026,0.9456,0.5557,0.9161,0.0197838526711401
792,2022-04-11,-0.0241428876325647,0.00750000000000006,0.9532,0.5422,0.8979,-0.0273955803286381
793,2022-04-12,-0.00381558491532097,0.0895000000000001,0.8662,0.4467,0.9001,-0.024478175151322
794,2022-04-13,0.0192465319458641,0.0213999999999999,0.8374,0.4213,0.9069,-0.00842731249096003
795,2022-04-14,-0.0113137599002733,-0.0196000000000001,0.8595,0.4369,0.8935,0.0377818788862369
796,2022-04-18,-0.00920787582052363,-0.00730000000000008,0.9476,0.4679,0.8293,-0.0141029422247873
797,2022-04-19,-0.00993757176391163,-0.0349999999999999,0.9927,0.4989,0.8215,0.0020855647967483
798,2022-04-20,-0.0297553421728081,0.0304,0.9745,0.4645,0.8107,-0.0460098209845231
799,2022-04-21,-0.0299837182606324,0.00249999999999995,0.9649,0.452,0.823,-0.0276579427456467
800,2022-04-22,0.00919155407327077,0.0205,0.9594,0.4235,0.8191,-4.38982638459647e-05
801,2022-04-25,-0.0112456458602086,0.00570000000000004,0.9359,0.3819,0.8461,-0.0258046000062271
802,2022-04-26,-0.0214764056232561,-0.00910000000000011,0.955,0.381,0.8227,0.00683094386205507
803,2022-04-27,0.0313656592782197,-0.0165999999999999,0.9867,0.3876,0.826,-0.00910070507125414
804,2022-04-28,0.00777424905905066,0.0450999999999999,0.9491,0.3315,0.8414,0.0183987078205417
805,2022-04-29,0.0409027993362661,-0.0519000000000001,0.991,0.3694,0.8677,0.0304958631629532
809,2022-05-05,-0.0538566727907108,-0.0048999999999999,0.9855,0.3663,0.8789,-0.00411299778398024
810,2022-05-06,-0.0314906670913708,-0.0106999999999999,0.9953,0.37,0.8827,-0.0341538431501037
811,2022-05-09,-0.0371451252987676,-0.0183,1.0023,0.3729,0.8796,0.0184765707098746
812,2022-05-10,0.0113597245704082,-0.01,1.0058,0.3779,0.8736,0.00473985544673477
813,2022-05-11,0.000352920420108926,-0.00279999999999991,1.0237,0.3727,0.826,-0.00681429586103705
814,2022-05-12,0,-0.0195000000000001,1.0247,0.3852,0.8145,-0.00748328311851932
815,2022-05-13,0.0438379078509659,-0.0604,1.0936,0.4346,0.7856,0.0337533129017763
816,2022-05-16,-0.00135180824911441,-0.0145,1.1157,0.4391,0.7784,0.0199312490808196
817,2022-05-17,0.0299822591332322,-0.026,1.1379,0.4291,0.7821,-0.0155913437649841
818,2022-05-18,-0.0282927841579652,-0.0198,1.12,0.4179,0.8049,-0.00483090193968901
819,2022-05-19,0.0226979036756707,0.00370000000000004,1.1136,0.4032,0.7907,0.0273047720706292
820,2022-05-20,0.0039525743158233,-0.0131999999999999,1.1394,0.3994,0.7605,-0.0231438354787506
821,2022-05-23,-0.00230376932563914,0.000599999999999934,1.1163,0.3698,0.7602,-0.0185474872311651
822,2022-05-24,-0.0389703326394839,-0.0694999999999999,1.1833,0.4313,0.7635,-0.0205564789538053
823,2022-05-25,0.0125959112139773,0.0199999999999998,1.1558,0.4073,0.7667,0.0038384492893748
824,2022-05-26,0.0384918121994704,-0.0202,1.1285,0.4085,0.8058,0.00637388902853166
825,2022-05-27,0.00713593686544867,-0.00369999999999981,1.1196,0.4172,0.8161,-0.0116021016380169
826,2022-05-31,0.0293014593369825,-0.0002000000000002,1.143,0.3984,0.8274,-0.00407279581320557
827,2022-06-01,-0.0104118309249328,-0.079,1.2345,0.4774,0.8274,0.00657497390587523
828,2022-06-02,0.0284527556902425,0.0119,1.2276,0.4665,0.8395,-0.0108717963786198
830,2022-06-06,0.0272378336520158,0.00930000000000009,1.2358,0.4592,0.8491,-0.00730931530050858
831,2022-06-07,0.0151518050206025,0.0147999999999999,1.201,0.4464,0.9,0.0112016391427265
832,2022-06-08,0.0270006018185058,0.00900000000000012,1.2005,0.4374,0.8826,-0.0101815719979168
833,2022-06-09,-0.0430688571858231,-0.00840000000000019,1.2004,0.4458,0.8788,0.000960115423658288
834,2022-06-10,0.000611060208442815,-0.0256999999999998,1.2211,0.4685,0.8644,-0.00390657909245349
835,2022-06-13,-0.0446600366046748,0.0297999999999998,1.2039,0.4407,0.8532,-0.0122131193387219
836,2022-06-14,0.0305103080634339,-0.00109999999999988,1.21,0.4418,0.8537,0.00124398905376881
837,2022-06-15,0.0196325324071212,0.026,1.1965,0.4158,0.8487,0.00857441362826904
838,2022-06-16,-0.0393422272186839,-0.0249000000000001,1.2115,0.4387,0.8486,0.00647078576827092
839,2022-06-17,0.0181595472371612,0.0505,1.1634,0.3882,0.8552,-0.00626740110891913
840,2022-06-21,0.0245185435753519,-0.00219999999999998,1.1608,0.3755,0.824,-0.00694070013614217
841,2022-06-22,-0.0180240101554863,-0.0216000000000001,1.1744,0.3971,0.8168,-0.00771718464600838
842,2022-06-23,0.0152954955022819,-0.0207999999999999,1.1982,0.4179,0.8168,0.00748164009788521
843,2022-06-24,0.0269558099885288,0.000799999999999912,1.2149,0.4171,0.8069,-0.00605186317285938
844,2022-06-27,0.00824018788545544,-0.000499999999999945,1.2505,0.4176,0.7771,0.00152294981422902
845,2022-06-28,0.000293040295137548,0.0531999999999999,1.2058,0.3644,0.7893,-0.0079861421680546
846,2022-06-29,-0.00558250311253561,0.0461,1.1477,0.3183,0.7906,0.0330675601418672
847,2022-06-30,-0.000884303668533093,-0.0810999999999999,1.2199,0.3994,0.8036,0.0122499744335769
848,2022-07-01,0.000884303668533093,-0.0678000000000001,1.2927,0.4672,0.7994,-0.00182722499680528
849,2022-07-05,-0.00472534842642602,0.00940000000000007,1.2755,0.4422,0.8102,-0.0152438122924119
850,2022-07-06,-0.0128111390180212,0.0590999999999999,1.2187,0.3811,0.8144,-0.0146872869232434
851,2022-07-07,0.0213594593112423,0.0429999999999999,1.1757,0.3351,0.8144,-0.000447840304521571
852,2022-07-08,-0.0132961036924057,-0.0289999999999999,1.2075,0.3616,0.8123,0.00681090094466823
853,2022-07-11,-0.0440867867295345,-0.000399999999999956,1.1961,0.359,0.8262,-0.0127957563725395
854,2022-07-12,-0.00592363384512673,-0.0301,1.2113,0.3851,0.8441,0.0174159519096327
855,2022-07-13,-0.00753299230754534,0.0226999999999999,1.1836,0.3604,0.8496,0.0229520948297266
856,2022-07-14,-0.0142791574174721,0.00249999999999995,1.1651,0.3534,0.8695,-0.000703861524499468
857,2022-07-15,-0.00834407922050184,-0.0219,1.182,0.3733,0.8765,-0.0206745232110432
858,2022-07-18,0.0191515588572684,-0.0175999999999998,1.1976,0.3879,0.8784,0.0144855005227881
859,2022-07-19,0.0100661435059863,0.00339999999999985,1.1964,0.3585,0.8815,0.000432868853225807
860,2022-07-20,-0.00627945548484288,0.00690000000000013,1.1746,0.3276,0.897,-0.00640518661655604
861,2022-07-21,0.00815562864307084,-0.0106999999999999,1.1778,0.3233,0.9109,0.00206086648877682
862,2022-07-22,-0.0224302564356642,-0.00900000000000012,1.2103,0.3163,0.8874,-0.00705616449711973
863,2022-07-25,0.0082723984315658,-0.028,1.2303,0.3323,0.8954,0.00673424903115944
864,2022-07-26,-0.00349151283122362,-0.00760000000000005,1.2289,0.3309,0.8993,0.0316498752259309
865,2022-07-27,0.0113817226146029,-0.00119999999999987,1.2302,0.3231,0.8976,-0.000110838842454462
866,2022-07-28,-0.0129728128468449,0.0106999999999999,1.2344,0.3034,0.8834,0.00421752487020097
867,2022-07-29,-0.0330233957465809,-0.0518000000000001,1.2572,0.3472,0.9124,-0.0109084295172301
868,2022-08-01,-0.0135876158390551,-0.0429999999999999,1.2734,0.3692,0.9108,-0.0112878996640289
869,2022-08-02,-0.00703167136368066,-0.0386,1.3142,0.3818,0.9036,-0.0166179835687099
870,2022-08-03,0.0083654494873846,0.0223,1.2823,0.3275,0.8746,-0.0165498661592
871,2022-08-04,0.01554007136617,-0.03,1.3097,0.3195,0.8803,-0.00148097914914164
872,2022-08-05,-0.0112175376200963,0.00740000000000007,1.317,0.2821,0.8574,0.00689453584427851
873,2022-08-08,-0.00899856097033069,0.0221,1.3019,0.228,0.8516,0.00632252175934696
874,2022-08-09,-0.00638121392883884,0.0299,1.2711,0.1781,0.8729,-0.00132495484136544
875,2022-08-10,-0.0050667225433485,0.00099999999999989,1.2667,0.1671,0.8769,-0.00271739838127076
876,2022-08-11,0.0181213012446064,0.0172000000000001,1.2446,0.1419,0.8822,0.000416951663952361
877,2022-08-12,0.00563755431089463,-0.0363,1.2839,0.1712,0.8762,0.00810586842666812
878,2022-08-15,-0.00530505222969335,-0.0328000000000002,1.2402,0.189,0.9153,0.00319857371284121
879,2022-08-16,-0.0117038620716325,-0.00689999999999991,1.2235,0.1879,0.8916,0.0167653041875621
880,2022-08-17,-0.00202020270727576,0.0198,1.1815,0.1671,0.8994,0.0110732417918975
881,2022-08-18,-0.0108438880286252,0.0247999999999999,1.1243,0.1423,0.8953,-0.00121190625853996
882,2022-08-19,-0.00580900317946575,-0.0248999999999999,1.1567,0.1662,0.8819,0.010565727727668
883,2022-08-22,0.00751113124999625,0,1.1617,0.1648,0.8665,0.00685862199707863
884,2022-08-23,-0.0017021280705305,0.0295999999999998,1.1471,0.1336,0.8391,-0.00276457694030439
885,2022-08-24,0.00441952104703036,-9.9999999999989e-05,1.1497,0.1327,0.8353,-0.0171254422513699
886,2022-08-25,0.0489839814003905,0.000299999999999967,1.1784,0.1324,0.8032,-0.00497403448180971
887,2022-08-26,-0.00843339412837496,0.000500000000000167,1.1819,0.1329,0.8143,-0.00894450348222845
888,2022-08-29,-0.00916236776200474,0.002,1.1594,0.1329,0.8444,0.00396013409794212
889,2022-08-30,-0.027325925501132,0.000399999999999956,1.1495,0.1355,0.8662,0.00878217044987989
890,2022-08-31,0.0203986340685658,0.00689999999999991,1.1521,0.1296,0.8536,-0.00650662282102442
891,2022-09-01,-0.0113183631705618,0.000400000000000178,1.1417,0.1292,0.8527,0.016639150779829
892,2022-09-02,-0.0206332366360402,-0.0292000000000001,1.181,0.1584,0.8476,-0.00290727914008149
893,2022-09-06,-0.0200213798605589,0.000599999999999934,1.1698,0.1558,0.8559,0.0236409686683086
894,2022-09-07,0.0121297623051189,0.0186000000000002,1.1587,0.1372,0.8034,0.00404226914398531
895,2022-09-08,-0.0128273556365128,0.0105,1.1523,0.1277,0.7868,-0.00158690362506087
896,2022-09-09,0.0244713228105033,-0.012,1.1737,0.1387,0.7574,0.0203899946632952
898,2022-09-13,-0.042925044717034,0.0028999999999999,1.1785,0.1348,0.7367,-0.0243564937938024
899,2022-09-14,0.00105207795080364,0.0105,1.1878,0.1243,0.7169,0.00475689570266893
900,2022-09-15,-0.00386304255645387,0.0214000000000001,1.1664,0.1029,0.7145,0.016306054726176
901,2022-09-16,-0.0152458191415925,-0.00540000000000007,1.1823,0.1083,0.7132,-0.0244943709477804
902,2022-09-19,0.00356633758878999,-0.0181,1.2024,0.1284,0.7183,-0.0020147954401597
903,2022-09-20,-0.0078627996222953,0.00100000000000011,1.1904,0.1324,0.7221,-0.012561653388819
904,2022-09-21,-0.0269107148230163,0.0355000000000001,1.136,0.0978999999999999,0.7289,0.0133662579162239
905,2022-09-22,-0.00591498951920189,-0.0362,1.1772,0.1361,0.7152,-0.0114847187826941
906,2022-09-23,-0.0134380521620407,0.00909999999999989,1.1982,0.13,0.6756,-0.0134312367891623
907,2022-09-26,0.00599477254266345,0.0309999999999999,1.2024,0.108,0.6422,0.00990343948423123
908,2022-09-27,-0.00900568938261292,0.0379,1.1542,0.0831,0.655,0.00653312070044784
909,2022-09-28,0.010871709703884,0.0448,1.1444,0.0563,0.6217,-0.0149173740201624
910,2022-09-29,-0.0329762682416348,0.0123000000000002,1.1421,0.0579999999999998,0.6083,-0.0147910978356746
911,2022-09-30,-0.0034742362681861,-0.00540000000000007,1.1575,0.0704,0.5973,0.0131640054361968
917,2022-10-10,-0.0308072110621,-0.00439999999999996,1.2483,0.1871,0.6122,0.00656441562894785
918,2022-10-11,-0.027757531487782,-0.024,1.2747,0.2101,0.6047,-0.017252785430905
919,2022-10-12,-0.00645423781479471,0.00409999999999999,1.2632,0.199,0.5999,0.0157497931237095
920,2022-10-13,-0.00853490244983712,0.0523,1.2009,0.1527,0.5892,-0.00942121665764707
921,2022-10-14,-0.0139747444840674,-0.0101,1.1835,0.1658,0.6004,-0.00367507070330969
922,2022-10-17,0.0301694304040478,-0.000899999999999901,1.1869,0.1707,0.5867,-0.000618139422223783
923,2022-10-18,-0.00806455983673038,0.0328999999999999,1.154,0.1398,0.5853,-0.0112702217780535
924,2022-10-19,-0.043017385083691,0.071,1.088,0.0738000000000001,0.5661,0.000793501951250078
925,2022-10-20,0.00463842282186189,0.00930000000000009,1.091,0.0705,0.549,-0.0080224335473513
926,2022-10-21,0.00629064771032883,0.0173999999999999,1.0839,0.0581,0.5387,0.00341808729797571
927,2022-10-24,-0.10526761770616,0.0284,1.043,0.0377000000000001,0.5546,-0.0203362674831827
928,2022-10-25,0.0188641434708123,0.0378000000000001,1.0177,0.0139,0.545,-0.00665731647133823
929,2022-10-26,0.0366931544110463,0.00829999999999997,0.9841,0.0156000000000001,0.5693,-0.00702088318910796
930,2022-10-27,-0.0267157473790474,-0.0185999999999999,0.9955,0.0412000000000001,0.5662,0.0117592940539354
931,2022-10-28,-0.0283771901508403,-0.0459000000000001,1.0114,0.0891000000000002,0.5968,-0.0297913240005739
932,2022-10-31,-0.0277730253600961,-0.0289999999999999,1.0184,0.1201,0.6139,-0.0214848372235519
933,2022-11-01,0.0416045045085576,0.00309999999999988,1.0349,0.122,0.5944,0.00344576979979488
934,2022-11-02,0.00456830397037988,0.0405000000000002,1.0169,0.0834999999999999,0.5831,0.0165549856838904
935,2022-11-03,0.0099774070319989,0.00759999999999983,1.0015,0.0759000000000001,0.5875,-0.00453786625010919
936,2022-11-04,0.0730759803180661,0.00390000000000001,1.0223,0.0740000000000001,0.563,0.00558345469202381
937,2022-11-07,0.00502093105009971,0,1.0203,0.089,0.5611,0.00589439906422997
938,2022-11-08,-0.00083507311742137,0.0165,0.9888,0.0845,0.5826,0.00374866233962399
939,2022-11-09,-0.0417971286784615,0.0544,0.9444,0.0561,0.5737,0.0164213255962909
940,2022-11-10,0.0591888713903304,0.0204000000000002,0.9315,0.0667,0.5764,-0.000789987641833616
941,2022-11-11,0.0437733001548355,0.0390999999999999,0.925,0.0576000000000001,0.5668,0.0422114935170135
942,2022-11-14,0.00548590717516584,0.1963,0.8287,-0.0947,0.5668,0.00992102538148384
943,2022-11-15,0.0502963145671171,0.0439000000000003,0.7649,-0.0416000000000003,0.6116,0.00162923633350214
944,2022-11-16,-0.0225488696866134,0.1216,0.6607,-0.0562,0.6259,-0.0117402772789393
945,2022-11-17,0.0232918117713061,-0.00229999999999997,0.6327,0.0430999999999999,0.6535,0.00453768240417722
946,2022-11-18,-0.0316888076748705,-0.0699000000000001,0.725,0.138,0.6311,-0.00491203259848372
947,2022-11-21,-0.0154502880268446,-0.000500000000000167,0.7185,0.1415,0.6278,-0.00379531214598814
948,2022-11-22,-0.00977907264987099,0.000399999999999956,0.7277,0.1481,0.6104,-0.0210481192871631
949,2022-11-23,0.0128882861923523,-0.0297999999999998,0.7274,0.1799,0.6378,-0.00937192789689945
950,2022-11-25,-0.0172215606506896,0.0498000000000001,0.8298,0.1878,0.6106,0.0290200854455083
951,2022-11-28,0.00864785263612955,0,0.8598,0.1848,0.5919,0.0108079784474511
952,2022-11-29,0.0496285043051601,0.0219,0.8579,0.1639,0.5928,0.0475988868755869
953,2022-11-30,0.047636710334968,0.0590000000000002,0.8039,0.1119,0.6178,-0.016671258990515
954,2022-12-01,-0.0150271164031563,-0.000100000000000211,0.779,0.116,0.6697,0.00609025016226363
955,2022-12-02,0.0280807503387233,-0.0183,0.8049,0.1373,0.6621,-0.0135796985012357
956,2022-12-05,-0.00315956029036846,-0.00879999999999992,0.8363,0.1471,0.6595,-0.0121564273811517
957,2022-12-06,0.0125787822068602,0.00119999999999987,0.8601,0.1519,0.6662,-0.00734821329554759
958,2022-12-07,-0.0217628806713659,0.0366,0.7785,0.1393,0.7448,-0.00993767029364734
959,2022-12-08,0.0321256677069126,-0.0200999999999998,0.8137,0.1784,0.7297,0.0123972747809278
960,2022-12-09,-0.00516797015844261,-0.0211000000000001,0.8398,0.2085,0.7618,0.0189064740315566
961,2022-12-12,-0.0118138969569856,0.0100000000000002,0.8297,0.2125,0.8002,-0.0242148144307525
962,2022-12-13,-0.00877660539809177,0.0399999999999996,0.7947,0.1825,0.8352,0.000597996372615118
963,2022-12-14,0.00632691038476363,-0.0103999999999997,0.7754,0.2079,0.8749,-0.0127976882546161
964,2022-12-15,-0.0241146436970308,0.00990000000000002,0.7829,0.221,0.8598,0.0102572183924524
965,2022-12-16,0.00286738547715615,0.00570000000000004,0.7799,0.2333,0.8571,0.0039331981110813
966,2022-12-19,-0.00574301650261821,0.0442999999999998,0.7132,0.205,0.8729,0.00681898601831307
967,2022-12-20,-0.0152342445718481,0.0102000000000002,0.713,0.2008,0.8635,-0.0239479051050731
968,2022-12-21,0.027754529747416,0.0598000000000001,0.6406,0.164,0.8769,-0.00945035541561958
969,2022-12-22,-0.006061705136156,-0.00770000000000026,0.638,0.1827,0.8827,-0.00707962833834258
970,2022-12-23,-0.00573889666901817,-0.0920000000000001,0.7048,0.2817,0.9079,0.0033028475633946
971,2022-12-27,0.0463892026318939,0.0196000000000001,0.7245,0.2698,0.9263,-0.00737558950235407
972,2022-12-28,-0.0335226920386438,0.00890000000000013,0.7002,0.2659,0.9417,-0.00299702962962101
973,2022-12-29,0.0297380668434712,-0.0373000000000001,0.7248,0.3052,0.9854,-0.0192798634366488
974,2022-12-30,-0.024778793484121,-0.0609000000000002,0.7834,0.3701,0.976,-0.00392260669104617
975,2023-01-03,0.0354080723692589,-0.1357,0.9066,0.4988,0.977,0.0109184186265931
976,2023-01-04,0.0618276536012612,-0.091,0.9851,0.5548,0.9676,0.0213895964225418
977,2023-01-05,-0.00224683130952119,-0.0199,1.0251,0.5467,0.9422,-5.64585604956314e-06
978,2023-01-06,0.00256739550524587,-0.00309999999999988,1.0306,0.5328,0.9267,-0.0120546852353891
979,2023-01-09,0,0.0367999999999999,1.0038,0.492,0.9175,-0.0130626999211404
980,2023-01-10,0.012422519998557,0.0337000000000001,0.9875,0.4653,0.8974,0.00480909059949204
981,2023-01-11,0.0100788254761586,-0.0310000000000001,1.0186,0.5053,0.9023,0.00275390402791015
982,2023-01-12,-0.00849729739069893,-0.0271999999999999,1.0633,0.5385,0.8848,-0.0198358367767075
983,2023-01-13,0.0141223122223124,-0.00570000000000004,1.0922,0.5442,0.873,-0.00481718980667898
984,2023-01-17,-0.0220550842679033,0.00370000000000004,1.0503,0.5146,0.8958,0.00119187339967486
985,2023-01-18,-0.00992484535441562,0.1,0.9708,0.4226,0.886,-0.00833919705765681
986,2023-01-19,0.0197521553837881,0.0176000000000001,0.9455,0.407,0.8952,0.00342234473226636
987,2023-01-20,0.0246156687977743,-0.0517000000000001,1.0158,0.4597,0.8811,0.00421139246525245
993,2023-01-30,-0.0377171795667763,-0.0286999999999999,1.0875,0.5392,0.8961,-0.00876219736597889
994,2023-01-31,-0.00626961301359552,-0.0402,1.1121,0.5784,0.912,0.0214094939910221
995,2023-02-01,0.0220814445296829,0.0291999999999999,1.0953,0.5472,0.893,-0.00247575318880019
996,2023-02-02,-0.0198826058865689,0.00710000000000011,1.0751,0.5381,0.9063,0.00552740606390013
997,2023-02-03,-0.0247789043585827,0.0287999999999999,1.0436,0.5063,0.909,-0.00622828439356419
998,2023-02-06,-0.0152328338411247,0.0234000000000001,1.0276,0.4849,0.89,-0.0120666247758065
999,2023-02-07,0.00845533492703776,0.0310999999999999,0.9912,0.4548,0.8874,0.0125813302875864
1000,2023-02-08,-0.0140227310006695,0.0993000000000002,0.8928,0.3605,0.8837,-0.000726555746450516
1001,2023-02-09,0.0185461635924868,0.00149999999999961,0.8852,0.364,0.8804,0.00438357251326286
1002,2023-02-10,-0.0287789645500434,-0.0209999999999997,0.9153,0.386,0.8631,0.00534349960459875
1003,2023-02-13,0.0164531516740412,0,0.9093,0.386,0.8523,0.00364499763643046
1004,2023-02-14,-0.00918039234496115,-0.00340000000000007,0.9098,0.3914,0.8512,-0.00157147918165545
1005,2023-02-15,-0.00793654959573642,0.0490000000000002,0.8612,0.3484,0.8414,-0.00968277548281676
1006,2023-02-16,0.000663790266656417,0.000399999999999956,0.8597,0.352,0.8195,-0.0114483875869543
1007,2023-02-17,-0.020446497442518,0.0118999999999998,0.8491,0.3421,0.8131,-0.002427746161579
1008,2023-02-21,-0.0115805108898077,0.0294000000000003,0.8177,0.2957,0.8033,0.00738550710340449
1009,2023-02-22,-0.00860146366268566,-0.000500000000000167,0.8167,0.3022,0.7948,-0.00358820421382343
1010,2023-02-23,-0.00554401974411611,0.00329999999999986,0.8179,0.3019,0.7896,0.00364831057456208
1011,2023-02-24,-0.0306956539109908,-0.0461,0.8546,0.358,0.795,-0.00540090954304044
1012,2023-02-27,0.0131697934801411,-0.00129999999999963,0.855,0.3663,0.8059,0.00179191960953183
1013,2023-02-28,-0.0113799236627625,0.00380000000000003,0.8412,0.3765,0.8081,0.00781371219722615
