ticker,GDBR1 INDEX,MXEU0RE INDEX,SXXP INDEX,V2X INDEX,BTPSDBR10,EUAggCorp10,DBR0110
2016-01-04,-0.381,164.88,356.66,26.998,0.983,0.8537,0.947
2016-01-05,-0.397,166.93,358.88,26.2087,0.959,0.8592,0.937
2016-01-06,-0.404,164.82,354.35,26.309,0.979,0.8881,0.907
2016-01-07,-0.397,160.76,346.51,29.7899,1.014,0.8986,0.936
2016-01-08,-0.403,158.41,341.35,30.4005,1.014,0.9073,0.917
2016-01-11,-0.399,158.59,340.23,30.2182,1.044,0.9042,0.94
2016-01-12,-0.4,159.84,343.22,28.5388,1.08,0.9347,0.933
2016-01-13,-0.391,160.4,344.63,28.1348,0.99,0.897,0.958
2016-01-14,-0.389,157.75,339.42,29.939,1.002,0.9398,0.963
2016-01-15,-0.384,154.05,329.84,34.5856,1.026,0.9747,0.924
2016-01-18,-0.38,153.07,328.64,34.325,1.028,1.0179,0.917
2016-01-19,-0.381,154.21,332.93,30.7571,1.01,1.0079,0.93
2016-01-20,-0.394,149.96,322.29,35.1133,1.168,1.0843,0.876
2016-01-21,-0.425,152.73,328.51,31.7894,1.112,1.0887,0.876
2016-01-22,-0.421,159.26,338.36,28.3356,1.09,1.0197,0.905
2016-01-25,-0.396,159.75,336.27,28.4443,1.088,1.0137,0.867
2016-01-26,-0.403,159.59,339.2,28.1187,1.062,1.0229,0.849
2016-01-27,-0.42,158.17,340.24,27.7832,1.055,1.0122,0.863
2016-01-28,-0.413,157.11,334.89,29.8315,1.11,1.018,0.817
2016-01-29,-0.445,161.68,342.27,27.389,1.09,1.0342,0.77
2016-02-01,-0.436,162,341.61,27.3303,1.118,1.0424,0.787
2016-02-02,-0.455,159.69,334.59,29.1542,1.18,1.0918,0.762
2016-02-03,-0.467,160.09,329.43,30.7369,1.163,1.1214,0.742
2016-02-04,-0.457,158.29,328.76,29.6423,1.231,1.1161,0.76
2016-02-05,-0.461,155.69,325.9,30.0529,1.259,1.1239,0.757
2016-02-08,-0.466,150.22,314.36,33.3917,1.46,1.2062,0.684
2016-02-09,-0.489,147.58,309.39,33.9664,1.451,1.23,0.722
2016-02-10,-0.501,151.87,315.19,33.4528,1.397,1.2239,0.743
2016-02-11,-0.507,146.34,303.58,38.3051,1.526,1.2835,0.695
2016-02-12,-0.492,148.53,312.41,35.6846,1.389,1.2558,0.753
2016-02-15,-0.507,153.18,321.76,33.9154,1.364,1.2401,0.744
2016-02-16,-0.502,152.12,320.37,33.5213,1.358,1.2117,0.768
2016-02-17,-0.492,155.53,328.77,30.4983,1.333,1.1957,0.761
2016-02-18,-0.507,156.18,328.91,30.9172,1.336,1.1717,0.725
2016-02-19,-0.511,157.12,326.37,31.2656,1.362,1.1812,0.713
2016-02-22,-0.477,157.39,331.82,29.9498,1.343,1.1827,0.653
2016-02-23,-0.475,155.08,327.78,30.5366,1.348,1.1811,0.658
2016-02-24,-0.45,151.05,320.23,33.1178,1.38,1.2037,0.604
2016-02-25,-0.455,153.83,326.54,31.0305,1.375,1.2044,0.593
2016-02-26,-0.469,154.41,331.54,29.2756,1.326,1.1814,0.616
2016-02-29,-0.484,156.22,333.92,29.7298,1.316,1.1824,0.591
2016-03-01,-0.472,158.67,338.72,28.5424,1.235,1.153,0.618
2016-03-02,-0.472,159.4,340.97,27.1243,1.254,1.0923,0.678
2016-03-03,-0.508,159.72,339.42,26.5186,1.253,1.095,0.677
2016-03-04,-0.494,160.04,341.8,24.5116,1.224,1.0491,0.732
2016-03-07,-0.493,158.53,340.93,26.2052,1.236,1.0431,0.717
2016-03-08,-0.497,157.01,337.48,27.8475,1.238,1.0674,0.679
2016-03-09,-0.494,156.69,339.14,28.0607,1.17,1.054,0.734
2016-03-10,-0.462,157.52,333.5,28.1781,1.155,1.014,0.768
2016-03-11,-0.473,162.63,342.23,24.1107,1.056,0.9155,0.744
2016-03-14,-0.47,165.42,344.66,22.9607,1.027,0.8544,0.749
2016-03-15,-0.472,165.07,340.86,23.2425,1.051,0.8666,0.788
2016-03-16,-0.472,165.9,341,23.0994,1.023,0.8734,0.783
2016-03-17,-0.464,167.96,340.68,22.7536,1.039,0.9384,0.694
2016-03-18,-0.479,167.51,341.71,20.6567,1.049,0.945,0.691
2016-03-21,-0.46,167.6,340.82,21.8265,1.023,0.9158,0.69
2016-03-22,-0.455,165.92,340.3,22.0365,1.043,0.9177,0.666
2016-03-23,-0.462,165.09,340.07,22.0971,1.101,0.9228,0.656
2016-03-24,-0.455,162.46,335.1,24.6287,1.122,0.9377,0.635
2016-03-25,-0.455,162.46,335.1,24.6287,1.122,0.9377,0.635
2016-03-28,-0.455,162.62,335.1,24.6287,1.122,0.9377,0.635
2016-03-29,-0.471,165.63,336.79,24.9043,1.1,0.9517,0.608
2016-03-30,-0.458,167.27,341.18,22.6443,1.058,0.9373,0.614
2016-03-31,-0.453,166.21,337.54,23.4487,1.068,0.9327,0.606
2016-04-01,-0.453,164.19,333.15,25.1088,1.086,0.9451,0.587
2016-04-04,-0.455,165.05,334.49,24.509,1.107,0.928,0.586
2016-04-05,-0.458,164.37,328.15,26.623,1.173,0.937,0.556
2016-04-06,-0.479,165.3,330.65,25.1686,1.166,0.9178,0.598
2016-04-07,-0.481,164.24,328.1,26.1571,1.3,0.9404,0.57
2016-04-08,-0.501,166.4,331.86,24.8054,1.216,0.944,0.596
2016-04-11,-0.5,167.54,332.87,24.8863,1.228,0.9334,0.611
2016-04-12,-0.515,166.5,334.64,24.0775,1.214,0.8989,0.68
2016-04-13,-0.519,169.2,343.06,22.3118,1.17,0.9256,0.647
2016-04-14,-0.509,167.1,343.99,20.6302,1.188,0.894,0.676
2016-04-15,-0.506,165.81,342.79,20.5487,1.207,0.912,0.633
2016-04-18,-0.518,165.49,344.2,21.2846,1.188,0.8905,0.679
2016-04-19,-0.52,166.7,349.24,20.3617,1.233,0.8743,0.689
2016-04-20,-0.528,167.04,350.75,19.8831,1.242,0.8722,0.681
2016-04-21,-0.539,163.87,349.59,20.3114,1.223,0.8067,0.778
2016-04-22,-0.531,161.85,348.46,20.6022,1.243,0.778,0.762
2016-04-25,-0.487,163.72,346.68,21.8388,1.268,0.7528,0.751
2016-04-26,-0.486,165.94,347.31,21.2816,1.237,0.7449,0.785
2016-04-27,-0.483,165.72,348.32,21.2843,1.233,0.7549,0.769
2016-04-28,-0.495,166.36,348.9,20.8538,1.226,0.7723,0.752
2016-04-29,-0.493,164.51,341.48,24.033,1.218,0.7842,0.764
2016-05-02,-0.495,165.32,341.24,25.1167,1.206,0.7882,0.762
2016-05-03,-0.491,164.11,335.56,26.4095,1.256,0.8202,0.691
2016-05-04,-0.493,162.83,331.8,27.0373,1.298,0.8305,0.697
2016-05-05,-0.495,164.27,332.86,25.9343,1.334,0.8564,0.656
2016-05-06,-0.504,164.74,331.67,25.1235,1.35,0.8644,0.648
2016-05-09,-0.499,167.03,333.22,24.956,1.336,0.8822,0.625
2016-05-10,-0.499,166.98,336.24,23.891,1.384,0.8925,0.623
2016-05-11,-0.511,164.92,334.74,23.8595,1.347,0.8987,0.637
2016-05-12,-0.504,163.86,333.11,24.4471,1.352,0.8986,0.658
2016-05-13,-0.514,165.46,334.68,23.5957,1.349,0.9237,0.638
2016-05-16,-0.518,165.48,334.73,24.2125,1.334,0.9123,0.661
2016-05-17,-0.518,166.34,334.72,24.474,1.321,0.9159,0.65
2016-05-18,-0.519,166.3,337.58,23.2967,1.326,0.9022,0.687
2016-05-19,-0.536,164.72,333.91,24.3817,1.324,0.9127,0.706
2016-05-20,-0.531,167.04,338.01,22.6043,1.307,0.9226,0.696
2016-05-23,-0.525,167.01,336.69,23.2929,1.303,0.9139,0.701
2016-05-24,-0.526,170.85,344.12,21.7857,1.246,0.9046,0.703
2016-05-25,-0.527,170.46,348.56,21.0604,1.201,0.9026,0.679
2016-05-26,-0.529,171.44,348.91,20.819,1.229,0.894,0.675
2016-05-27,-0.531,172.24,349.64,20.4629,1.217,0.8998,0.669
2016-05-30,-0.537,172.3,350.14,20.9441,1.197,0.8708,0.704
2016-05-31,-0.533,170.07,347.45,22.1149,1.217,0.8919,0.672
2016-06-01,-0.53,168.45,344.12,23.9317,1.246,0.8963,0.666
2016-06-02,-0.529,167.86,344.35,23.1068,1.26,0.9141,0.643
2016-06-03,-0.529,169,341.29,23.5541,1.265,0.9262,0.597
2016-06-06,-0.533,169.03,342.41,24.0527,1.382,0.9028,0.619
2016-06-07,-0.524,170.89,346.26,23.3496,1.372,0.9182,0.574
2016-06-08,-0.533,171.23,344.56,24.3166,1.337,0.9071,0.588
2016-06-09,-0.528,171.37,341.25,25.8413,1.351,0.9155,0.561
2016-06-10,-0.538,167.61,332.92,30.2251,1.363,0.9267,0.558
2016-06-13,-0.538,165.09,326.8,34.3644,1.431,0.9366,0.562
2016-06-14,-0.548,161.51,320.53,38.3353,1.511,0.9626,0.544
2016-06-15,-0.551,162.37,323.63,37.6871,1.508,0.9637,0.541
2016-06-16,-0.552,160.91,321.29,39.8975,1.566,0.9882,0.528
2016-06-17,-0.555,162.09,325.78,38.0273,1.493,0.9513,0.574
2016-06-20,-0.543,169.21,337.67,34.2207,1.381,0.9205,0.594
2016-06-21,-0.542,171.23,340.04,34.4684,1.397,0.911,0.592
2016-06-22,-0.55,171.59,341.32,36.0375,1.374,0.9019,0.611
2016-06-23,-0.538,173.3,346.34,32.0555,1.307,0.8703,0.631
2016-06-24,-0.637,157.24,321.98,35.4279,1.604,1.0609,0.59
2016-06-27,-0.595,151.53,308.75,34.9988,1.625,1.1302,0.479
2016-06-28,-0.601,156.01,316.7,31.0147,1.511,1.0909,0.489
2016-06-29,-0.601,160.27,326.49,28.553,1.497,1.071,0.475
2016-06-30,-0.619,160.86,329.88,26.0765,1.388,1.0482,0.489
2016-07-01,-0.6,161.43,332.24,25.0196,1.356,1.0068,0.474
2016-07-04,-0.627,157.89,329.78,24.9798,1.388,0.9862,0.486
2016-07-05,-0.631,154.25,324.17,26.7055,1.447,1.0056,0.446
2016-07-06,-0.624,150.84,318.76,28.2579,1.419,1.0012,0.448
2016-07-07,-0.621,152.49,322.12,26.545,1.413,0.9928,0.451
2016-07-08,-0.631,156.87,327.35,24.6151,1.383,0.9874,0.442
2016-07-11,-0.632,161.03,332.72,23.5704,1.371,0.9493,0.464
2016-07-12,-0.607,160.41,336.26,22.3198,1.316,0.8682,0.516
2016-07-13,-0.63,160.66,335.83,23.0918,1.27,0.7943,0.568
2016-07-14,-0.617,161.67,338.5,21.8141,1.258,0.7756,0.577
2016-07-15,-0.597,161.77,337.92,20.92,1.249,0.7369,0.603
2016-07-18,-0.616,162.05,338.7,20.8355,1.267,0.7358,0.6
2016-07-19,-0.619,163.29,337.32,21.0119,1.265,0.7434,0.589
2016-07-20,-0.621,165.48,340.81,20.345,1.252,0.7236,0.61
2016-07-21,-0.597,165.04,340.58,19.4501,1.262,0.7358,0.58
2016-07-22,-0.602,166.28,340.33,19.1159,1.264,0.7371,0.572
2016-07-25,-0.591,167.95,340.93,19.918,1.277,0.7295,0.55
2016-07-26,-0.586,168.44,341.26,20.1355,1.276,0.7275,0.559
2016-07-27,-0.59,168.79,342.74,20.5334,1.291,0.7552,0.511
2016-07-28,-0.586,168.82,339.47,20.9929,1.289,0.7786,0.496
2016-07-29,-0.602,171.06,341.89,20.2451,1.288,0.7851,0.483
2016-08-01,-0.608,171.06,339.86,20.3298,1.279,0.7762,0.51
2016-08-02,-0.597,169.62,335.47,23.1234,1.252,0.7499,0.561
2016-08-03,-0.595,168.68,335.58,22.9514,1.256,0.7517,0.557
2016-08-04,-0.592,170.62,337.84,21.4128,1.241,0.7669,0.497
2016-08-05,-0.597,171.39,341.38,19.3019,1.204,0.743,0.53
2016-08-08,-0.607,170.7,341.53,18.9378,1.187,0.724,0.542
2016-08-09,-0.61,171.46,344.67,18.2898,1.196,0.7204,0.534
2016-08-10,-0.613,171.58,343.98,19.1902,1.185,0.7308,0.504
2016-08-11,-0.61,171.59,346.66,18.3588,1.153,0.7215,0.517
2016-08-12,-0.611,172.67,346.09,17.8981,1.15,0.7348,0.503
2016-08-15,-0.606,172.37,346.05,18.8343,1.132,0.7189,0.532
2016-08-16,-0.604,170.09,343.32,20.0679,1.147,0.691,0.574
2016-08-17,-0.605,168.89,340.47,21.1903,1.166,0.7027,0.555
2016-08-18,-0.605,170.31,342.91,20.3198,1.157,0.7229,0.523
2016-08-19,-0.603,169.59,340.14,21.1313,1.166,0.6888,0.571
2016-08-22,-0.595,170.11,340.43,21.6649,1.194,0.7268,0.505
2016-08-23,-0.58,171.74,343.6,20.2231,1.215,0.724,0.485
2016-08-24,-0.589,171.67,344.93,19.8311,1.215,0.7215,0.5
2016-08-25,-0.591,170.58,342.02,20.4096,1.202,0.7123,0.521
2016-08-26,-0.591,170.11,343.72,19.4893,1.206,0.7007,0.519
2016-08-29,-0.596,170.07,343.2,20.1851,1.203,0.7117,0.513
2016-08-30,-0.599,170.14,344.75,19.3723,1.197,0.7106,0.508
2016-08-31,-0.602,170.55,343.53,19.4166,1.21,0.6984,0.537
2016-09-01,-0.596,171.88,343.66,20.0636,1.238,0.7076,0.53
2016-09-02,-0.589,172.98,350.44,18.2963,1.214,0.6967,0.546
2016-09-05,-0.59,172.38,350.62,18.411,1.207,0.6838,0.542
2016-09-06,-0.6,172.53,349.46,19.0847,1.199,0.7082,0.489
2016-09-07,-0.61,172.9,350.46,18.5743,1.197,0.703,0.493
2016-09-08,-0.593,171.42,349.32,17.8149,1.216,0.6861,0.531
2016-09-09,-0.595,166.45,345.52,19.2991,1.237,0.6554,0.606
2016-09-12,-0.588,165.69,342.23,21.8999,1.239,0.6608,0.626
2016-09-13,-0.596,163.31,338.72,22.7814,1.25,0.631,0.667
2016-09-14,-0.599,163.04,338.42,22.2142,1.273,0.6708,0.62
2016-09-15,-0.596,162.38,340.34,20.5507,1.301,0.6685,0.628
2016-09-16,-0.602,162.68,337.82,21.3052,1.335,0.6833,0.609
2016-09-19,-0.605,163.41,341.27,20.3183,1.296,0.6811,0.621
2016-09-20,-0.608,164.62,341,20.6992,1.269,0.7099,0.59
2016-09-21,-0.609,163.41,342.46,20.0923,1.28,0.707,0.611
2016-09-22,-0.609,167.16,347.86,17.2703,1.285,0.7501,0.513
2016-09-23,-0.615,166.67,345.34,16.8292,1.296,0.7376,0.533
2016-09-26,-0.601,165.47,340,20.2181,1.3,0.7584,0.485
2016-09-27,-0.641,166.91,340.19,20.6567,1.347,0.7666,0.502
2016-09-28,-0.667,166.62,342.57,19.6948,1.328,0.7681,0.522
2016-09-29,-0.663,164.86,342.72,19.9598,1.328,0.7675,0.546
2016-09-30,-0.649,165.41,342.92,19.7693,1.307,0.7824,0.53
2016-10-03,-0.658,164.83,343.23,20.3951,1.359,0.7694,0.565
2016-10-04,-0.655,163.3,346.1,19.2097,1.36,0.7261,0.601
2016-10-05,-0.657,157.97,344.2,19.4441,1.366,0.7173,0.652
2016-10-06,-0.662,154.84,342.82,19.1722,1.36,0.7349,0.644
2016-10-07,-0.665,153.11,339.64,20.0387,1.363,0.7053,0.685
2016-10-10,-0.682,153.64,341.98,19.2601,1.34,0.6836,0.738
2016-10-11,-0.687,152.56,340.17,19.8788,1.351,0.7074,0.712
2016-10-12,-0.697,151.12,338.56,20.1318,1.351,0.6852,0.764
2016-10-13,-0.704,153.4,335.62,20.9273,1.34,0.7028,0.742
2016-10-14,-0.704,154.29,339.95,19.4618,1.322,0.6803,0.762
2016-10-17,-0.708,152.73,337.42,20.6231,1.345,0.6759,0.763
2016-10-18,-0.708,155.77,342.48,19.069,1.347,0.6791,0.743
2016-10-19,-0.694,155.74,343.64,18.0718,1.355,0.6767,0.724
2016-10-20,-0.694,157.45,344.29,17.2172,1.366,0.6916,0.697
2016-10-21,-0.669,157.02,344.29,16.599,1.368,0.6947,0.675
2016-10-24,-0.687,157.76,344.26,17.7055,1.368,0.6835,0.71
2016-10-25,-0.684,157.87,343.07,18.2257,1.353,0.6774,0.714
2016-10-26,-0.685,154.32,341.76,18.674,1.373,0.6637,0.77
2016-10-27,-0.686,151.38,341.71,18.7315,1.361,0.6254,0.856
2016-10-28,-0.679,151.77,340.8,19.2694,1.418,0.6306,0.846
2016-10-31,-0.685,152.52,338.97,21.4449,1.5,0.6275,0.848
2016-11-01,-0.678,149.52,335.33,23.4631,1.573,0.6305,0.857
2016-11-02,-0.682,150.62,331.55,23.6546,1.533,0.6524,0.813
2016-11-03,-0.654,151.54,331.56,24.6804,1.536,0.6494,0.812
2016-11-04,-0.659,150.01,328.8,25.2078,1.619,0.6602,0.794
2016-11-07,-0.661,151.85,333.84,24.6196,1.552,0.6453,0.815
2016-11-08,-0.658,152.26,334.91,24.9341,1.533,0.6266,0.846
2016-11-09,-0.662,151.17,339.81,21.1011,1.55,0.6186,0.865
2016-11-10,-0.658,146.33,338.88,21.0959,1.623,0.6036,0.932
2016-11-11,-0.66,148.05,337.5,21.9585,1.712,0.6059,0.968
2016-11-14,-0.682,146.15,338.23,22.1941,1.76,0.634,1.001
2016-11-15,-0.697,148.61,339.16,20.6381,1.655,0.6283,1.005
2016-11-16,-0.701,147.53,338.47,21.1147,1.736,0.6686,0.998
2016-11-17,-0.705,149.62,340.6,19.9481,1.815,0.692,0.984
2016-11-18,-0.738,148.7,339.39,20.3697,1.821,0.7222,1.01
2016-11-21,-0.748,148.41,340.23,20.5539,1.796,0.7191,1.022
2016-11-22,-0.786,149.4,341.02,20.2468,1.804,0.7189,1.007
2016-11-23,-0.769,149.54,340.77,20.1928,1.855,0.7114,1.031
2016-11-24,-0.803,149.47,341.84,20.0292,1.872,0.6917,1.062
2016-11-25,-0.811,149.98,342.45,20.4086,1.848,0.7024,1.051
2016-11-28,-0.818,150.62,339.83,22.533,1.863,0.7106,1.023
2016-11-29,-0.815,151,340.95,21.7987,1.723,0.7182,1.036
2016-11-30,-0.803,149.77,341.99,21.4372,1.713,0.6859,1.078
2016-12-01,-0.794,146.54,340.86,22.6014,1.681,0.6229,1.163
2016-12-02,-0.786,147.74,339.36,22.6159,1.621,0.7111,1.067
2016-12-05,-0.755,146.73,341.27,18.9556,1.651,0.6918,1.088
2016-12-06,-0.743,148.31,344.57,17.6341,1.57,0.6699,1.116
2016-12-07,-0.723,149.77,347.7,17.1436,1.54,0.6762,1.07
2016-12-08,-0.764,150.14,351.96,16.1593,1.615,0.6236,1.146
2016-12-09,-0.762,153.89,355.38,16.6203,1.675,0.6059,1.127
2016-12-12,-0.743,151.71,353.74,16.9318,1.596,0.5963,1.142
2016-12-13,-0.736,154.45,357.5,16.8704,1.514,0.6044,1.096
2016-12-14,-0.761,153.88,355.72,17.1147,1.494,0.6316,1.062
2016-12-15,-0.778,152.04,358.79,15.8633,1.461,0.5938,1.143
2016-12-16,-0.813,153.66,360.02,15.098,1.559,0.6195,1.127
2016-12-19,-0.832,155.04,359.59,15.1177,1.572,0.6452,1.079
2016-12-20,-0.843,155.63,361.32,14.8754,1.57,0.634,1.112
2016-12-21,-0.839,156.28,360.56,14.7373,1.575,0.6486,1.086
2016-12-22,-0.82,155.81,359.82,14.8767,1.592,0.6423,1.08
2016-12-23,-0.802,156.78,359.98,15.0936,1.601,0.6637,1.023
2016-12-26,-0.802,156.78,359.98,15.0936,1.601,0.6637,1.023
2016-12-27,-0.841,157.34,360.48,16.718,1.639,0.6777,1.048
2016-12-28,-0.838,155.43,361.53,17.0648,1.617,0.6585,1.033
2016-12-29,-0.831,156.56,360.26,17.771,1.62,0.6797,1.006
2016-12-30,-0.801,158.39,361.42,18.123,1.607,0.6623,1.009
2017-01-02,-0.774,159.27,363.18,17.9578,1.554,0.6813,0.963
2017-01-03,-0.796,156.66,365.71,17.3519,1.601,0.6348,1.06
2017-01-04,-0.787,157.25,365.26,16.4641,1.593,0.6205,1.063
2017-01-05,-0.743,158.31,365.64,15.9801,1.688,0.6671,0.986
2017-01-06,-0.717,159.03,365.45,15.3421,1.663,0.6355,1.015
2017-01-09,-0.688,156.63,363.67,15.5143,1.615,0.6501,0.966
2017-01-10,-0.679,156.93,364.07,15.3547,1.628,0.6458,0.964
2017-01-11,-0.658,156.85,364.9,15.7011,1.538,0.6016,0.986
2017-01-12,-0.664,155.68,362.51,16.2935,1.577,0.6092,0.98
2017-01-13,-0.678,155.11,365.94,14.8618,1.558,0.5979,1.016
2017-01-16,-0.698,154.32,362.97,15.4655,1.589,0.5939,1.021
2017-01-17,-0.699,154.5,362.42,15.6671,1.594,0.5917,1.02
2017-01-18,-0.673,154.58,363.07,14.8506,1.606,0.5838,1.028
2017-01-19,-0.671,151.76,362.85,14.8475,1.61,0.5769,1.05
2017-01-20,-0.615,151.12,362.58,14.5963,1.602,0.5658,1.036
2017-01-23,-0.628,152.35,361.01,17.1108,1.628,0.5869,0.991
2017-01-24,-0.624,150.87,361.92,16.3083,1.635,0.5559,1.032
2017-01-25,-0.621,150.71,366.59,15.6958,1.647,0.5338,1.085
2017-01-26,-0.605,151.75,367.5,15.6052,1.75,0.5303,1.089
2017-01-27,-0.629,151.12,366.38,15.847,1.765,0.5435,1.091
2017-01-30,-0.62,150.37,362.55,17.4653,1.879,0.5469,1.069
2017-01-31,-0.66,151.23,360.12,17.3682,1.826,0.5526,1.096
2017-02-01,-0.67,152.77,363.2,16.6427,1.845,0.5384,1.138
2017-02-02,-0.689,151.58,361.95,16.1939,1.807,0.5465,1.116
2017-02-03,-0.707,152.37,364.07,15.1332,1.853,0.5531,1.119
2017-02-06,-0.734,151.45,361.6,16.4328,2.006,0.5573,1.104
2017-02-07,-0.763,154.35,362.74,16.9147,2.017,0.5743,1.113
2017-02-08,-0.78,157,363.94,16.831,1.95,0.6015,1.076
2017-02-09,-0.775,157.65,366.79,15.2973,1.861,0.591,1.087
2017-02-10,-0.778,157.22,367.39,15.1125,1.951,0.5855,1.098
2017-02-13,-0.771,156.92,370.13,14.8043,1.894,0.5728,1.102
2017-02-14,-0.799,158.04,370.2,14.6469,1.867,0.5421,1.165
2017-02-15,-0.79,159.11,371.47,14.6829,1.869,0.5355,1.163
2017-02-16,-0.77,158.89,370.1,15.3999,1.807,0.5529,1.119
2017-02-17,-0.789,158.89,370.22,14.8315,1.888,0.5691,1.091
2017-02-20,-0.818,159.56,371.04,14.8906,1.888,0.554,1.114
2017-02-21,-0.833,159.34,373.4,14.5706,1.946,0.5541,1.134
2017-02-22,-0.857,159.39,373.38,14.8577,1.915,0.5458,1.136
2017-02-23,-0.866,160.38,372.85,15.4578,1.992,0.566,1.099
2017-02-24,-0.895,159.88,370.01,15.8552,2.009,0.5849,1.081
2017-02-27,-0.895,158.49,369.52,16.0402,1.936,0.583,1.093
2017-02-28,-0.876,158.71,370.24,16.2849,1.878,0.5857,1.084
2017-03-01,-0.846,159.25,375.69,15.3905,1.842,0.5807,1.128
2017-03-02,-0.847,158.54,375.61,15.2754,1.822,0.5543,1.164
2017-03-03,-0.84,158.31,375.23,15.2708,1.744,0.5486,1.196
2017-03-06,-0.855,157.78,373.27,15.7683,1.823,0.5515,1.197
2017-03-07,-0.898,156.28,372.27,15.3718,1.873,0.5365,1.217
2017-03-08,-0.895,156.16,372.58,14.9751,1.884,0.5316,1.265
2017-03-09,-0.929,156.84,372.89,15.2123,1.886,0.4966,1.355
2017-03-10,-0.921,154,373.23,15.3441,1.882,0.4935,1.406
2017-03-13,-0.9,154.99,374.64,15.5803,1.892,0.5008,1.371
2017-03-14,-0.878,154.37,373.46,15.9737,1.896,0.5133,1.323
2017-03-15,-0.887,154.47,375.1,15.5983,1.887,0.5159,1.302
2017-03-16,-0.868,157.13,377.73,11.5181,1.918,0.503,1.316
2017-03-17,-0.847,157.87,378.32,11.1647,1.922,0.5191,1.282
2017-03-20,-0.834,157.85,377.68,13.0797,1.923,0.5073,1.274
2017-03-21,-0.807,157.71,375.67,13.7745,1.86,0.512,1.266
2017-03-22,-0.82,156.68,374.03,14.5148,1.854,0.5335,1.228
2017-03-23,-0.804,157.68,377.2,15.0982,1.841,0.5292,1.235
2017-03-24,-0.794,157.75,376.51,15.1975,1.821,0.5535,1.197
2017-03-27,-0.749,156.45,375.01,16.3493,1.795,0.5685,1.151
2017-03-28,-0.772,155.43,377.3,15.8635,1.773,0.5633,1.16
2017-03-29,-0.78,156.53,378.53,15.9304,1.793,0.5642,1.124
2017-03-30,-0.746,155.68,380.46,16.1041,1.815,0.5733,1.079
2017-03-31,-0.722,158.65,381.14,16.5221,1.99,0.5766,1.05
2017-04-03,-0.759,157.98,379.29,17.9597,2.046,0.5817,1.036
2017-04-04,-0.773,159.02,380.03,18.005,2.019,0.5935,1.03
2017-04-05,-0.768,159.96,380.09,18.5205,2.013,0.5892,1.026
2017-04-06,-0.772,161.81,380.77,18.8703,2.007,0.5964,1.035
2017-04-07,-0.789,163.05,381.26,19.5373,1.992,0.6037,1.017
2017-04-10,-0.806,162.98,381.25,22.0934,2.034,0.6063,1.013
2017-04-11,-0.817,164.21,381.18,22.9518,2.077,0.6019,1.021
2017-04-12,-0.814,164.78,381.9,22.7155,2.102,0.6186,1.012
2017-04-13,-0.83,164.81,380.58,23.3883,2.13,0.6165,1.017
2017-04-14,-0.83,164.81,380.58,23.3883,2.13,0.6165,1.017
2017-04-17,-0.83,164.93,380.58,23.3883,2.13,0.6165,1.017
2017-04-18,-0.824,165.14,376.35,25.5942,2.105,0.6429,0.98
2017-04-19,-0.799,164.11,377.24,24.2021,2.073,0.6379,1.002
2017-04-20,-0.778,162.71,378.06,24.8992,2.024,0.6126,1.022
2017-04-21,-0.787,161.26,378.12,25.0928,2.009,0.6044,1.04
2017-04-24,-0.718,162.83,386.09,16.2463,1.852,0.5808,1.047
2017-04-25,-0.701,164.53,386.91,15.4196,1.888,0.5353,1.079
2017-04-26,-0.717,164.65,388.73,15.584,1.96,0.53,1.069
2017-04-27,-0.733,164.85,387.79,16.107,1.948,0.5394,1.029
2017-04-28,-0.727,162.97,387.09,17.0495,1.965,0.5193,1.044
2017-05-01,-0.727,162.8,386.64,17.0495,1.965,0.5276,1.044
2017-05-02,-0.723,164.76,389.53,17.2673,1.979,0.5188,1.051
2017-05-03,-0.726,164.85,389.37,17.3982,1.935,0.5102,1.052
2017-05-04,-0.719,164.38,391.98,16.4843,1.859,0.4698,1.113
2017-05-05,-0.708,165.45,394.54,17.0143,1.747,0.4648,1.126
2017-05-08,-0.688,167.49,394.04,14.393,1.825,0.4533,1.106
2017-05-09,-0.696,168.74,395.81,14.0868,1.851,0.4335,1.126
2017-05-10,-0.69,168.35,396.45,14.0655,1.828,0.4327,1.112
2017-05-11,-0.682,169.55,394.39,14.3491,1.862,0.4337,1.114
2017-05-12,-0.692,170.15,395.63,13.8689,1.861,0.4603,1.083
2017-05-15,-0.683,169.89,395.97,14.2041,1.857,0.4457,1.103
2017-05-16,-0.679,169.84,395.91,13.5401,1.802,0.4391,1.114
2017-05-17,-0.687,167.3,391.14,16.1438,1.777,0.4791,1.065
2017-05-18,-0.687,165.24,389.19,17.0825,1.805,0.522,1.03
2017-05-19,-0.682,164.33,391.51,15.4679,1.769,0.5027,1.05
2017-05-22,-0.688,165.98,391.14,14.8259,1.741,0.4828,1.085
2017-05-23,-0.705,164.56,392.02,13.8428,1.712,0.4734,1.115
2017-05-24,-0.715,165.49,392.37,13.8757,1.734,0.4808,1.118
2017-05-25,-0.73,165.36,392.14,13.9599,1.757,0.4964,1.092
2017-05-26,-0.738,165.51,391.35,13.8547,1.769,0.5051,1.069
2017-05-29,-0.763,165.52,391.25,14.1781,1.884,0.5381,1.061
2017-05-30,-0.748,166.03,390.5,14.4715,1.888,0.5126,1.04
2017-05-31,-0.753,165.74,389.99,14.5538,1.899,0.496,1.057
2017-06-01,-0.755,167.58,391.66,13.6227,1.951,0.5129,1.06
2017-06-02,-0.76,168.31,392.55,13.3345,1.987,0.5235,1.034
2017-06-05,-0.749,167.08,392.04,13.9431,1.987,0.5201,1.036
2017-06-06,-0.762,166.82,389.4,14.3862,2.004,0.5346,1.014
2017-06-07,-0.757,167.79,389.18,14.6073,2.031,0.5183,1.026
2017-06-08,-0.756,167.14,389.15,14.0799,1.922,0.5412,1.012
2017-06-09,-0.741,167.11,390.39,13.3926,1.823,0.5434,1.005
2017-06-12,-0.747,165.68,386.62,14.5102,1.771,0.5522,0.996
2017-06-13,-0.718,166.76,388.75,13.5587,1.715,0.5434,0.984
2017-06-14,-0.71,168.05,387.58,13.9464,1.713,0.5618,0.936
2017-06-15,-0.687,166.88,386.05,14.9445,1.685,0.5606,0.969
2017-06-16,-0.686,167.69,388.6,13.7442,1.71,0.5445,0.962
2017-06-19,-0.686,167.3,391.94,13.0325,1.673,0.5348,0.967
2017-06-20,-0.688,165.63,389.21,14.0291,1.647,0.5427,0.95
2017-06-21,-0.684,164.71,388.5,14.1788,1.642,0.5457,0.949
2017-06-22,-0.686,164.24,388.53,14.0328,1.655,0.5575,0.938
2017-06-23,-0.68,165.6,387.62,14.2214,1.661,0.5538,0.935
2017-06-26,-0.676,165.38,389.05,13.6567,1.654,0.556,0.921
2017-06-27,-0.652,163.37,385.98,14.7743,1.69,0.4987,1.022
2017-06-28,-0.666,161.63,385.82,14.8525,1.664,0.5018,1.034
2017-06-29,-0.658,160.4,380.66,17.6032,1.7,0.4735,1.11
2017-06-30,-0.654,160.66,379.37,17.2533,1.692,0.4682,1.12
2017-07-03,-0.67,159.82,383.41,14.4888,1.659,0.4545,1.146
2017-07-04,-0.684,159.34,382.3,14.3929,1.637,0.4296,1.159
2017-07-05,-0.669,159.13,382.99,14.7011,1.689,0.4187,1.139
2017-07-06,-0.652,157.44,380.43,15.4722,1.706,0.3806,1.214
2017-07-07,-0.661,157.39,380.18,15.1824,1.77,0.3612,1.234
2017-07-10,-0.663,158.42,381.64,14.783,1.74,0.3739,1.203
2017-07-11,-0.657,156.53,379.15,14.7732,1.775,0.3761,1.207
2017-07-12,-0.674,158.99,384.9,13.7485,1.68,0.3059,1.253
2017-07-13,-0.655,159.53,386.14,13.1228,1.728,0.2878,1.258
2017-07-14,-0.657,160.83,386.84,12.6504,1.693,0.2917,1.254
2017-07-17,-0.658,159.82,386.86,12.6334,1.656,0.2859,1.239
2017-07-18,-0.666,160.04,382.58,13.6841,1.64,0.2938,1.22
2017-07-19,-0.657,160.61,385.54,13.2685,1.651,0.2933,1.199
2017-07-20,-0.664,160.24,384.07,13.0879,1.584,0.3046,1.194
2017-07-21,-0.659,159.27,380.16,15.3262,1.566,0.3025,1.165
2017-07-24,-0.658,158.67,379.23,15.0827,1.547,0.2922,1.166
2017-07-25,-0.645,158.87,380.77,13.6357,1.58,0.2674,1.211
2017-07-26,-0.641,159.31,382.74,12.9971,1.568,0.262,1.202
2017-07-27,-0.671,160.44,382.32,12.7697,1.559,0.264,1.207
2017-07-28,-0.668,157.99,378.34,13.7331,1.58,0.2614,1.21
2017-07-31,-0.667,157.34,377.85,13.9033,1.551,0.2577,1.21
2017-08-01,-0.663,158.83,380.26,13.4724,1.528,0.2699,1.154
2017-08-02,-0.648,159.28,378.63,13.7531,1.529,0.2671,1.134
2017-08-03,-0.669,159.55,378.93,13.7302,1.535,0.2903,1.122
2017-08-04,-0.675,160.2,382.53,13.0654,1.554,0.2817,1.143
2017-08-07,-0.668,159.46,382.01,13.1992,1.535,0.2797,1.127
2017-08-08,-0.655,159.53,382.65,12.7883,1.531,0.2825,1.129
2017-08-09,-0.673,159.45,379.84,15.0152,1.585,0.3074,1.101
2017-08-10,-0.671,158.56,376.05,18.9131,1.62,0.3207,1.086
2017-08-11,-0.691,156.38,372.14,19.3101,1.649,0.3483,1.073
2017-08-14,-0.7,159.26,376.16,15.6664,1.616,0.3253,1.106
2017-08-15,-0.685,159.29,376.5,14.8801,1.615,0.3149,1.118
2017-08-16,-0.667,159.97,379.09,14.2468,1.602,0.3032,1.112
2017-08-17,-0.679,159.76,376.87,15.3859,1.603,0.3232,1.105
2017-08-18,-0.69,157.62,374.2,17.5746,1.619,0.3273,1.104
2017-08-21,-0.694,157.44,372.72,18.5553,1.633,0.3355,1.094
2017-08-22,-0.69,158.08,375.8,16.412,1.702,0.335,1.09
2017-08-23,-0.691,157.12,373.92,16.2275,1.743,0.347,1.068
2017-08-24,-0.714,156.99,374.51,15.6665,1.736,0.3541,1.09
2017-08-25,-0.701,156.17,374.07,15.3262,1.721,0.3513,1.081
2017-08-28,-0.697,156.15,372.29,15.8508,1.706,0.3553,1.073
2017-08-29,-0.725,155.63,368.42,17.3169,1.724,0.3623,1.067
2017-08-30,-0.727,157.19,371.01,16.468,1.719,0.361,1.086
2017-08-31,-0.731,158.33,373.88,15.6317,1.684,0.3681,1.092
2017-09-01,-0.726,157.46,376.14,14.7167,1.698,0.3634,1.105
2017-09-04,-0.733,157.27,374.17,16.2117,1.672,0.3648,1.099
2017-09-05,-0.752,156.28,373.71,16.4848,1.661,0.3744,1.09
2017-09-06,-0.731,157.3,373.95,16.3786,1.68,0.3836,1.078
2017-09-07,-0.754,158.11,374.95,15.1482,1.617,0.3957,1.061
2017-09-08,-0.766,158.86,375.51,15.199,1.647,0.4028,1.078
2017-09-11,-0.741,160.27,379.43,13.96,1.632,0.3787,1.077
2017-09-12,-0.732,160.08,381.42,13.4464,1.624,0.3501,1.133
2017-09-13,-0.731,159.1,381.34,13.0423,1.639,0.3566,1.132
2017-09-14,-0.725,159.44,381.79,12.2739,1.646,0.3526,1.138
2017-09-15,-0.714,159.1,380.71,12.1972,1.645,0.3537,1.147
2017-09-18,-0.711,158.33,381.95,11.943,1.617,0.3315,1.166
2017-09-19,-0.706,157.53,382.12,11.7216,1.596,0.3271,1.158
2017-09-20,-0.705,157.23,381.98,11.7949,1.628,0.325,1.148
2017-09-21,-0.705,156.62,382.88,11.1906,1.655,0.3306,1.16
2017-09-22,-0.695,156.8,383.22,11.708,1.66,0.3423,1.142
2017-09-25,-0.737,157.8,383.9,12.3663,1.707,0.3442,1.137
2017-09-26,-0.733,158.99,384.03,12.5406,1.715,0.347,1.141
2017-09-27,-0.724,157.69,385.62,12.1282,1.683,0.3114,1.192
2017-09-28,-0.718,157.44,386.36,12.1259,1.643,0.3137,1.197
2017-09-29,-0.717,158.88,388.16,12.1208,1.647,0.32,1.181
2017-10-02,-0.711,158.85,390.13,12.1739,1.705,0.3231,1.162
2017-10-03,-0.724,159.04,390.72,11.8365,1.703,0.3114,1.187
2017-10-04,-0.716,159.07,390.4,12.7752,1.742,0.3209,1.169
2017-10-05,-0.709,158.53,391.03,12.087,1.694,0.3289,1.165
2017-10-06,-0.722,157.29,389.47,12.5055,1.688,0.3271,1.181
2017-10-09,-0.708,157.5,390.21,12.6102,1.67,0.324,1.152
2017-10-10,-0.715,158.1,390.16,13.3944,1.685,0.3223,1.157
2017-10-11,-0.709,158.51,390.15,12.6695,1.7,0.3074,1.172
2017-10-12,-0.702,159.55,390.28,12.3247,1.673,0.3078,1.147
2017-10-13,-0.727,159.6,391.42,11.8458,1.681,0.3193,1.13
2017-10-16,-0.731,160.28,391.41,11.9037,1.663,0.3187,1.103
2017-10-17,-0.731,159.84,390.44,11.6299,1.635,0.3218,1.096
2017-10-18,-0.728,161.12,391.56,11.0514,1.645,0.3064,1.124
2017-10-19,-0.722,160.06,389.11,12.4435,1.634,0.3055,1.117
2017-10-20,-0.724,159.05,390.13,12.2167,1.591,0.2761,1.176
2017-10-23,-0.738,157.76,390.74,12.5904,1.573,0.2787,1.17
2017-10-24,-0.723,157.38,389.33,12.9424,1.585,0.2653,1.199
2017-10-25,-0.711,156.06,387.13,14.5349,1.556,0.2645,1.193
2017-10-26,-0.746,157.68,391.27,12.9159,1.535,0.2949,1.161
2017-10-27,-0.77,159.73,393.43,12.4951,1.567,0.2705,1.153
2017-10-30,-0.751,160.35,393.91,12.8308,1.481,0.2658,1.118
2017-10-31,-0.748,161.84,395.22,11.9864,1.464,0.2595,1.111
2017-11-01,-0.742,161.1,396.77,11.7924,1.431,0.2416,1.115
2017-11-02,-0.742,161.54,394.94,12.0219,1.425,0.2437,1.114
2017-11-03,-0.733,162.72,396.06,11.5635,1.428,0.249,1.097
2017-11-06,-0.752,163.31,396.59,11.6934,1.449,0.2557,1.088
2017-11-07,-0.742,163.08,394.65,12.1337,1.375,0.2589,1.069
2017-11-08,-0.744,164.1,394.45,12.4069,1.42,0.2689,1.07
2017-11-09,-0.722,163.78,390.07,13.9158,1.441,0.2642,1.097
2017-11-10,-0.73,162.99,388.69,14.453,1.436,0.2546,1.14
2017-11-13,-0.73,162.57,386.13,14.3816,1.417,0.2558,1.147
2017-11-14,-0.718,162.16,383.86,15.2348,1.432,0.2747,1.115
2017-11-15,-0.753,161.97,381.96,15.5778,1.46,0.3076,1.129
2017-11-16,-0.741,163.96,384.93,15.0291,1.462,0.307,1.117
2017-11-17,-0.752,163.55,383.8,14.7428,1.475,0.3141,1.113
2017-11-20,-0.743,163.13,386.39,13.7039,1.446,0.3091,1.106
2017-11-21,-0.738,163.57,388.1,12.9355,1.426,0.3155,1.089
2017-11-22,-0.716,163.05,387.06,12.8717,1.416,0.3308,1.065
2017-11-23,-0.714,163.52,387.12,12.7296,1.436,0.3334,1.061
2017-11-24,-0.722,162.99,386.63,12.8582,1.451,0.3196,1.082
2017-11-27,-0.724,163.53,384.87,13.5459,1.442,0.3193,1.066
2017-11-28,-0.719,163.56,387.02,12.8773,1.44,0.3197,1.058
2017-11-29,-0.705,162.92,387.96,13.5436,1.407,0.3065,1.09
2017-11-30,-0.717,163.51,386.69,13.4708,1.381,0.3187,1.084
2017-12-01,-0.736,162.76,383.97,16.0124,1.411,0.34,1.041
2017-12-04,-0.719,164.37,387.47,13.7242,1.372,0.3137,1.063
2017-12-05,-0.753,166.29,386.74,13.1587,1.386,0.3221,1.073
2017-12-06,-0.756,166.27,386.32,13.9107,1.432,0.3306,1.051
2017-12-07,-0.773,167.39,386.41,13.4513,1.385,0.326,1.066
2017-12-08,-0.735,168.83,389.25,12.8484,1.344,0.3251,1.042
2017-12-11,-0.729,168.07,389.05,12.9236,1.362,0.335,1.022
2017-12-12,-0.725,166.53,391.63,12.4734,1.394,0.3242,1.039
2017-12-13,-0.74,166.21,390.7,12.7344,1.483,0.3199,1.054
2017-12-14,-0.753,166.7,388.91,12.2635,1.478,0.3313,1.069
2017-12-15,-0.773,167.82,388.19,11.792,1.511,0.3459,1.074
2017-12-18,-0.761,170,392.66,10.6783,1.493,0.3448,1.07
2017-12-19,-0.767,170.14,391.02,11.197,1.534,0.3126,1.146
2017-12-20,-0.738,168.27,388.37,12.5108,1.533,0.3159,1.143
2017-12-21,-0.698,168,390.69,11.7371,1.49,0.3171,1.115
2017-12-22,-0.706,167.48,390.28,12.0057,1.492,0.3171,1.126
2017-12-25,-0.705,167.48,390.28,12.0057,1.492,0.3171,1.125
2017-12-26,-0.705,167.35,390.28,12.0057,1.492,0.3171,1.125
2017-12-27,-0.701,168.49,390.54,12.7143,1.535,0.3341,1.086
2017-12-28,-0.596,168.9,389.54,13.6229,1.532,0.3298,1.02
2017-12-29,-0.638,169.19,389.18,13.5114,1.589,0.3248,1.065
2018-01-01,-0.638,169.19,389.18,13.5114,1.589,0.3248,1.065
2018-01-02,-0.582,167.68,388.35,13.3676,1.628,0.3018,1.049
2018-01-03,-0.609,169.26,390.22,12.1367,1.625,0.3077,1.051
2018-01-04,-0.602,167.97,393.68,11.4105,1.58,0.314,1.036
2018-01-05,-0.587,169.61,397.35,11.1245,1.567,0.2946,1.026
2018-01-08,-0.575,171.33,398.41,11.4954,1.553,0.2879,1.006
2018-01-09,-0.591,170.96,400.11,11.262,1.569,0.2689,1.057
2018-01-10,-0.629,167.41,398.6,11.759,1.495,0.2071,1.172
2018-01-11,-0.541,164.29,397.25,11.3595,1.47,0.2257,1.122
2018-01-12,-0.574,165.49,398.49,10.9024,1.402,0.2271,1.155
2018-01-15,-0.573,164.78,397.83,11.0727,1.415,0.2106,1.16
2018-01-16,-0.603,166.91,398.35,11.3466,1.409,0.2094,1.165
2018-01-17,-0.571,167.58,397.97,11.9473,1.438,0.2033,1.133
2018-01-18,-0.6,166.66,398.73,11.9883,1.416,0.1962,1.173
2018-01-19,-0.601,167.24,400.88,11.8533,1.395,0.1829,1.169
2018-01-22,-0.564,166.99,402.11,11.9678,1.356,0.1679,1.131
2018-01-23,-0.578,168.32,402.81,11.9508,1.328,0.17,1.139
2018-01-24,-0.572,167.32,400.79,12.3924,1.321,0.1547,1.16
2018-01-25,-0.562,165.21,398.56,12.691,1.351,0.1597,1.174
2018-01-26,-0.555,166.79,400.57,12.4779,1.378,0.163,1.184
2018-01-29,-0.54,165.49,399.8,13.2927,1.332,0.1352,1.234
2018-01-30,-0.539,165.48,396.12,14.811,1.347,0.1354,1.222
2018-01-31,-0.563,166.93,395.46,15.1644,1.332,0.1214,1.26
2018-02-01,-0.567,164.14,393.49,16.1394,1.244,0.0976,1.288
2018-02-02,-0.554,161.88,388.07,17.5594,1.283,0.0787,1.321
2018-02-05,-0.582,158.15,382,18.855,1.29,0.0962000000000001,1.318
2018-02-06,-0.569,154.05,372.79,30.1771,1.296,0.1278,1.261
2018-02-07,-0.564,157.83,380.13,21.3656,1.205,0.0929,1.309
2018-02-08,-0.577,154.54,374.03,32.0402,1.231,0.1025,1.339
2018-02-09,-0.574,153.82,368.61,34.737,1.304,0.127,1.319
2018-02-12,-0.593,154.8,372.93,28.1626,1.28,0.1084,1.35
2018-02-13,-0.586,153.61,370.58,25.9501,1.335,0.1303,1.336
2018-02-14,-0.569,154.53,374.53,20.7053,1.308,0.1348,1.326
2018-02-15,-0.573,153.84,376.51,20.5158,1.301,0.1265,1.337
2018-02-16,-0.548,157.39,380.62,17.7606,1.279,0.1479,1.254
2018-02-19,-0.554,155.9,378.24,19.1283,1.308,0.1253,1.289
2018-02-20,-0.65,157.11,380.51,18.6401,1.334,0.1235,1.385
2018-02-21,-0.638,157.29,381.1,18.6489,1.328,0.1375,1.359
2018-02-22,-0.646,157.46,380.34,18.6903,1.369,0.1497,1.352
2018-02-23,-0.65,159.83,381.16,18.1752,1.414,0.1837,1.303
2018-02-26,-0.643,159.27,383.06,16.7709,1.365,0.1783,1.295
2018-02-27,-0.642,156.77,382.36,17.5944,1.326,0.1627,1.321
2018-02-28,-0.654,156.08,379.63,18.0002,1.318,0.175,1.31
2018-03-01,-0.65,154.99,374.86,20.5673,1.303,0.196,1.294
2018-03-02,-0.643,153.77,367.04,23.386,1.319,0.2038,1.294
2018-03-05,-0.645,156.11,370.87,18.8922,1.36,0.2178,1.288
2018-03-06,-0.647,154.95,371.37,18.6852,1.322,0.2064,1.322
2018-03-07,-0.655,157.24,372.71,18.1546,1.3,0.2218,1.31
2018-03-08,-0.675,159.64,376.62,16.6065,1.357,0.2262,1.303
2018-03-09,-0.664,158.12,378.24,15.4054,1.363,0.2097,1.312
2018-03-12,-0.653,158.66,379.2,15.4002,1.371,0.2035,1.285
2018-03-13,-0.664,157.53,375.49,16.6195,1.375,0.2158,1.283
2018-03-14,-0.655,158.21,374.94,16.9106,1.421,0.2455,1.248
2018-03-15,-0.656,158.88,376.88,15.2246,1.411,0.2904,1.232
2018-03-16,-0.648,158.42,377.71,13.389,1.412,0.301,1.219
2018-03-19,-0.658,160.49,373.68,16.4988,1.396,0.3217,1.227
2018-03-20,-0.637,161.72,375.57,15.3836,1.312,0.3256,1.222
2018-03-21,-0.627,161.35,374.96,14.8531,1.341,0.3236,1.219
2018-03-22,-0.654,160.71,369.15,18.551,1.357,0.3534,1.183
2018-03-23,-0.639,159.41,365.82,21.0758,1.35,0.3814,1.166
2018-03-26,-0.661,158.17,363.18,22.0543,1.388,0.3879,1.185
2018-03-27,-0.657,159.07,367.57,18.9761,1.371,0.3884,1.161
2018-03-28,-0.651,160.69,369.26,19.6857,1.338,0.3966,1.154
2018-03-29,-0.646,161.63,370.87,17.4364,1.289,0.3914,1.143
2018-03-30,-0.646,161.63,370.87,17.4364,1.289,0.3914,1.143
2018-04-02,-0.646,161.68,370.87,17.4364,1.289,0.3967,1.143
2018-04-03,-0.658,161.02,369.07,18.8146,1.293,0.4062,1.159
2018-04-04,-0.648,161.55,367.33,19.5763,1.242,0.4002,1.148
2018-04-05,-0.626,163.19,376.13,16.9025,1.27,0.3879,1.15
2018-04-06,-0.628,163.24,374.82,17.4368,1.289,0.3945,1.125
2018-04-09,-0.637,163.36,375.3,17.353,1.268,0.3945,1.141
2018-04-10,-0.627,162.68,378.42,16.3164,1.28,0.3948,1.143
2018-04-11,-0.621,161.87,376.18,16.9837,1.304,0.392,1.12
2018-04-12,-0.645,162.01,378.82,15.8108,1.299,0.3766,1.16
2018-04-13,-0.639,163.37,379.2,15.2974,1.286,0.3668,1.15
2018-04-16,-0.643,162.96,377.74,14.5036,1.277,0.3514,1.168
2018-04-17,-0.653,165.25,380.77,13.288,1.252,0.3562,1.16
2018-04-18,-0.639,165.19,381.86,13.0383,1.186,0.3559,1.17
2018-04-19,-0.631,164.34,381.95,13.7415,1.181,0.3265,1.231
2018-04-20,-0.638,164.73,381.84,13.756,1.188,0.3365,1.228
2018-04-23,-0.619,164.08,383.18,13.328,1.159,0.3068,1.255
2018-04-24,-0.622,164.31,383.11,13.4086,1.136,0.3132,1.253
2018-04-25,-0.641,163.91,380.17,14.6576,1.143,0.3144,1.275
2018-04-26,-0.645,166,383.75,13.6785,1.154,0.3346,1.238
2018-04-27,-0.644,166.92,384.64,13.1315,1.17,0.34,1.215
2018-04-30,-0.625,168.41,385.32,13.7154,1.226,0.344,1.184
2018-05-01,-0.625,168.19,385.03,13.7154,1.226,0.3499,1.184
2018-05-02,-0.619,167.59,387.44,13.5282,1.209,0.338,1.2
2018-05-03,-0.62,166.88,384.62,14.4576,1.207,0.3701,1.152
2018-05-04,-0.614,167.02,387.03,13.4198,1.253,0.3751,1.158
2018-05-07,-0.613,168.18,389.51,13.3159,1.227,0.3871,1.145
2018-05-08,-0.619,168.47,390,13.7161,1.305,0.3644,1.18
2018-05-09,-0.619,168.39,392.44,13.3529,1.323,0.3669,1.178
2018-05-10,-0.625,166.83,391.97,12.8229,1.378,0.3605,1.182
2018-05-11,-0.623,167.33,392.4,12.4351,1.313,0.3648,1.182
2018-05-14,-0.618,167.24,392.19,12.6448,1.318,0.3468,1.229
2018-05-15,-0.621,166.12,392.37,12.6765,1.309,0.3324,1.266
2018-05-16,-0.632,165.2,393.21,13.5725,1.511,0.3642,1.238
2018-05-17,-0.611,165.71,395.79,13.0848,1.475,0.351,1.251
2018-05-18,-0.628,166.12,394.67,13.9673,1.65,0.3863,1.207
2018-05-21,-0.648,165.92,395.87,13.7761,1.867,0.4309,1.171
2018-05-22,-0.634,165.83,396.94,12.9845,1.768,0.4206,1.194
2018-05-23,-0.658,165.01,392.58,15.0616,1.894,0.4698,1.165
2018-05-24,-0.655,164,390.54,15.6902,1.927,0.4915,1.127
2018-05-25,-0.654,166,391.08,16.0228,2.055,0.5475,1.06
2018-05-28,-0.661,165.52,389.82,17.7786,2.34,0.6095,1.005
2018-05-29,-0.712,164.35,384.47,20.1545,2.904,0.6688,0.972
2018-05-30,-0.636,166.13,385.49,18.3411,2.544,0.618,1.008
2018-05-31,-0.648,166.6,383.06,17.6547,2.453,0.628,0.989
2018-06-01,-0.637,165.43,386.91,15.6231,2.303,0.6125,1.023
2018-06-04,-0.633,166.88,388.11,14.3641,2.12,0.5755,1.051
2018-06-05,-0.661,167.63,386.89,14.7988,2.42,0.5977,1.03
2018-06-06,-0.643,167.57,386.88,14.7989,2.474,0.573,1.108
2018-06-07,-0.637,166.38,385.94,14.4204,2.578,0.5754,1.121
2018-06-08,-0.676,167.13,385.12,14.9616,2.682,0.5872,1.125
2018-06-11,-0.644,166.59,387.94,13.9917,2.345,0.5747,1.137
2018-06-12,-0.641,166.08,387.53,13.6885,2.371,0.5711,1.132
2018-06-13,-0.644,166.77,388.25,13.198,2.324,0.564,1.126
2018-06-14,-0.658,168.44,393.04,11.4418,2.311,0.5663,1.084
2018-06-15,-0.654,169.11,389.13,12.1297,2.206,0.5611,1.057
2018-06-18,-0.656,167.41,385.91,13.763,2.156,0.5658,1.054
2018-06-19,-0.647,165.92,383.21,14.8685,2.184,0.5865,1.02
2018-06-20,-0.645,167.01,384.29,13.9834,2.172,0.577,1.022
2018-06-21,-0.666,166.29,380.85,16.0901,2.397,0.6032,1.001
2018-06-22,-0.665,167.39,385.01,14.2065,2.357,0.6101,1.002
2018-06-25,-0.671,165.91,377.05,17.8727,2.499,0.6312,0.998
2018-06-26,-0.671,165.07,377.25,17.2411,2.549,0.643,1.011
2018-06-27,-0.668,165.56,379.97,17.1802,2.488,0.6745,0.989
2018-06-28,-0.649,164.71,376.87,18.4191,2.461,0.6923,0.968
2018-06-29,-0.638,165.82,379.93,16.6333,2.378,0.7073,0.94
2018-07-02,-0.657,165.14,376.75,17.9959,2.347,0.7087,0.961
2018-07-03,-0.652,165.64,379.81,16.3909,2.342,0.7186,0.946
2018-07-04,-0.631,166.71,380.05,16.2213,2.349,0.716,0.936
2018-07-05,-0.633,165.48,381.59,15.731,2.431,0.7108,0.932
2018-07-06,-0.65,166.37,382.36,14.7428,2.423,0.6981,0.942
2018-07-09,-0.657,165.89,384.59,14.0711,2.367,0.6868,0.957
2018-07-10,-0.649,166.58,386.25,12.9935,2.351,0.6605,0.969
2018-07-11,-0.625,165.14,381.4,14.5961,2.322,0.6178,0.992
2018-07-12,-0.643,165.13,384.37,13.4596,2.267,0.612,1
2018-07-13,-0.645,165.77,385.03,12.8035,2.211,0.612,0.985
2018-07-16,-0.653,165.42,384.05,13.0323,2.214,0.6023,1.016
2018-07-17,-0.64,164.95,384.98,12.556,2.122,0.6077,0.986
2018-07-18,-0.657,165.65,387.06,11.9617,2.163,0.6075,0.999
2018-07-19,-0.665,164.88,386.18,12.8476,2.176,0.6243,0.995
2018-07-20,-0.66,164.52,385.62,13.7747,2.219,0.6147,1.03
2018-07-23,-0.659,163.31,384.88,14.1892,2.233,0.5947,1.065
2018-07-24,-0.656,164.09,388.18,12.7259,2.288,0.5842,1.053
2018-07-25,-0.656,165.29,387.17,13.5029,2.282,0.5804,1.052
2018-07-26,-0.662,165.6,390.53,12.1361,2.3,0.5616,1.066
2018-07-27,-0.661,166.08,392.08,11.6594,2.34,0.5579,1.064
2018-07-30,-0.651,166.07,390.92,12.7107,2.34,0.5421,1.097
2018-07-31,-0.628,166.18,391.61,12.5596,2.277,0.5372,1.071
2018-08-01,-0.628,165.07,389.84,13.028,2.311,0.5287,1.106
2018-08-02,-0.626,165.51,386.64,14.5051,2.453,0.5341,1.086
2018-08-03,-0.635,167.68,389.16,13.3973,2.519,0.554,1.043
2018-08-06,-0.632,166.73,388.66,13.47,2.516,0.5586,1.021
2018-08-07,-0.633,166.28,390.49,12.6265,2.46,0.5465,1.042
2018-08-08,-0.633,166.57,389.69,12.8654,2.516,0.5487,1.031
2018-08-09,-0.635,166.83,390.05,12.4882,2.523,0.553,1.01
2018-08-10,-0.64,165.44,385.86,15.1113,2.676,0.5914,0.957
2018-08-13,-0.639,165.14,384.91,15.9406,2.791,0.6082,0.95
2018-08-14,-0.639,163.89,384.92,15.861,2.703,0.5966,0.966
2018-08-15,-0.632,163.15,379.7,18.4755,2.865,0.6055,0.936
2018-08-16,-0.633,165.01,381.43,16.2633,2.797,0.6097,0.953
2018-08-17,-0.642,165.23,381.06,16.0982,2.816,0.6155,0.947
2018-08-20,-0.639,165.21,383.23,14.5019,2.712,0.6194,0.941
2018-08-21,-0.626,165.01,384.15,13.8748,2.657,0.6113,0.957
2018-08-22,-0.611,165.79,384.02,13.8512,2.717,0.6148,0.955
2018-08-23,-0.617,166.11,383.38,13.6438,2.749,0.6291,0.956
2018-08-24,-0.607,165.58,383.56,13.1882,2.807,0.6219,0.952
2018-08-27,-0.59,166.32,385.57,13.1149,2.78,0.5909,0.966
2018-08-28,-0.606,166.9,385.46,13.1602,2.807,0.6254,0.986
2018-08-29,-0.607,168.92,386.58,12.9914,2.721,0.6203,1.011
2018-08-30,-0.624,166.35,385.36,14.1532,2.869,0.6489,0.97
2018-08-31,-0.622,165.67,382.26,15.6343,2.91,0.6735,0.948
2018-09-03,-0.623,163.05,382.51,15.4945,2.828,0.6852,0.956
2018-09-04,-0.599,162.58,379.83,16.3854,2.66,0.6866,0.956
2018-09-05,-0.592,162.73,375.68,17.2886,2.555,0.6981,0.972
2018-09-06,-0.599,161.01,373.47,17.1012,2.703,0.6969,0.954
2018-09-07,-0.588,161.46,373.77,16.4546,2.648,0.6813,0.975
2018-09-10,-0.584,161.54,375.51,15.8948,2.509,0.6721,0.985
2018-09-11,-0.581,161.57,375.31,15.7862,2.513,0.6497,1.011
2018-09-12,-0.583,162.45,377.08,15.3235,2.54,0.6518,0.994
2018-09-13,-0.579,162.03,376.52,14.5934,2.528,0.6374,1.002
2018-09-14,-0.577,161.67,377.85,13.8963,2.532,0.6152,1.027
2018-09-17,-0.582,161.4,378.31,14.5708,2.388,0.6107,1.04
2018-09-18,-0.576,161.93,378.73,14.356,2.31,0.5957,1.056
2018-09-19,-0.583,160.38,379.98,13.5296,2.365,0.5819,1.07
2018-09-20,-0.586,160.91,382.63,13.1843,2.411,0.5906,1.057
2018-09-21,-0.579,159.67,384.29,12.8151,2.368,0.5824,1.041
2018-09-24,-0.571,158.99,382.14,13.7328,2.439,0.5779,1.081
2018-09-25,-0.585,158.69,383.89,13.1636,2.335,0.5679,1.128
2018-09-26,-0.583,159.93,385.04,12.8518,2.333,0.58,1.109
2018-09-27,-0.584,159.93,386.38,13.171,2.359,0.5869,1.113
2018-09-28,-0.591,159.23,383.18,14.7637,2.677,0.611,1.061
2018-10-01,-0.608,159.11,383.94,14.2333,2.828,0.6084,1.079
2018-10-02,-0.606,156.74,381.94,15.4784,3.03,0.6306,1.028
2018-10-03,-0.604,156.97,383.84,14.6064,2.838,0.6042,1.079
2018-10-04,-0.594,152.11,379.68,16.0249,2.798,0.5903,1.125
2018-10-05,-0.596,152.02,376.41,16.6807,2.851,0.5622,1.169
2018-10-08,-0.609,152.26,372.21,17.6264,3.039,0.589,1.138
2018-10-09,-0.6,153.83,372.93,16.9002,2.927,0.5698,1.149
2018-10-10,-0.601,151.56,366.93,18.4029,2.954,0.5791,1.153
2018-10-11,-0.607,149.73,359.65,21.2373,3.046,0.6089,1.125
2018-10-12,-0.616,147.31,358.95,20.2103,3.079,0.6145,1.114
2018-10-15,-0.621,146.2,359.31,19.0703,3.043,0.6066,1.124
2018-10-16,-0.634,150.15,364.99,16.8341,2.962,0.6171,1.125
2018-10-17,-0.643,152.85,363.54,17.0163,3.087,0.625,1.104
2018-10-18,-0.675,152.92,361.67,18.1712,3.27,0.6532,1.091
2018-10-19,-0.669,153.65,361.24,18.7838,3.023,0.6376,1.129
2018-10-22,-0.671,153.1,359.74,19.3581,3.042,0.655,1.119
2018-10-23,-0.656,150.45,354.06,21.3624,3.183,0.6896,1.065
2018-10-24,-0.687,150.21,353.27,21.9772,3.209,0.6898,1.083
2018-10-25,-0.686,151.46,355.07,20.7552,3.094,0.7106,1.084
2018-10-26,-0.685,151.21,352.34,23.7391,3.094,0.742,1.037
2018-10-29,-0.689,151.38,355.51,22.2872,2.96,0.7448,1.066
2018-10-30,-0.688,152.11,355.53,22.2249,3.106,0.7521,1.057
2018-10-31,-0.663,152.15,361.61,20.3038,3.042,0.7429,1.048
2018-11-01,-0.659,152.96,363.08,18.995,2.981,0.748,1.058
2018-11-02,-0.651,152.12,364.08,18.848,2.893,0.7188,1.079
2018-11-05,-0.644,151.45,363.5,18.3296,2.899,0.7178,1.07
2018-11-06,-0.632,152.51,362.55,18.1091,2.963,0.7089,1.066
2018-11-07,-0.64,154.4,366.39,16.4264,2.89,0.6978,1.087
2018-11-08,-0.629,155.17,367.08,15.881,2.939,0.6932,1.086
2018-11-09,-0.633,156.26,365.74,16.3773,2.996,0.724,1.04
2018-11-12,-0.63,155.46,362.03,17.8587,3.04,0.7351,1.028
2018-11-13,-0.645,156.53,364.44,17.029,3.037,0.7565,1.054
2018-11-14,-0.646,156.82,362.27,18.4549,3.092,0.7857,1.044
2018-11-15,-0.667,152.72,358.43,20.1522,3.133,0.8313,1.027
2018-11-16,-0.655,152.73,357.71,18.0762,3.124,0.8665,1.022
2018-11-19,-0.649,151.29,355.11,18.032,3.224,0.8944,1.022
2018-11-20,-0.648,149.29,351.06,19.9622,3.267,0.9558,0.998
2018-11-21,-0.635,151.86,355.07,18.2397,3.095,0.9335,1.011
2018-11-22,-0.642,151.04,352.57,19.2881,3.084,0.9331,1.012
2018-11-23,-0.644,152.67,353.98,18.9738,3.067,0.9408,0.984
2018-11-26,-0.64,153.88,358.33,18.4228,2.908,0.925,1.001
2018-11-27,-0.643,154.4,357.4,18.479,2.939,0.9307,0.993
2018-11-28,-0.641,154.22,357.39,18.5952,2.907,0.9502,0.99
2018-11-29,-0.643,151.95,358.1,18.61,2.883,0.9684,0.964
2018-11-30,-0.634,150.27,357.49,18.4935,2.9,0.9888,0.947
2018-12-03,-0.642,147.72,361.18,16.9152,2.839,0.9971,0.948
2018-12-04,-0.637,147.35,358.43,17.2085,2.893,1.0358,0.9
2018-12-05,-0.633,147.78,354.27,19.0904,2.784,1.0533,0.91
2018-12-06,-0.631,145.7,343.31,24.6155,2.966,1.0821,0.867
2018-12-07,-0.625,147.34,345.45,21.6688,2.883,1.0957,0.874
2018-12-10,-0.617,145.96,338.99,23.6592,2.86,1.1136,0.863
2018-12-11,-0.631,145.74,344.18,21.0925,2.89,1.1143,0.863
2018-12-12,-0.621,148.18,350,19.7254,2.721,1.0746,0.9
2018-12-13,-0.614,147.3,349.42,19.1773,2.671,1.0308,0.899
2018-12-14,-0.63,147.09,347.21,19.1643,2.687,1.0415,0.882
2018-12-17,-0.623,144.85,343.26,19.8187,2.704,1.0381,0.879
2018-12-18,-0.625,144.11,340.46,20.0366,2.694,1.0513,0.869
2018-12-19,-0.609,145,341.52,19.6024,2.533,1.0566,0.848
2018-12-20,-0.611,143.7,336.58,20.733,2.51,1.0709,0.839
2018-12-21,-0.582,143.08,336.67,20.3984,2.581,1.0583,0.832
2018-12-24,-0.584,141.99,335.24,20.3984,2.581,1.0558,0.834
2018-12-25,-0.584,141.99,335.24,20.3984,2.581,1.0558,0.834
2018-12-26,-0.584,141.9,335.24,20.3984,2.581,1.0558,0.834
2018-12-27,-0.636,138.18,329.58,25.6882,2.517,1.0545,0.867
2018-12-28,-0.567,139.06,336.23,23.8643,2.5,1.0578,0.809
2018-12-31,-0.568,139.94,337.65,23.8643,2.5,1.0552,0.81
2019-01-01,-0.568,139.94,337.65,23.8643,2.5,1.0552,0.81
2019-01-02,-0.577,139.33,337.21,23.3924,2.527,1.1201,0.742
2019-01-03,-0.579,139.63,333.92,22.9978,2.707,1.1513,0.732
2019-01-04,-0.574,142.45,343.38,20.4827,2.691,1.1523,0.782
2019-01-07,-0.564,142.61,342.88,20.151,2.678,1.1657,0.785
2019-01-08,-0.577,144.97,345.85,19.4803,2.728,1.1809,0.803
2019-01-09,-0.579,144.59,347.7,18.997,2.6,1.1015,0.858
2019-01-10,-0.571,144.27,348.88,18.6879,2.633,1.12,0.826
2019-01-11,-0.572,146.37,349.2,17.4182,2.615,1.1202,0.811
2019-01-14,-0.556,146.83,347.51,17.8987,2.612,1.1203,0.787
2019-01-15,-0.58,146.78,348.71,16.9334,2.668,1.1097,0.786
2019-01-16,-0.562,147.96,350.59,15.7177,2.531,1.0805,0.786
2019-01-17,-0.568,148.14,350.73,15.4064,2.522,1.0684,0.811
2019-01-18,-0.553,150.01,357.05,14.28,2.468,1.0364,0.815
2019-01-21,-0.547,149.79,356.36,15.385,2.504,1.0283,0.802
2019-01-22,-0.556,149.23,355.09,15.9971,2.505,1.0362,0.792
2019-01-23,-0.559,150.95,354.89,16.4792,2.527,1.0449,0.784
2019-01-24,-0.538,151.57,355.67,15.5603,2.48,1.0537,0.718
2019-01-25,-0.542,153.06,357.84,14.7823,2.456,1.0383,0.735
2019-01-28,-0.526,153.74,354.38,16.1551,2.46,1.0258,0.731
2019-01-29,-0.515,155.83,357.23,16.0456,2.433,1.0232,0.715
2019-01-30,-0.519,157.02,358.51,16.0154,2.411,1.0213,0.707
2019-01-31,-0.513,155.63,358.67,15.1126,2.44,1.0047,0.662
2019-02-01,-0.522,155.35,359.71,13.9879,2.581,0.9827,0.688
2019-02-04,-0.5,155.67,359.92,14.2075,2.557,0.9727,0.677
2019-02-05,-0.495,155.34,364.99,13.5808,2.624,0.9457,0.665
2019-02-06,-0.492,155.17,365.52,13.616,2.698,0.9358,0.654
2019-02-07,-0.484,155.01,360.08,16.1706,2.836,0.9578,0.599
2019-02-08,-0.485,154.03,358.07,16.3132,2.871,0.9898,0.572
2019-02-11,-0.497,155.52,361.12,15.2186,2.78,0.9676,0.617
2019-02-12,-0.498,155.05,362.78,14.2814,2.712,0.9611,0.63
2019-02-13,-0.51,154.25,364.97,13.9695,2.661,0.9602,0.633
2019-02-14,-0.505,152.28,363.8,15.757,2.7,0.9681,0.608
2019-02-15,-0.518,153.09,368.94,14.2944,2.698,0.9656,0.619
2019-02-18,-0.532,153.68,369.78,14.5378,2.656,0.9402,0.642
2019-02-19,-0.528,153.12,368.97,14.6143,2.683,0.9339,0.633
2019-02-20,-0.53,151.93,371.46,14.2742,2.76,0.937,0.63
2019-02-21,-0.527,152.62,370.41,14.3444,2.706,0.9355,0.654
2019-02-22,-0.534,152.17,371.23,13.9767,2.751,0.9475,0.63
2019-02-25,-0.536,151.59,372.18,13.8464,2.665,0.9333,0.644
2019-02-26,-0.542,152.79,373.64,13.8942,2.586,0.9191,0.66
2019-02-27,-0.543,152.42,372.58,14.3497,2.637,0.8926,0.691
2019-02-28,-0.529,152.65,372.8,13.5876,2.569,0.8625,0.712
2019-03-01,-0.523,152.12,374.24,13.3709,2.55,0.8718,0.706
2019-03-04,-0.532,152.19,375.09,13.6499,2.58,0.8781,0.69
2019-03-05,-0.531,152.92,375.64,13.5075,2.539,0.8717,0.699
2019-03-06,-0.533,152.12,375.48,13.4409,2.462,0.8989,0.661
2019-03-07,-0.548,154.16,373.88,13.8671,2.402,0.9252,0.615
2019-03-08,-0.536,155.88,370.57,14.411,2.435,0.9515,0.605
2019-03-11,-0.54,156.11,373.47,14.1546,2.492,0.9355,0.609
2019-03-12,-0.536,156.38,373.25,13.8356,2.485,0.9275,0.591
2019-03-13,-0.549,156.71,375.6,13.9503,2.487,0.9034,0.614
2019-03-14,-0.547,158.55,378.52,13.6478,2.415,0.872,0.633
2019-03-15,-0.545,159.06,381.1,12.9242,2.412,0.862,0.629
2019-03-18,-0.531,159.73,382.11,13.2122,2.371,0.8402,0.614
2019-03-19,-0.532,159.97,384.29,13.0007,2.397,0.8296,0.629
2019-03-20,-0.54,158.88,380.84,14.4778,2.442,0.8416,0.624
2019-03-21,-0.552,159.34,380.69,15.6876,2.415,0.8652,0.593
2019-03-22,-0.558,159.29,376.03,17.6785,2.463,0.8967,0.543
2019-03-25,-0.561,158.33,374.33,17.3356,2.53,0.9258,0.533
2019-03-26,-0.551,160.01,377.2,15.8457,2.482,0.9121,0.536
2019-03-27,-0.577,158.96,377.28,16.3337,2.534,0.9165,0.496
2019-03-28,-0.557,157.41,376.84,16.6715,2.554,0.9207,0.488
2019-03-29,-0.554,157.23,379.09,15.2748,2.558,0.9062,0.484
2019-04-01,-0.552,158.47,383.67,14.7903,2.533,0.869,0.526
2019-04-02,-0.557,158.61,385.03,14.7848,2.574,0.864,0.508
2019-04-03,-0.537,159.29,388.92,14.1923,2.533,0.8299,0.545
2019-04-04,-0.526,158.91,387.87,14.2468,2.525,0.846,0.52
2019-04-05,-0.527,157.69,388.23,13.552,2.471,0.8367,0.534
2019-04-08,-0.537,155.5,387.51,14.603,2.479,0.8336,0.544
2019-04-09,-0.535,153.75,385.68,14.5187,2.434,0.8464,0.525
2019-04-10,-0.542,156.73,386.68,14.281,2.437,0.831,0.516
2019-04-11,-0.532,157.25,386.91,12.595,2.378,0.8197,0.523
2019-04-12,-0.52,156.24,387.53,11.877,2.486,0.7805,0.575
2019-04-15,-0.526,155.51,388.1,11.4864,2.522,0.7602,0.582
2019-04-16,-0.53,155.93,389.21,11.3012,2.528,0.7413,0.596
2019-04-17,-0.542,154.33,389.59,11.2672,2.533,0.7344,0.622
2019-04-18,-0.546,154.91,390.46,11.0066,2.577,0.7557,0.571
2019-04-19,-0.546,154.91,390.46,11.0066,2.577,0.7557,0.571
2019-04-22,-0.546,154.76,390.46,11.0066,2.577,0.7557,0.571
2019-04-23,-0.535,154.77,391.35,12.204,2.634,0.7381,0.576
2019-04-24,-0.533,157.87,390.98,12.5447,2.646,0.7468,0.521
2019-04-25,-0.543,156.99,390.15,12.9572,2.698,0.7421,0.534
2019-04-26,-0.541,156.76,391.01,12.6034,2.606,0.7495,0.519
2019-04-29,-0.523,156.3,391.32,13.0278,2.582,0.724,0.526
2019-04-30,-0.53,155.61,391.35,13.2624,2.542,0.7129,0.543
2019-05-01,-0.53,155.55,391.09,13.2624,2.542,0.7165,0.543
2019-05-02,-0.525,156.83,388.84,14.3357,2.522,0.6925,0.555
2019-05-03,-0.546,155.87,390.37,13.3808,2.536,0.6962,0.571
2019-05-06,-0.52,155.64,386.95,15.7375,2.573,0.7152,0.526
2019-05-07,-0.547,157.51,381.64,18.0429,2.657,0.7465,0.509
2019-05-08,-0.561,155.83,382.23,17.6428,2.658,0.7796,0.517
2019-05-09,-0.566,156.54,375.92,20.0378,2.73,0.8076,0.519
2019-05-10,-0.543,156.79,377.14,18.5073,2.728,0.8105,0.498
2019-05-13,-0.563,156.04,372.57,19.4264,2.77,0.8444,0.493
2019-05-14,-0.546,155.64,376.34,17.5609,2.799,0.8467,0.476
2019-05-15,-0.564,156.56,378.06,16.7467,2.845,0.8643,0.466
2019-05-16,-0.55,157.49,382.88,15.0605,2.779,0.8607,0.455
2019-05-17,-0.544,155.31,381.51,14.9769,2.764,0.8661,0.44
2019-05-20,-0.549,154.92,377.46,17.3812,2.787,0.8587,0.462
2019-05-21,-0.535,155.63,379.5,15.8302,2.707,0.8563,0.472
2019-05-22,-0.536,153.56,379.19,15.4494,2.718,0.8821,0.45
2019-05-23,-0.539,151.99,373.79,17.637,2.758,0.9367,0.419
2019-05-24,-0.538,153.42,375.89,16.7146,2.67,0.9342,0.421
2019-05-27,-0.529,153.75,376.71,16.2373,2.821,0.9612,0.385
2019-05-28,-0.594,152.19,375.9,16.1658,2.844,0.9599,0.433
2019-05-29,-0.603,151.28,370.51,17.7806,2.82,0.9819,0.424
2019-05-30,-0.591,150.48,372.07,16.7607,2.831,0.9768,0.416
2019-05-31,-0.615,151.56,369.06,17.4218,2.872,0.9934,0.413
2019-06-03,-0.602,152,370.49,17.2417,2.761,1.0125,0.401
2019-06-04,-0.596,152.19,372.67,16.42,2.721,0.9977,0.39
2019-06-05,-0.612,153.71,374.08,16.1034,2.695,0.9737,0.386
2019-06-06,-0.593,148.91,374.01,15.6299,2.726,0.9912,0.354
2019-06-07,-0.607,147.53,377.48,14.9085,2.615,0.9835,0.35
2019-06-10,-0.602,148.05,378.27,14.8913,2.577,0.9411,0.383
2019-06-11,-0.604,149.02,380.89,14.796,2.625,0.9348,0.372
2019-06-12,-0.617,148.41,379.74,14.945,2.669,0.9378,0.381
2019-06-13,-0.604,150.1,380.33,14.3656,2.597,0.9448,0.363
2019-06-14,-0.632,149.44,378.81,14.3629,2.603,0.9473,0.377
2019-06-17,-0.623,149.57,378.46,14.0293,2.542,0.9346,0.379
2019-06-18,-0.679,150.25,384.78,13.2695,2.435,0.9164,0.359
2019-06-19,-0.661,148,384.77,13.6604,2.397,0.8925,0.373
2019-06-20,-0.69,146.03,386.16,13.3474,2.463,0.8681,0.372
2019-06-21,-0.688,145.38,384.76,13.3894,2.434,0.8546,0.403
2019-06-24,-0.694,143.81,383.79,13.9669,2.461,0.8538,0.387
2019-06-25,-0.674,143.91,383.4,13.9815,2.491,0.8694,0.343
2019-06-26,-0.645,141.74,382.2,14.0634,2.444,0.8626,0.342
2019-06-27,-0.642,140.51,382.21,14.1174,2.455,0.8747,0.322
2019-06-28,-0.653,142.78,384.87,13.7342,2.429,0.8675,0.326
2019-07-01,-0.669,143.76,387.87,12.383,2.324,0.8671,0.312
2019-07-02,-0.68,144.55,389.29,11.8371,2.206,0.8702,0.313
2019-07-03,-0.685,145.92,392.58,11.7045,1.969,0.8665,0.3
2019-07-04,-0.685,147.36,392.94,11.7651,2.075,0.8632,0.286
2019-07-05,-0.672,146.39,390.11,12.4185,2.109,0.8427,0.309
2019-07-08,-0.664,146.53,389.9,12.616,2.151,0.8415,0.298
2019-07-09,-0.659,147.49,387.92,12.7504,2.087,0.8504,0.305
2019-07-10,-0.66,145.8,387.15,12.8191,2.043,0.8185,0.353
2019-07-11,-0.66,144.85,386.7,12.4747,1.925,0.7464,0.435
2019-07-12,-0.649,144.79,386.85,12.3888,1.949,0.7296,0.439
2019-07-15,-0.657,144.62,387.75,12.6064,1.898,0.7405,0.406
2019-07-16,-0.655,143.13,389.1,12.1592,1.856,0.7249,0.411
2019-07-17,-0.671,143.98,387.66,12.6034,1.884,0.7494,0.381
2019-07-18,-0.676,144.34,386.8,13.332,1.865,0.7682,0.366
2019-07-19,-0.68,144.86,387.25,13.6973,1.929,0.7679,0.356
2019-07-22,-0.685,144.1,387.74,13.5495,1.999,0.7593,0.339
2019-07-23,-0.686,144.77,391.54,12.7137,1.957,0.7491,0.331
2019-07-24,-0.677,146.14,391.73,13.1227,1.871,0.7506,0.299
2019-07-25,-0.681,145.57,389.52,13.2666,1.88,0.7277,0.318
2019-07-26,-0.663,144.47,390.73,12.669,1.942,0.7332,0.287
2019-07-29,-0.675,145.8,390.85,12.6386,1.964,0.7297,0.284
2019-07-30,-0.672,144.07,385.11,14.4662,1.985,0.7533,0.273
2019-07-31,-0.693,142.19,385.77,14.3909,1.982,0.7716,0.253
2019-08-01,-0.695,143.26,387.68,13.7348,2.031,0.7868,0.245
2019-08-02,-0.711,143.55,378.15,18.3481,2.036,0.8462,0.216
2019-08-05,-0.732,141.23,369.43,21.0618,2.083,0.875,0.216
2019-08-06,-0.736,140.4,367.71,21.3783,2.049,0.8827,0.2
2019-08-07,-0.757,141.27,368.6,21.039,2,0.8871,0.176
2019-08-08,-0.748,141.88,374.71,18.0037,2.094,0.8741,0.188
2019-08-09,-0.758,141.98,371.56,18.9533,2.382,0.8812,0.182
2019-08-12,-0.77,141.62,370.41,19.2544,2.295,0.8829,0.178
2019-08-13,-0.77,140.26,372.4,18.6224,2.227,0.9082,0.161
2019-08-14,-0.769,139.26,366.16,22.0616,2.157,0.9346,0.119
2019-08-15,-0.805,138.86,365.09,22.5419,2.046,0.98,0.0920000000000001
2019-08-16,-0.803,140.69,369.63,20.3841,2.08,0.963,0.118
2019-08-19,-0.793,141.69,373.86,18.2556,2.085,0.924,0.145
2019-08-20,-0.803,139.44,371.3,18.4289,2.063,0.941,0.113
2019-08-21,-0.788,141.23,375.8,16.7721,2.002,0.928,0.118
2019-08-22,-0.763,141.07,374.29,18.2332,1.951,0.9262,0.119
2019-08-23,-0.79,141.31,371.36,20.1473,1.992,0.9243,0.115
2019-08-26,-0.778,140.78,371.28,20.2502,1.991,0.9153,0.112
2019-08-27,-0.82,142.77,373.62,19.4399,1.831,0.9387,0.127
2019-08-28,-0.819,142.32,372.86,19.3267,1.759,0.9555,0.105
2019-08-29,-0.834,141.13,376.74,17.601,1.676,0.935,0.142
2019-08-30,-0.847,144.68,379.48,17.6681,1.698,0.9346,0.147
2019-09-02,-0.843,143.88,380.69,17.5382,1.669,0.9498,0.141
2019-09-03,-0.829,143.23,379.81,18.2403,1.581,0.9681,0.123
2019-09-04,-0.813,143.39,383.18,16.5794,1.484,0.9644,0.139
2019-09-05,-0.781,142.72,385.92,15.5052,1.539,0.9268,0.187
2019-09-06,-0.765,142.7,387.14,14.6313,1.515,0.9565,0.127
2019-09-09,-0.763,141.04,386.06,14.9418,1.529,0.9395,0.178
2019-09-10,-0.747,143.04,386.44,15.2574,1.568,0.9265,0.2
2019-09-11,-0.75,145.19,389.71,15.4354,1.535,0.9524,0.186
2019-09-12,-0.632,143.72,390.48,14.4138,1.383,0.922,0.116
2019-09-13,-0.637,144.82,391.79,13.7364,1.33,0.8904,0.188
2019-09-16,-0.662,144.05,389.53,15.2467,1.323,0.8968,0.182
2019-09-17,-0.655,145.6,389.33,15.5502,1.395,0.9149,0.181
2019-09-18,-0.682,146.84,389.41,15.2097,1.386,0.9481,0.172
2019-09-19,-0.692,147.67,391.8,14.501,1.392,0.9625,0.185
2019-09-20,-0.684,148.69,392.95,13.9744,1.444,0.9716,0.163
2019-09-23,-0.701,147.84,389.8,15.5783,1.412,0.9948,0.12
2019-09-24,-0.685,147.97,389.84,15.9723,1.433,1.0124,0.0850000000000001
2019-09-25,-0.683,148.63,387.59,17.2313,1.418,1.0057,0.108
2019-09-26,-0.698,151.41,389.95,16.587,1.406,1.0061,0.116
2019-09-27,-0.712,151.6,391.79,15.8826,1.397,0.9866,0.139
2019-09-30,-0.681,152.89,393.15,15.8282,1.393,0.9681,0.11
2019-10-01,-0.696,151.8,387.99,17.26,1.422,0.9525,0.132
2019-10-02,-0.685,148.86,377.52,21.0071,1.447,0.9546,0.139
2019-10-03,-0.68,149.34,377.46,20.5011,1.417,0.9893,0.0900000000000001
2019-10-04,-0.683,151.04,380.22,18.5245,1.418,0.985,0.0970000000000001
2019-10-07,-0.68,152.13,382.91,17.856,1.427,0.9815,0.105
2019-10-08,-0.688,150.45,378.71,19.2294,1.437,0.987,0.094
2019-10-09,-0.66,151.96,380.3,18.3918,1.417,0.9713,0.112
2019-10-10,-0.623,151.68,382.76,17.418,1.426,0.9372,0.154
2019-10-11,-0.642,154.9,391.61,15.8911,1.383,0.906,0.2
2019-10-14,-0.62,154.59,389.69,15.9171,1.37,0.9216,0.163
2019-10-15,-0.609,157.81,394.02,14.4716,1.354,0.9016,0.192
2019-10-16,-0.597,158.07,393.46,14.76,1.314,0.8757,0.21
2019-10-17,-0.616,159.48,393.08,14.9276,1.298,0.893,0.208
2019-10-18,-0.626,159.86,391.84,15.3746,1.308,0.8695,0.244
2019-10-21,-0.626,159.53,394.22,14.7438,1.328,0.8461,0.282
2019-10-22,-0.622,160.18,394.59,14.1743,1.292,0.8519,0.254
2019-10-23,-0.62,160.57,395.03,13.4557,1.33,0.8669,0.226
2019-10-24,-0.634,158.93,397.37,13.0918,1.311,0.8593,0.23
2019-10-25,-0.625,158.47,398.01,12.8208,1.314,0.8265,0.263
2019-10-28,-0.628,158.46,398.99,13.2006,1.336,0.8093,0.296
2019-10-29,-0.62,158.89,398.37,13.7262,1.338,0.8254,0.269
2019-10-30,-0.613,159.59,398.7,13.7963,1.344,0.8324,0.259
2019-10-31,-0.632,159.72,396.75,13.7919,1.33,0.852,0.225
2019-11-01,-0.62,158.95,399.43,12.8444,1.375,0.8386,0.238
2019-11-04,-0.603,159.92,403.41,12.9047,1.346,0.8052,0.252
2019-11-05,-0.586,159.32,404.23,12.9226,1.337,0.7698,0.277
2019-11-06,-0.589,159.61,405.07,12.9335,1.336,0.7957,0.256
2019-11-07,-0.581,158.54,406.56,12.7542,1.398,0.7419,0.348
2019-11-08,-0.595,157.73,405.42,12.8514,1.456,0.7721,0.332
2019-11-11,-0.594,158.31,405.34,13.0887,1.506,0.7632,0.349
2019-11-12,-0.613,158.36,406.9,12.6338,1.469,0.7684,0.361
2019-11-13,-0.63,158.86,405.86,12.7955,1.545,0.7956,0.33
2019-11-14,-0.635,159.47,404.41,12.4735,1.676,0.8327,0.284
2019-11-15,-0.634,159.76,406.04,11.537,1.567,0.8306,0.3
2019-11-18,-0.623,162.39,405.99,12.0372,1.544,0.8379,0.287
2019-11-19,-0.627,162.27,405.5,12.3699,1.585,0.8452,0.288
2019-11-20,-0.639,160.5,403.82,12.7274,1.548,0.8646,0.292
2019-11-21,-0.626,159.6,402.22,13.1317,1.502,0.8729,0.301
2019-11-22,-0.635,159.68,403.98,13.0888,1.54,0.8863,0.276
2019-11-25,-0.629,161,408.09,12.3837,1.512,0.8714,0.28
2019-11-26,-0.63,162.76,408.49,12.0954,1.541,0.8706,0.258
2019-11-27,-0.634,162.73,409.81,12.2032,1.579,0.8693,0.262
2019-11-28,-0.631,162.97,409.25,12.7959,1.596,0.8633,0.27
2019-11-29,-0.619,162.52,407.43,13.174,1.591,0.8686,0.259
2019-12-02,-0.613,159.8,401.01,15.8889,1.632,0.8249,0.332
2019-12-03,-0.638,160.36,398.48,16.9096,1.634,0.846,0.29
2019-12-04,-0.636,160.52,403.19,15.2237,1.605,0.8219,0.321
2019-12-05,-0.628,160.72,402.66,15.3707,1.665,0.816,0.334
2019-12-06,-0.635,162.71,407.35,14.1327,1.637,0.803,0.349
2019-12-09,-0.642,163.14,406.39,14.9246,1.583,0.8002,0.335
2019-12-10,-0.646,163.26,405.34,15.022,1.538,0.7838,0.351
2019-12-11,-0.655,162.31,406.22,15.2345,1.525,0.7959,0.334
2019-12-12,-0.638,160.88,407.58,14.6631,1.502,0.775,0.369
2019-12-13,-0.645,162.18,412.02,13.1174,1.548,0.7605,0.356
2019-12-16,-0.651,163.61,417.75,11.644,1.572,0.7426,0.374
2019-12-17,-0.663,162.21,414.92,12.1489,1.568,0.7467,0.368
2019-12-18,-0.66,162.53,414.38,11.8244,1.587,0.7164,0.411
2019-12-19,-0.663,163.6,415.07,12.1761,1.618,0.7122,0.428
2019-12-20,-0.659,163.96,418.4,11.0774,1.659,0.7198,0.407
2019-12-23,-0.625,164.4,418.27,11.6482,1.672,0.7132,0.383
2019-12-24,-0.63,164.79,418.86,11.6482,1.673,0.7121,0.388
2019-12-25,-0.63,164.79,418.86,11.6482,1.673,0.7121,0.388
2019-12-26,-0.63,164.85,418.86,11.6482,1.673,0.7121,0.388
2019-12-27,-0.643,166.58,419.74,12.0913,1.629,0.7251,0.387
2019-12-30,-0.635,166.19,416.17,13.9548,1.597,0.6926,0.45
2019-12-31,-0.635,166.51,415.84,13.9548,1.597,0.6915,0.45
2020-01-01,-0.637,166.51,415.84,13.9548,1.598,0.6925,0.451
2020-01-02,-0.605,167.17,419.72,12.6736,1.636,0.7076,0.382
2020-01-03,-0.599,167.85,418.33,13.9588,1.625,0.7301,0.321
2020-01-06,-0.607,166.55,416.63,15.1404,1.648,0.7377,0.32
2020-01-07,-0.605,167.13,417.67,14.2117,1.662,0.743,0.32
2020-01-08,-0.598,165.3,418.36,14.0401,1.621,0.6876,0.391
2020-01-09,-0.583,164.46,419.64,13.0363,1.557,0.6865,0.404
2020-01-10,-0.584,163.97,419.14,12.3886,1.52,0.6973,0.385
2020-01-13,-0.577,164.24,418.39,12.7138,1.535,0.677,0.418
2020-01-14,-0.568,164.78,419.59,12.4099,1.566,0.6842,0.397
2020-01-15,-0.576,165.33,419.63,12.0408,1.6,0.6947,0.376
2020-01-16,-0.581,166.72,420.54,11.0223,1.655,0.6977,0.362
2020-01-17,-0.567,167.45,424.56,10.6899,1.591,0.6888,0.352
2020-01-20,-0.571,166.86,423.98,11.2522,1.571,0.6813,0.353
2020-01-21,-0.573,167.39,423.38,11.8141,1.619,0.6937,0.325
2020-01-22,-0.573,167.73,423.04,12.2389,1.608,0.6961,0.313
2020-01-23,-0.579,167.96,420.03,13.164,1.562,0.7178,0.271
2020-01-24,-0.584,169.53,423.64,12.6665,1.567,0.7315,0.249
2020-01-27,-0.592,166.83,414.07,17.1711,1.422,0.7583,0.207
2020-01-28,-0.587,166.98,417.56,15.1979,1.373,0.7361,0.246
2020-01-29,-0.592,168.59,419.41,14.4199,1.33,0.7557,0.215
2020-01-30,-0.596,167.76,415.16,16.4174,1.348,0.769,0.19
2020-01-31,-0.6,167.01,410.71,17.1542,1.369,0.7753,0.166
2020-02-03,-0.602,167.25,411.72,16.2837,1.393,0.7939,0.16
2020-02-04,-0.582,167.6,418.47,14.4971,1.35,0.7607,0.183
2020-02-05,-0.579,167.68,423.62,13.6052,1.323,0.7335,0.22
2020-02-06,-0.58,167.73,425.49,12.9889,1.334,0.7494,0.21
2020-02-07,-0.588,167.29,424.36,13.3241,1.329,0.7515,0.202
2020-02-10,-0.578,169.2,424.64,13.7034,1.363,0.7653,0.167
2020-02-11,-0.584,170.21,428.48,12.9201,1.36,0.7499,0.193
2020-02-12,-0.582,169.91,431.16,12.4526,1.292,0.7402,0.204
2020-02-13,-0.591,170.41,431.08,13.2476,1.293,0.742,0.205
2020-02-14,-0.597,173.4,430.52,13.0625,1.322,0.7428,0.196
2020-02-17,-0.595,172.35,431.98,12.9654,1.306,0.7372,0.194
2020-02-18,-0.59,172.78,430.33,13.8431,1.338,0.7412,0.183
2020-02-19,-0.617,173.42,433.9,12.8829,1.371,0.7448,0.199
2020-02-20,-0.617,171.84,430.19,14.09,1.35,0.7628,0.173
2020-02-21,-0.617,171.43,428.07,15.7536,1.342,0.755,0.186
2020-02-24,-0.652,168.59,411.86,22.6584,1.449,0.8007,0.171
2020-02-25,-0.663,165.5,404.6,27.4449,1.5,0.8355,0.151
2020-02-26,-0.666,164.41,404.62,24.5403,1.499,0.8615,0.161
2020-02-27,-0.703,159.18,389.45,34.6989,1.618,0.9106,0.16
2020-02-28,-0.72,153.34,375.65,42.2369,1.709,1.0358,0.113
2020-03-02,-0.763,153.24,375.97,36.1186,1.76,1.0584,0.139
2020-03-03,-0.739,155.65,381.13,33.4532,1.614,1.044,0.114
2020-03-04,-0.772,158.84,386.3,29.7565,1.652,1.0298,0.134
2020-03-05,-0.775,157.31,380.76,33.1404,1.754,1.0714,0.089
2020-03-06,-0.776,152.34,366.8,43.0212,1.783,1.1691,0.0660000000000001
2020-03-09,-0.909,143.18,339.5,54.0993,2.28,1.4938,0.053
2020-03-10,-0.862,139.69,335.64,53.8031,2.118,1.4651,0.072
2020-03-11,-0.874,139.44,333.17,53.7615,1.918,1.4564,0.132
2020-03-12,-0.872,123.35,294.93,71.5196,2.501,1.6341,0.131
2020-03-13,-0.797,121.69,299.16,74.3321,2.329,1.5936,0.253
2020-03-16,-0.84,110.14,284.63,85.6206,2.626,1.7286,0.379
2020-03-17,-0.823,108.26,291.07,77.2625,2.789,1.8916,0.389
2020-03-18,-0.768,103.55,279.66,84.7969,2.669,2.1208,0.533
2020-03-19,-0.687,108.21,287.8,78.3461,1.934,2.2033,0.494
2020-03-20,-0.686,114.41,293.04,68.2146,1.952,2.2456,0.365
2020-03-23,-0.69,108.76,280.43,64.4283,1.956,2.3703,0.315
2020-03-24,-0.631,118.01,304,52.5304,1.887,2.4013,0.309
2020-03-25,-0.595,118.33,313.38,57.1305,1.805,2.3411,0.333
2020-03-26,-0.64,118.63,321.38,54.3148,1.587,2.3284,0.279
2020-03-27,-0.7,114.93,310.9,60.9948,1.801,2.3461,0.226
2020-03-30,-0.691,114.82,314.88,55.6324,1.968,2.3285,0.201
2020-03-31,-0.668,116.09,320.06,48.5926,1.994,2.317,0.197
2020-04-01,-0.613,112.79,310.77,51.1408,1.967,2.3211,0.155
2020-04-02,-0.621,113.99,312.08,49.9156,1.9,2.316,0.188
2020-04-03,-0.637,112.17,309.06,45.8806,1.991,2.3192,0.196
2020-04-06,-0.617,115.88,320.58,43.0301,1.915,2.2928,0.192
2020-04-07,-0.593,119.7,326.61,46.2871,1.925,2.1531,0.284
2020-04-08,-0.587,121.38,326.67,45.2972,1.958,2.0969,0.281
2020-04-09,-0.604,125.53,331.8,44.7106,1.938,1.9597,0.257
2020-04-10,-0.604,125.53,331.8,44.7106,1.938,1.9597,0.257
2020-04-13,-0.604,125.71,331.8,44.7106,1.938,1.9597,0.257
2020-04-14,-0.414,122.47,333.89,40.4768,2.162,1.83,0.037
2020-04-15,-0.474,119.78,323.06,44.9575,2.349,1.8742,0.00899999999999995
2020-04-16,-0.517,118.68,324.92,43.2623,2.307,1.9153,0.043
2020-04-17,-0.533,121.77,333.47,41.201,2.265,1.8962,0.0610000000000001
2020-04-20,-0.525,120.5,335.7,41.2975,2.387,1.9033,0.077
2020-04-21,-0.526,117.9,324.31,48.2215,2.633,1.9426,0.049
2020-04-22,-0.535,118.8,330.14,43.9569,2.486,1.894,0.128
2020-04-23,-0.532,119.08,333.24,40.3534,2.41,1.8421,0.108
2020-04-24,-0.543,118.51,329.59,40.1744,2.312,1.8334,0.0700000000000001
2020-04-27,-0.517,119.31,335.44,34.7193,2.213,1.7774,0.064
2020-04-28,-0.535,120.57,341.09,33.012,2.197,1.7528,0.0660000000000001
2020-04-29,-0.534,123.35,347.06,30.7205,2.251,1.7638,0.039
2020-04-30,-0.543,122.16,340.03,33.9105,2.349,1.7793,-0.0429999999999999
2020-05-01,-0.543,121.25,337.39,33.9105,2.349,1.7776,-0.0429999999999999
2020-05-04,-0.548,117.15,328.44,38.322,2.33,1.804,-0.0149999999999999
2020-05-05,-0.554,121.13,335.5,34.5055,2.445,1.794,-0.0239999999999999
2020-05-06,-0.561,119.75,334.34,34.8075,2.482,1.7851,0.054
2020-05-07,-0.559,122.74,337.98,32.4312,2.464,1.8151,0.014
2020-05-08,-0.545,123.49,341.05,29.6643,2.382,1.8071,0.00800000000000001
2020-05-11,-0.56,122.7,339.7,29.9068,2.391,1.7885,0.048
2020-05-12,-0.559,119.45,340.57,27.6697,2.395,1.8054,0.054
2020-05-13,-0.555,116.96,333.97,33.4196,2.332,1.8411,0.025
2020-05-14,-0.565,115.25,326.71,36.3219,2.36,1.9023,0.0219999999999999
2020-05-15,-0.567,115.22,328.24,34.4706,2.394,1.8963,0.0359999999999999
2020-05-18,-0.558,119.17,341.59,29.0582,2.14,1.8542,0.091
2020-05-19,-0.569,118.59,339.49,30.1699,2.099,1.8398,0.105
2020-05-20,-0.562,117.77,342.82,29.1093,2.101,1.8056,0.094
2020-05-21,-0.571,116.83,340.26,32.315,2.109,1.7703,0.076
2020-05-22,-0.568,117.74,340.17,31.4161,2.084,1.7631,0.081
2020-05-25,-0.537,120.7,345.18,29.1565,2.069,1.7701,0.043
2020-05-26,-0.567,123.83,348.92,28.0385,1.979,1.6787,0.138
2020-05-27,-0.562,124.21,349.75,29.3988,1.916,1.5919,0.148
2020-05-28,-0.566,126.42,355.47,29.0063,1.844,1.5686,0.147
2020-05-29,-0.569,124.57,350.36,31.1263,1.923,1.5715,0.122
2020-06-01,-0.566,126.48,354.2,30.099,1.889,1.5442,0.164
2020-06-02,-0.567,132.21,359.77,30.678,1.916,1.5134,0.152
2020-06-03,-0.565,135.39,368.92,29.6082,1.908,1.4085,0.211
2020-06-04,-0.565,136.69,366.25,27.6617,1.741,1.3022,0.245
2020-06-05,-0.565,139.69,375.32,27.8909,1.689,1.1507,0.288
2020-06-08,-0.56,137.36,374.12,28.1197,1.723,1.1285,0.241
2020-06-09,-0.559,134.03,369.54,29.7453,1.81,1.1618,0.25
2020-06-10,-0.568,132.6,368.15,30.0524,1.882,1.2121,0.237
2020-06-11,-0.562,128.37,353.07,36.0215,1.913,1.3124,0.148
2020-06-12,-0.559,130.12,354.06,41.4116,1.886,1.3291,0.12
2020-06-15,-0.557,130.34,353.09,38.4135,1.904,1.3583,0.111
2020-06-16,-0.569,132.5,363.33,36.0977,1.824,1.251,0.142
2020-06-17,-0.572,132.54,366.02,35.3603,1.808,1.2302,0.18
2020-06-18,-0.564,132.79,363.41,35.0461,1.786,1.2729,0.157
2020-06-19,-0.557,130.57,365.46,32.2142,1.772,1.2779,0.142
2020-06-22,-0.561,130.61,362.7,33.781,1.727,1.3022,0.122
2020-06-23,-0.554,130.1,367.4,31.3419,1.664,1.2928,0.146
2020-06-24,-0.548,126.15,357.17,36.8071,1.707,1.3165,0.108
2020-06-25,-0.545,126.22,359.74,34.6839,1.773,1.343,0.077
2020-06-26,-0.543,126.68,358.32,35.1735,1.774,1.3573,0.0610000000000001
2020-06-29,-0.541,125.97,359.89,34.4922,1.768,1.3607,0.0710000000000001
2020-06-30,-0.545,127.22,360.34,31.7179,1.712,1.3411,0.091
2020-07-01,-0.54,127.27,361.19,30.1305,1.666,1.3161,0.145
2020-07-02,-0.543,129.79,368.29,27.5942,1.639,1.2949,0.115
2020-07-03,-0.548,129.59,365.43,28.2699,1.687,1.2878,0.116
2020-07-06,-0.502,131.82,371.21,27.6015,1.671,1.2663,0.071
2020-07-07,-0.552,129.23,368.96,27.9345,1.633,1.2729,0.123
2020-07-08,-0.555,128.83,366.48,29.5725,1.642,1.2811,0.115
2020-07-09,-0.562,127.41,363.64,30.4505,1.687,1.2852,0.099
2020-07-10,-0.563,129.11,366.83,28.4276,1.691,1.2846,0.0979999999999999
2020-07-13,-0.577,128.97,370.5,27.1352,1.654,1.2665,0.16
2020-07-14,-0.563,127.99,367.4,28.9278,1.659,1.2699,0.116
2020-07-15,-0.565,128.38,373.87,27.5724,1.645,1.2356,0.121
2020-07-16,-0.571,126.48,372.13,26.8067,1.652,1.2222,0.106
2020-07-17,-0.569,126.18,372.71,25.5762,1.617,1.2031,0.122
2020-07-20,-0.535,127.38,375.51,24.2112,1.564,1.1857,0.075
2020-07-21,-0.564,128.69,376.69,23.4879,1.554,1.1435,0.104
2020-07-22,-0.562,128.35,373.44,24.2123,1.526,1.1359,0.0720000000000001
2020-07-23,-0.559,126.61,373.65,23.3144,1.465,1.1277,0.0780000000000001
2020-07-24,-0.55,125.9,367.29,25.5773,1.445,1.1201,0.102
2020-07-27,-0.55,123.93,366.15,25.238,1.479,1.1311,0.0590000000000001
2020-07-28,-0.567,126.51,367.68,24.3987,1.515,1.1278,0.0589999999999999
2020-07-29,-0.569,128.85,367.45,24.2316,1.49,1.1286,0.071
2020-07-30,-0.555,126.48,359.52,28.024,1.512,1.1587,0.013
2020-07-31,-0.561,127.35,356.33,26.6625,1.537,1.1463,0.037
2020-08-03,-0.514,127.55,363.64,25.7571,1.53,1.1605,-0.00900000000000001
2020-08-04,-0.563,128.74,363.39,25.087,1.5,1.1612,0.0099999999999999
2020-08-05,-0.562,131.7,365.16,23.9421,1.478,1.1287,0.056
2020-08-06,-0.569,130.87,362.49,24.9371,1.462,1.1222,0.0379999999999999
2020-08-07,-0.539,131.85,363.55,24.1977,1.437,1.1062,0.03
2020-08-10,-0.566,132.49,364.65,24.1127,1.446,1.088,0.0399999999999999
2020-08-11,-0.571,132.65,370.76,23.3863,1.421,1.0448,0.093
2020-08-12,-0.561,133.28,374.88,22.4674,1.408,1.0158,0.114
2020-08-13,-0.56,132.21,372.53,22.691,1.423,1,0.148
2020-08-14,-0.565,131.08,368.07,23.8671,1.408,1.006,0.144
2020-08-17,-0.562,130.38,369.26,22.7835,1.381,1.0175,0.111
2020-08-18,-0.557,128.76,367.18,23.269,1.389,1.0198,0.094
2020-08-19,-0.559,128.44,369.58,21.9882,1.385,1.0156,0.0870000000000001
2020-08-20,-0.537,131.16,365.64,24.0354,1.41,1.0293,0.041
2020-08-21,-0.554,131.33,365.09,24.3375,1.451,1.0333,0.047
2020-08-24,-0.545,131.63,370.85,23.1101,1.435,1.0154,0.054
2020-08-25,-0.548,130.57,369.75,23.3594,1.457,0.9969,0.117
2020-08-26,-0.549,132.34,373.12,22.0013,1.432,0.9931,0.134
2020-08-27,-0.548,130.85,370.72,23.5584,1.427,0.9921,0.141
2020-08-28,-0.543,131.33,368.8,25.1579,1.453,0.9793,0.134
2020-08-31,-0.544,130.58,366.51,26.7213,1.491,0.9749,0.147
2020-09-01,-0.557,130.78,365.23,27.1192,1.455,0.9893,0.137
2020-09-02,-0.563,132.7,371.28,26.6145,1.445,0.996,0.09
2020-09-03,-0.576,132.33,366.08,29.0121,1.463,0.9916,0.088
2020-09-04,-0.568,126.81,361.93,31.7117,1.488,0.9949,0.096
2020-09-07,-0.569,128.96,367.97,27.922,1.509,0.9916,0.106
2020-09-08,-0.577,128.62,363.75,28.4501,1.523,1.0135,0.082
2020-09-09,-0.568,130.69,369.65,25.8888,1.483,1.0076,0.106
2020-09-10,-0.569,130.28,367.48,25.0052,1.441,1.003,0.136
2020-09-11,-0.58,129.42,367.96,23.7249,1.463,1.0158,0.099
2020-09-14,-0.577,129.09,368.51,22.5682,1.501,1.0113,0.097
2020-09-15,-0.576,129.35,370.96,22.1155,1.477,1.0095,0.097
2020-09-16,-0.58,131.05,373.13,21.9927,1.453,1.0147,0.096
2020-09-17,-0.576,129.98,371.23,22.5468,1.445,1.0011,0.085
2020-09-18,-0.57,127.81,368.78,22.6496,1.447,0.9973,0.085
2020-09-21,-0.568,123.28,356.82,29.8809,1.448,1.0343,0.0379999999999999
2020-09-22,-0.573,123.84,357.55,28.1097,1.371,1.0373,0.0679999999999999
2020-09-23,-0.581,122.55,359.53,27.1669,1.356,1.0438,0.076
2020-09-24,-0.59,122.37,355.85,28.3437,1.395,1.0603,0.089
2020-09-25,-0.588,121.65,355.51,27.8075,1.415,1.0949,0.0589999999999999
2020-09-28,-0.574,124.65,363.39,26.8241,1.407,1.0887,0.0459999999999999
2020-09-29,-0.589,122.7,361.49,26.9026,1.397,1.0919,0.0439999999999999
2020-09-30,-0.599,124.62,361.09,26.0598,1.388,1.0722,0.077
2020-10-01,-0.598,125.38,361.8,26.5374,1.357,1.0669,0.0619999999999999
2020-10-02,-0.595,125.62,362.69,26.8168,1.32,1.0602,0.0589999999999999
2020-10-05,-0.617,126.92,365.63,26.2763,1.318,1.0247,0.107
2020-10-06,-0.619,127.64,365.88,25.2128,1.283,1.0045,0.112
2020-10-07,-0.619,126.21,365.45,24.9744,1.278,0.9877,0.126
2020-10-08,-0.619,127.66,368.31,23.98,1.282,0.9978,0.096
2020-10-09,-0.634,128.1,370.35,22.2369,1.251,0.9894,0.107
2020-10-12,-0.634,129.6,373,22.2531,1.222,0.9942,0.089
2020-10-13,-0.65,128.34,370.96,22.9397,1.214,0.991,0.094
2020-10-14,-0.659,128.26,370.62,23.2425,1.238,1.0075,0.0780000000000001
2020-10-15,-0.669,128.42,362.91,26.8422,1.307,1.029,0.0590000000000001
2020-10-16,-0.674,126.48,367.48,25.3165,1.273,1.0298,0.052
2020-10-19,-0.693,127.26,366.81,26.6186,1.348,1.0229,0.0649999999999999
2020-10-20,-0.696,127.76,365.51,27.6293,1.334,1.0092,0.09
2020-10-21,-0.697,125.15,360.79,29.4488,1.37,0.989,0.109
2020-10-22,-0.702,124.89,360.27,28.9879,1.369,0.9872,0.136
2020-10-23,-0.698,125.04,362.5,28.157,1.332,0.9906,0.124
2020-10-26,-0.698,123.38,355.95,31.7557,1.319,1.0016,0.118
2020-10-27,-0.694,122.02,352.58,32.7397,1.315,1.0121,0.079
2020-10-28,-0.678,117.78,342.17,38.2587,1.39,1.0443,0.053
2020-10-29,-0.701,119.53,341.76,37.5504,1.328,1.0516,0.0649999999999999
2020-10-30,-0.702,120.11,342.36,35.3472,1.387,1.0575,0.075
2020-11-02,-0.705,121.41,347.86,35.233,1.388,1.0697,0.0649999999999999
2020-11-03,-0.701,123.29,356.01,32.763,1.354,1.0338,0.081
2020-11-04,-0.706,127.01,363.31,28.0023,1.325,1.0322,0.0679999999999999
2020-11-05,-0.697,127.65,367.12,26.3725,1.305,0.9989,0.0599999999999999
2020-11-06,-0.704,127.24,366.4,25.6153,1.261,0.9783,0.083
2020-11-09,-0.677,130.11,380.99,23.8631,1.266,0.8604,0.168
2020-11-10,-0.672,132.03,384.42,25.0803,1.247,0.8391,0.187
2020-11-11,-0.676,135.42,388.56,23.1256,1.245,0.8439,0.169
2020-11-12,-0.67,133.88,385.16,23.3023,1.22,0.8641,0.134
2020-11-13,-0.666,134.43,385.18,23.1431,1.212,0.8701,0.119
2020-11-16,-0.665,135.63,389.74,22.3849,1.197,0.8488,0.12
2020-11-17,-0.662,136.29,388.82,22.2529,1.202,0.8568,0.0990000000000001
2020-11-18,-0.664,137.54,390.54,20.9029,1.209,0.8469,0.11
2020-11-19,-0.655,136.86,387.6,21.9714,1.213,0.8598,0.0840000000000001
2020-11-20,-0.664,136.37,389.61,21.4393,1.216,0.8542,0.0810000000000001
2020-11-23,-0.66,135.25,388.84,22.4894,1.205,0.8493,0.0790000000000001
2020-11-24,-0.666,135.98,392.39,21.3674,1.175,0.8183,0.103
2020-11-25,-0.669,137.25,392.09,20.7778,1.183,0.819,0.101
2020-11-26,-0.669,137.5,391.63,20.2346,1.189,0.8349,0.0810000000000001
2020-11-27,-0.671,136.43,393.23,20.0788,1.182,0.8375,0.0830000000000001
2020-11-30,-0.671,136.47,389.36,22.9149,1.197,0.8297,0.1
2020-12-01,-0.675,137.11,391.9,21.3014,1.202,0.8143,0.147
2020-12-02,-0.677,136.96,391.69,21.694,1.151,0.8007,0.158
2020-12-03,-0.686,137.39,391.72,21.3172,1.158,0.8144,0.13
2020-12-04,-0.681,137.94,394.04,20.8186,1.172,0.7964,0.134
2020-12-07,-0.695,137.69,392.84,21.4355,1.192,0.8033,0.113
2020-12-08,-0.694,138.04,393.64,20.5353,1.197,0.8089,0.087
2020-12-09,-0.723,137.75,394.9,20.0186,1.187,0.8077,0.118
2020-12-10,-0.721,138.06,393.15,20.6617,1.165,0.8157,0.118
2020-12-11,-0.724,138.23,390.12,23.6144,1.194,0.8303,0.088
2020-12-14,-0.745,138.5,391.85,22.521,1.161,0.8244,0.125
2020-12-15,-0.737,138.98,392.84,21.7301,1.13,0.8254,0.126
2020-12-16,-0.73,140.73,396.08,21.1372,1.103,0.8128,0.163
2020-12-17,-0.725,141.82,397.28,20.5099,1.11,0.8081,0.155
2020-12-18,-0.725,139.17,395.9,21.6252,1.136,0.8072,0.154
2020-12-21,-0.709,136.17,386.69,27.2641,1.149,0.8181,0.129
2020-12-22,-0.707,137.92,391.25,25.2067,1.15,0.835,0.112
2020-12-23,-0.705,140.48,395.49,23.1531,1.132,0.8221,0.158
2020-12-24,-0.707,141.11,395.98,23.1531,1.133,0.822,0.159
2020-12-25,-0.707,141.11,395.98,23.1531,1.133,0.822,0.159
2020-12-28,-0.714,141.66,398.58,21.7054,1.104,0.839,0.149
2020-12-29,-0.703,142.94,401.61,22.3828,1.128,0.8081,0.132
2020-12-30,-0.708,142.65,400.25,23.369,1.112,0.8131,0.139
2020-12-31,-0.711,142.36,399.03,23.369,1.112,0.8121,0.142
2021-01-01,-0.711,142.36,399.03,23.369,1.112,0.8121,0.142
2021-01-04,-0.675,141.14,401.69,24.8416,1.152,0.8258,0.0710000000000001
2021-01-05,-0.656,141.61,400.94,25.1986,1.143,0.8004,0.0790000000000001
2021-01-06,-0.659,139.62,406.41,21.4423,1.087,0.7522,0.139
2021-01-07,-0.661,138.38,408.49,21.0154,1.08,0.7479,0.139
2021-01-08,-0.655,138.76,411.17,20.5276,1.05,0.7374,0.136
2021-01-11,-0.651,137.58,408.41,21.9797,1.06,0.7308,0.155
2021-01-12,-0.621,136.16,408.61,21.9516,1.118,0.736,0.153
2021-01-13,-0.628,137.56,409.07,21.0937,1.122,0.7679,0.106
2021-01-14,-0.634,139.68,412,19.6932,1.193,0.7757,0.084
2021-01-15,-0.637,137.66,407.85,22.4344,1.157,0.7811,0.094
2021-01-18,-0.626,137.65,408.68,21.9473,1.158,0.7804,0.099
2021-01-19,-0.623,136.92,407.92,21.749,1.114,0.7775,0.097
2021-01-20,-0.623,137.26,410.84,20.2772,1.148,0.7686,0.094
2021-01-21,-0.618,134.39,410.89,19.9362,1.182,0.7558,0.122
2021-01-22,-0.615,134.59,408.54,21.317,1.263,0.7612,0.103
2021-01-25,-0.633,134.65,405.13,26.0059,1.228,0.7759,0.083
2021-01-26,-0.637,136.27,407.7,23.0994,1.18,0.7762,0.104
2021-01-27,-0.639,138.58,402.98,26.7698,1.201,0.7889,0.093
2021-01-28,-0.66,137.56,403.39,25.9287,1.175,0.8012,0.121
